ISO-10303-21;
HEADER;
FILE_DESCRIPTION (( 'STEP AP203' ),
    '1' );
FILE_NAME ('FIT-L10X13(-BK).STEP',
    '2014-06-27T02:32:13',
    ( 'SJLEE' ),
    ( '' ),
    'SwSTEP 2.0',
    'SolidWorks 2012',
    '' );
FILE_SCHEMA (( 'CONFIG_CONTROL_DESIGN' ));
ENDSEC;

DATA;
#1 = CARTESIAN_POINT ( 'NONE',  ( -18.15733550181817400, 0.4578430877476826800, -10.78364960968506700 ) ) ;
#2 = CARTESIAN_POINT ( 'NONE',  ( -7.357335501815168000, 0.4578430877476830600, -11.99608517498512600 ) ) ;
#3 = CARTESIAN_POINT ( 'NONE',  ( -15.85733550181817400, 4.957843087747684200, 9.000000000016143500 ) ) ;
#4 = CARTESIAN_POINT ( 'NONE',  ( -20.40859438061202300, -3.501954886895683100, 11.47487373416987200 ) ) ;
#5 = CARTESIAN_POINT ( 'NONE',  ( -21.95733550181910600, 0.9047729126337382700, -1.499999999984807900 ) ) ;
#6 = CARTESIAN_POINT ( 'NONE',  ( -9.207335501818599600, -6.903372844419309700, -7.999999999964727800 ) ) ;
#7 = CARTESIAN_POINT ( 'NONE',  ( 2.038378783889261300, 0.4578430877476840100, 14.50000000001182300 ) ) ;
#8 = CARTESIAN_POINT ( 'NONE',  ( -4.957335501819235500, 0.4578430877451241700, -7.999999999964727800 ) ) ;
#9 = CARTESIAN_POINT ( 'NONE',  ( -21.95733550181910200, 0.4578430877476831800, -1.499999999964727500 ) ) ;
#10 = CARTESIAN_POINT ( 'NONE',  ( -21.95733550181910200, 1.348198053921689800, -1.535431677632610000 ) ) ;
#11 = CARTESIAN_POINT ( 'NONE',  ( -21.95733550181909900, 2.228590136762287800, -1.671586191080215000 ) ) ;
#12 = CARTESIAN_POINT ( 'NONE',  ( -21.95733550181910200, 2.668235181764474300, -1.773192679604792100 ) ) ;
#13 = CARTESIAN_POINT ( 'NONE',  ( -21.95733550181860800, 3.096024279400222800, -1.899999999983805300 ) ) ;
#14 = CARTESIAN_POINT ( 'NONE',  ( -21.95733550181910200, 0.4578430877476831800, -7.999999999964727800 ) ) ;
#15 = CARTESIAN_POINT ( 'NONE',  ( -21.95733550181910600, 0.01043451368467855600, -7.999999999963812100 ) ) ;
#16 = CARTESIAN_POINT ( 'NONE',  ( -13.45733550181817500, 0.4578430877476835600, -1.499999999983998600 ) ) ;
#17 = DIRECTION ( 'NONE',  ( 0.0000000000000000000, 3.081487911019577400E-033, 1.000000000000000000 ) ) ;
#18 = DIRECTION ( 'NONE',  ( -1.000000000000000000, -4.464361886705018100E-017, 0.0000000000000000000 ) ) ;
#19 = CARTESIAN_POINT ( 'NONE',  ( -4.957335501819101400, 0.9047729126337692400, -7.999999999965796200 ) ) ;
#20 = CARTESIAN_POINT ( 'NONE',  ( -21.95733550181910600, -0.4401212776422920300, -7.963753960787763700 ) ) ;
#21 = CARTESIAN_POINT ( 'NONE',  ( -21.95733550181910600, -1.319943859271401700, -7.826956539399939000 ) ) ;
#22 = CARTESIAN_POINT ( 'NONE',  ( -21.95733550181909900, -1.752985377304035100, -7.726677969124127200 ) ) ;
#23 = CARTESIAN_POINT ( 'NONE',  ( -21.95733550181745700, -2.180338103908871200, -7.599999999964829600 ) ) ;
#24 = CARTESIAN_POINT ( 'NONE',  ( -19.99206743357821000, -5.584282248594972100, -7.599999999964827800 ) ) ;
#25 = CARTESIAN_POINT ( 'NONE',  ( -6.922603570057599000, -5.584282248590958500, -1.899999999983808600 ) ) ;
#26 = CARTESIAN_POINT ( 'NONE',  ( -19.24670660262111400, -6.014616524991454000, -7.855123549202371400 ) ) ;
#27 = CARTESIAN_POINT ( 'NONE',  ( -4.957335501818968200, 1.348198053922178700, -7.964568322317799000 ) ) ;
#28 = CARTESIAN_POINT ( 'NONE',  ( -4.957335501818701800, 2.228590136763650700, -7.828413808869675500 ) ) ;
#29 = CARTESIAN_POINT ( 'NONE',  ( -4.957335501818569400, 2.668235181766255500, -7.726807320344780000 ) ) ;
#30 = CARTESIAN_POINT ( 'NONE',  ( -4.957335501816796600, 3.096024279401616000, -7.599999999963608300 ) ) ;
#31 = CARTESIAN_POINT ( 'NONE',  ( -7.667964401015273900, -6.014616524987775200, -1.644876450743492500 ) ) ;
#32 = CARTESIAN_POINT ( 'NONE',  ( -18.48562369624410100, -6.454027945863847600, -7.999999999962339500 ) ) ;
#33 = CARTESIAN_POINT ( 'NONE',  ( -17.70733550181935100, -6.903372844422086100, -7.999999999964727800 ) ) ;
#34 = CARTESIAN_POINT ( 'NONE',  ( -11.49206743357102800, 9.138149615737692200, -1.899999999980502400 ) ) ;
#35 = CARTESIAN_POINT ( 'NONE',  ( -8.429047307393332700, -6.454027945860770100, -1.499999999983131700 ) ) ;
#36 = CARTESIAN_POINT ( 'NONE',  ( -9.207335501818599600, -6.903372844419309700, -1.499999999983998600 ) ) ;
#37 = CARTESIAN_POINT ( 'NONE',  ( -11.49206743357902000, -8.222463440245420000, -7.599999999966970100 ) ) ;
#38 = CARTESIAN_POINT ( 'NONE',  ( -10.74670660262082600, -7.792129163850201900, -7.855123549205449000 ) ) ;
#39 = CARTESIAN_POINT ( 'NONE',  ( -13.45733550181817500, 0.4578430877476835600, -1.499999999983998600 ) ) ;
#40 = DIRECTION ( 'NONE',  ( 0.0000000000000000000, 3.081487911019577400E-033, 1.000000000000000000 ) ) ;
#41 = DIRECTION ( 'NONE',  ( -1.000000000000000000, -4.464361886705018100E-017, 0.0000000000000000000 ) ) ;
#42 = CARTESIAN_POINT ( 'NONE',  ( -10.74670660261603100, 8.707815339342422700, -1.644876450741986200 ) ) ;
#43 = CARTESIAN_POINT ( 'NONE',  ( -9.985623696243328200, -7.352717742977530300, -7.999999999965595500 ) ) ;
#44 = CARTESIAN_POINT ( 'NONE',  ( -9.207335501818599600, -6.903372844419309700, -7.999999999964727800 ) ) ;
#45 = CARTESIAN_POINT ( 'NONE',  ( -19.24670660262219700, 6.930302700480691400, -1.644876450742319900 ) ) ;
#46 = CARTESIAN_POINT ( 'NONE',  ( -9.985623696241102500, 8.268403918471234300, -1.499999999982798000 ) ) ;
#47 = CARTESIAN_POINT ( 'NONE',  ( -9.207335501818764800, 7.819059019914393000, -1.499999999983998600 ) ) ;
#48 = CARTESIAN_POINT ( 'NONE',  ( -17.70733550181696700, 7.819059019913324500, -7.999999999964727800 ) ) ;
#49 = CARTESIAN_POINT ( 'NONE',  ( -13.45733550181735100, 0.4578430877476835600, -6.699999999968866000 ) ) ;
#50 = DIRECTION ( 'NONE',  ( 0.0000000000000000000, 3.081487911019577400E-033, 1.000000000000000000 ) ) ;
#51 = DIRECTION ( 'NONE',  ( -1.000000000000000000, -4.865009748331692900E-017, 0.0000000000000000000 ) ) ;
#52 = CARTESIAN_POINT ( 'NONE',  ( -13.45733550181817500, 0.4578430877476835600, -7.999999999964727800 ) ) ;
#53 = DIRECTION ( 'NONE',  ( 0.0000000000000000000, -3.081487911019577400E-033, -1.000000000000000000 ) ) ;
#54 = DIRECTION ( 'NONE',  ( 1.000000000000000000, 4.464361886705018100E-017, 0.0000000000000000000 ) ) ;
#55 = CARTESIAN_POINT ( 'NONE',  ( -13.45733550181735100, 0.4578430877476835600, -8.496085174983333500 ) ) ;
#56 = DIRECTION ( 'NONE',  ( 0.0000000000000000000, 3.081487911019577400E-033, 1.000000000000000000 ) ) ;
#57 = DIRECTION ( 'NONE',  ( -1.000000000000000000, -4.755272686337784700E-017, 0.0000000000000000000 ) ) ;
#58 = CARTESIAN_POINT ( 'NONE',  ( -13.45733550181817500, 0.4578430877476835600, -7.599999999964921000 ) ) ;
#59 = DIRECTION ( 'NONE',  ( 0.0000000000000000000, 3.081487911019577400E-033, 1.000000000000000000 ) ) ;
#60 = DIRECTION ( 'NONE',  ( -1.000000000000000000, -4.263716408650952400E-017, 0.0000000000000000000 ) ) ;
#61 = CARTESIAN_POINT ( 'NONE',  ( -13.45733550181817500, 0.4578430877476835600, -7.599999999964829600 ) ) ;
#62 = DIRECTION ( 'NONE',  ( 0.0000000000000000000, 3.081487911019577400E-033, 1.000000000000000000 ) ) ;
#63 = DIRECTION ( 'NONE',  ( -1.000000000000000000, -4.263716408650907400E-017, 0.0000000000000000000 ) ) ;
#64 = CARTESIAN_POINT ( 'NONE',  ( -13.45733550181817500, 0.4578430877476835600, -7.599999999965436200 ) ) ;
#65 = DIRECTION ( 'NONE',  ( 0.0000000000000000000, 3.081487911019577400E-033, 1.000000000000000000 ) ) ;
#66 = DIRECTION ( 'NONE',  ( -1.000000000000000000, -4.263716408651198900E-017, 0.0000000000000000000 ) ) ;
#67 = CARTESIAN_POINT ( 'NONE',  ( -18.48616897777859700, 7.369399302912981400, -7.999999999967106300 ) ) ;
#68 = CARTESIAN_POINT ( 'NONE',  ( -19.99206743358080400, 6.499968424083338200, -1.899999999983286600 ) ) ;
#69 = CARTESIAN_POINT ( 'NONE',  ( -13.45733550181735100, 0.4578430877476835600, -6.699999999968866000 ) ) ;
#70 = DIRECTION ( 'NONE',  ( 0.0000000000000000000, 3.081487911019577400E-033, 1.000000000000000000 ) ) ;
#71 = DIRECTION ( 'NONE',  ( -1.000000000000000000, -4.755272686337784700E-017, 0.0000000000000000000 ) ) ;
#72 = CARTESIAN_POINT ( 'NONE',  ( -19.24627163234599100, 6.930553830686747600, -7.855272431675372100 ) ) ;
#73 = CARTESIAN_POINT ( 'NONE',  ( -19.99206743358118000, 6.499968424083689000, -7.599999999964921000 ) ) ;
#74 = CARTESIAN_POINT ( 'NONE',  ( -18.48562369624303500, 7.369714121354324000, -1.499999999981544800 ) ) ;
#75 = CARTESIAN_POINT ( 'NONE',  ( -17.70733550181696700, 7.819059019913324500, -1.499999999983998600 ) ) ;
#76 = CARTESIAN_POINT ( 'NONE',  ( -13.45733550181817500, 0.4578430877476835600, -7.999999999964727800 ) ) ;
#77 = DIRECTION ( 'NONE',  ( 0.0000000000000000000, -3.081487911019577400E-033, -1.000000000000000000 ) ) ;
#78 = DIRECTION ( 'NONE',  ( 1.000000000000000000, 4.464361886705018100E-017, 0.0000000000000000000 ) ) ;
#79 = CARTESIAN_POINT ( 'NONE',  ( -9.207335501818764800, 7.819059019914393000, -1.499999999983998600 ) ) ;
#80 = CARTESIAN_POINT ( 'NONE',  ( -8.428502025858625400, 7.369399302914910500, -1.499999999982835700 ) ) ;
#81 = CARTESIAN_POINT ( 'NONE',  ( -13.45733550181817500, 0.4578430877476835600, -7.999999999964727800 ) ) ;
#82 = DIRECTION ( 'NONE',  ( 0.0000000000000000000, -3.081487911019577400E-033, -1.000000000000000000 ) ) ;
#83 = DIRECTION ( 'NONE',  ( 1.000000000000000000, 4.464361886705018100E-017, 0.0000000000000000000 ) ) ;
#84 = CARTESIAN_POINT ( 'NONE',  ( -4.957335501818441500, 3.096024279401693200, -1.899999999983022800 ) ) ;
#85 = CARTESIAN_POINT ( 'NONE',  ( -7.668399371292499800, 6.930553830689409400, -1.644727568274027900 ) ) ;
#86 = CARTESIAN_POINT ( 'NONE',  ( -6.922603570057914300, 6.499968424088596200, -1.899999999985118500 ) ) ;
#87 = CARTESIAN_POINT ( 'NONE',  ( -17.70733550181935100, -6.903372844422086100, -7.999999999964727800 ) ) ;
#88 = CARTESIAN_POINT ( 'NONE',  ( -13.45733550181817500, 0.4578430877476835600, -7.999999999964727800 ) ) ;
#89 = DIRECTION ( 'NONE',  ( 0.0000000000000000000, -3.081487911019577400E-033, -1.000000000000000000 ) ) ;
#90 = DIRECTION ( 'NONE',  ( 1.000000000000000000, 4.464361886705018100E-017, 0.0000000000000000000 ) ) ;
#91 = CARTESIAN_POINT ( 'NONE',  ( -4.957335501818569400, 2.668235181765959800, -1.773192679603890200 ) ) ;
#92 = CARTESIAN_POINT ( 'NONE',  ( -13.45733550181735100, 0.4578430877476835600, -8.496085174983333500 ) ) ;
#93 = DIRECTION ( 'NONE',  ( 0.0000000000000000000, 3.081487911019577400E-033, 1.000000000000000000 ) ) ;
#94 = DIRECTION ( 'NONE',  ( -1.000000000000000000, -4.594077002051818300E-017, 0.0000000000000000000 ) ) ;
#95 = CARTESIAN_POINT ( 'NONE',  ( -16.92850202586219400, -7.353032561419839300, -7.999999999962412300 ) ) ;
#96 = CARTESIAN_POINT ( 'NONE',  ( -4.957335501818702600, 2.228590136763520600, -1.671586191079022400 ) ) ;
#97 = CARTESIAN_POINT ( 'NONE',  ( -4.957335501818965500, 1.348198053922123700, -1.535431677630923100 ) ) ;
#98 = CARTESIAN_POINT ( 'NONE',  ( -4.957335501819102300, 0.9047729126337448200, -1.499999999982931000 ) ) ;
#99 = CARTESIAN_POINT ( 'NONE',  ( -4.957335501819235500, 0.4578430877451241700, -1.499999999983998600 ) ) ;
#100 = CARTESIAN_POINT ( 'NONE',  ( -21.95733550181910600, 2.668235181765382400, -7.726807320343700000 ) ) ;
#101 = CARTESIAN_POINT ( 'NONE',  ( -21.95733550181910200, 3.096024279400963600, -7.599999999964780700 ) ) ;
#102 = CARTESIAN_POINT ( 'NONE',  ( -16.16839937129836700, -7.791878033644016100, -7.855272431672276000 ) ) ;
#103 = CARTESIAN_POINT ( 'NONE',  ( -15.42260357006674300, -8.222463440245585200, -7.599999999964728300 ) ) ;
#104 = CARTESIAN_POINT ( 'NONE',  ( -21.95733550181910900, 2.228590136763393600, -7.828413808868277500 ) ) ;
#105 = CARTESIAN_POINT ( 'NONE',  ( -21.95733550181909900, 1.348198053923191000, -7.964568322315942700 ) ) ;
#106 = CARTESIAN_POINT ( 'NONE',  ( -21.95733550181909500, 0.9047729126354422400, -7.999999999963815600 ) ) ;
#107 = CARTESIAN_POINT ( 'NONE',  ( -21.95733550181910200, 0.4578430877476831800, -7.999999999964727800 ) ) ;
#108 = CARTESIAN_POINT ( 'NONE',  ( -6.922603570059558300, 6.499968424087078300, -7.599999999965845600 ) ) ;
#109 = CARTESIAN_POINT ( 'NONE',  ( -7.667964401016692300, 6.930302700483582400, -7.855123549205802500 ) ) ;
#110 = CARTESIAN_POINT ( 'NONE',  ( -13.45733550181817500, 0.4578430877476835600, -7.999999999964727800 ) ) ;
#111 = DIRECTION ( 'NONE',  ( 0.0000000000000000000, -3.081487911019577400E-033, -1.000000000000000000 ) ) ;
#112 = DIRECTION ( 'NONE',  ( 1.000000000000000000, 4.464361886705018100E-017, 0.0000000000000000000 ) ) ;
#113 = CARTESIAN_POINT ( 'NONE',  ( -4.957335501820030500, -2.180338103908748200, -7.599999999965953100 ) ) ;
#114 = CARTESIAN_POINT ( 'NONE',  ( -8.429047307394123200, 7.369714121356214100, -7.999999999965928600 ) ) ;
#115 = CARTESIAN_POINT ( 'NONE',  ( -9.207335501818766600, 7.819059019914391200, -7.999999999964727800 ) ) ;
#116 = CARTESIAN_POINT ( 'NONE',  ( -13.45733550181817500, 0.4578430877476835600, -7.599999999965985100 ) ) ;
#117 = DIRECTION ( 'NONE',  ( 0.0000000000000000000, 3.081487911019577400E-033, 1.000000000000000000 ) ) ;
#118 = DIRECTION ( 'NONE',  ( -1.000000000000000000, -4.263716408651460900E-017, 0.0000000000000000000 ) ) ;
#119 = CARTESIAN_POINT ( 'NONE',  ( -4.957335501819900800, -1.752985377304562100, -7.726677969126550100 ) ) ;
#120 = CARTESIAN_POINT ( 'NONE',  ( -13.45733550181817500, 0.4578430877476835600, -7.599999999963608300 ) ) ;
#121 = DIRECTION ( 'NONE',  ( 0.0000000000000000000, 3.081487911019577400E-033, 1.000000000000000000 ) ) ;
#122 = LINE ( 'NONE', #172, #128 ) ;
#123 = LINE ( 'NONE', #191, #3653 ) ;
#124 = CIRCLE ( 'NONE', #386, 5.900000000006939700 ) ;
#125 = CIRCLE ( 'NONE', #391, 8.899999999999293400 ) ;
#126 = CIRCLE ( 'NONE', #392, 7.800000000001120700 ) ;
#127 = CIRCLE ( 'NONE', #387, 8.500000000000000000 ) ;
#128 = VECTOR ( 'NONE', #179, 1000.000000000000000 ) ;
#129 = CIRCLE ( 'NONE', #390, 8.899999999997760400 ) ;
#130 = CIRCLE ( 'NONE', #385, 8.500000000000000000 ) ;
#131 = CIRCLE ( 'NONE', #388, 8.899999999998746200 ) ;
#132 = CIRCLE ( 'NONE', #389, 8.900000000001123000 ) ;
#133 = LINE ( 'NONE', #187, #617 ) ;
#134 = DIRECTION ( 'NONE',  ( -1.000000000000000000, -4.263716408650321900E-017, 0.0000000000000000000 ) ) ;
#135 = CARTESIAN_POINT ( 'NONE',  ( -16.16796440101632000, 8.707815339343303800, -7.855123549207301700 ) ) ;
#136 = CARTESIAN_POINT ( 'NONE',  ( -4.957335501819772900, -1.319943859272276500, -7.826956539402217100 ) ) ;
#137 = CARTESIAN_POINT ( 'NONE',  ( -4.957335501819505600, -0.4401212776439064100, -7.963753960789819800 ) ) ;
#138 = CARTESIAN_POINT ( 'NONE',  ( -4.957335501819370500, 0.01043451368266471100, -7.999999999965806900 ) ) ;
#139 = CARTESIAN_POINT ( 'NONE',  ( -4.957335501819235500, 0.4578430877451241700, -7.999999999964727800 ) ) ;
#140 = CARTESIAN_POINT ( 'NONE',  ( -17.70733550181696700, 7.819059019913324500, -1.499999999983998600 ) ) ;
#141 = CARTESIAN_POINT ( 'NONE',  ( -16.92850202585758300, 8.268718736912363800, -1.499999999981622000 ) ) ;
#142 = CARTESIAN_POINT ( 'NONE',  ( -13.45733550181817500, 0.4578430877476835600, -7.599999999966970100 ) ) ;
#143 = DIRECTION ( 'NONE',  ( 0.0000000000000000000, 3.081487911019577400E-033, 1.000000000000000000 ) ) ;
#144 = DIRECTION ( 'NONE',  ( -1.000000000000000000, -4.263716408651932900E-017, 0.0000000000000000000 ) ) ;
#145 = CARTESIAN_POINT ( 'NONE',  ( -16.16839937129222100, 8.707564209137423500, -1.644727568272518200 ) ) ;
#146 = CARTESIAN_POINT ( 'NONE',  ( -15.42260357006014200, 9.138149615741161500, -1.899999999982741900 ) ) ;
#147 = CARTESIAN_POINT ( 'NONE',  ( -13.45733550181817500, -7.542156912252771400, 8.949747468321406900 ) ) ;
#148 = CARTESIAN_POINT ( 'NONE',  ( -12.97999517240145400, -7.542156912252772300, 9.332470763289768100 ) ) ;
#149 = CARTESIAN_POINT ( 'NONE',  ( -13.45733550181817500, 0.4578430877476835600, -1.899999999983290200 ) ) ;
#150 = DIRECTION ( 'NONE',  ( 0.0000000000000000000, -3.081487911019577400E-033, -1.000000000000000000 ) ) ;
#151 = DIRECTION ( 'NONE',  ( 1.000000000000000000, 4.263716408651198900E-017, 0.0000000000000000000 ) ) ;
#152 = CARTESIAN_POINT ( 'NONE',  ( -4.960660910702205100, 9.260316740828972800, -6.990715379620246500E-013 ) ) ;
#153 = CARTESIAN_POINT ( 'NONE',  ( -12.50301398903015700, -7.468979695299656100, 9.715030191521904600 ) ) ;
#154 = CARTESIAN_POINT ( 'NONE',  ( -11.79849455652375500, -7.249409178410635600, 10.25694771305467500 ) ) ;
#155 = CARTESIAN_POINT ( 'NONE',  ( -11.56474758214981500, -7.157566694592973500, 10.43278110310029100 ) ) ;
#156 = CARTESIAN_POINT ( 'NONE',  ( -11.10528889783245700, -6.938291921889630800, 10.76586808850022900 ) ) ;
#157 = CARTESIAN_POINT ( 'NONE',  ( -10.87863953038481500, -6.810641234098390800, 10.92390383359492600 ) ) ;
#158 = CARTESIAN_POINT ( 'NONE',  ( -10.65414724979795700, -6.663477255812316500, 11.07106781188099400 ) ) ;
#159 = CARTESIAN_POINT ( 'NONE',  ( -15.42260357005976000, 9.138149615739479300, -7.599999999967708100 ) ) ;
#160 = CARTESIAN_POINT ( 'NONE',  ( -16.92904730739309800, 8.268403918471049600, -7.999999999967182700 ) ) ;
#161 = CARTESIAN_POINT ( 'NONE',  ( -17.70733550181696700, 7.819059019913324500, -7.999999999964727800 ) ) ;
#162 = CARTESIAN_POINT ( 'NONE',  ( -4.957335501819370500, 0.01043451368215004400, -1.499999999982919200 ) ) ;
#163 = CARTESIAN_POINT ( 'NONE',  ( -4.957335501819235500, 0.4578430877451241700, -1.499999999983998600 ) ) ;
#164 = CARTESIAN_POINT ( 'NONE',  ( -5.249999999999652700, 9.093266739736005600, 0.0000000000000000000 ) ) ;
#165 = CARTESIAN_POINT ( 'NONE',  ( -13.45733550181735100, 0.4578430877476835600, -7.999999999964727800 ) ) ;
#166 = DIRECTION ( 'NONE',  ( 0.0000000000000000000, 3.081487911019577400E-033, 1.000000000000000000 ) ) ;
#167 = DIRECTION ( 'NONE',  ( -1.000000000000000000, -4.865009748331692900E-017, 0.0000000000000000000 ) ) ;
#168 = CARTESIAN_POINT ( 'NONE',  ( -4.957335501819506400, -0.4401212776442676200, -1.536246039158944300 ) ) ;
#169 = CARTESIAN_POINT ( 'NONE',  ( -4.957335501819770200, -1.319943859272507900, -1.673043460546561800 ) ) ;
#170 = CARTESIAN_POINT ( 'NONE',  ( -4.957335501819900800, -1.752985377304780800, -1.773322030822229100 ) ) ;
#171 = CARTESIAN_POINT ( 'NONE',  ( -4.957335501819535800, -2.180338103908901800, -1.899999999983290200 ) ) ;
#172 = CARTESIAN_POINT ( 'NONE',  ( -1.874722233652879900, 11.04198426672607300, 15.00000000000000000 ) ) ;
#173 = CARTESIAN_POINT ( 'NONE',  ( -4.671494515134161100, 9.427267037150770100, 0.01610169003614410700 ) ) ;
#174 = CARTESIAN_POINT ( 'NONE',  ( -4.100170005813837700, 9.757121396401492700, 0.07851511230164259800 ) ) ;
#175 = CARTESIAN_POINT ( 'NONE',  ( -3.816936095738746400, 9.920646570626976400, 0.1248083777871814600 ) ) ;
#176 = CARTESIAN_POINT ( 'NONE',  ( -2.973904438448452800, 10.40737112489890300, 0.3051272757985198400 ) ) ;
#177 = CARTESIAN_POINT ( 'NONE',  ( -2.420775709505356100, 10.72672014545071300, 0.4805854575845890400 ) ) ;
#178 = CARTESIAN_POINT ( 'NONE',  ( -1.874722233652879900, 11.04198426672607300, 0.6999999999990408300 ) ) ;
#179 = DIRECTION ( 'NONE',  ( -0.0000000000000000000, -0.0000000000000000000, -1.000000000000000000 ) ) ;
#180 = CARTESIAN_POINT ( 'NONE',  ( 5.539339089296935200, 8.926216738642736500, -1.052742239447218400E-012 ) ) ;
#181 = CARTESIAN_POINT ( 'NONE',  ( 1.874722233652208700, 11.04198426672669000, 0.6999999999995371000 ) ) ;
#182 = CARTESIAN_POINT ( 'NONE',  ( 2.968842426485753800, 10.41029367886780200, 0.2603619570723222900 ) ) ;
#183 = CARTESIAN_POINT ( 'NONE',  ( 5.249999999999477800, 9.093266739735700100, 0.0000000000000000000 ) ) ;
#184 = CARTESIAN_POINT ( 'NONE',  ( 0.0000000000000000000, 0.0000000000000000000, 13.60000000000044700 ) ) ;
#185 = DIRECTION ( 'NONE',  ( -0.0000000000000000000, -0.0000000000000000000, 1.000000000000000000 ) ) ;
#186 = DIRECTION ( 'NONE',  ( -1.000000000000000000, 2.664535259100375300E-015, 0.0000000000000000000 ) ) ;
#187 = CARTESIAN_POINT ( 'NONE',  ( -10.49999999999973200, 3.897435053980603300, 15.00000000000000000 ) ) ;
#188 = CARTESIAN_POINT ( 'NONE',  ( 4.089877225031313100, 9.763063936156585900, -1.023974932362031800E-012 ) ) ;
#189 = CARTESIAN_POINT ( 'NONE',  ( 5.249999999999477800, 9.093266739735700100, 0.0000000000000000000 ) ) ;
#190 = DIRECTION ( 'NONE',  ( -0.0000000000000000000, -0.0000000000000000000, -1.000000000000000000 ) ) ;
#191 = CARTESIAN_POINT ( 'NONE',  ( 1.874722233652110100, 11.04198426672610900, 15.00000000000000000 ) ) ;
#192 = CARTESIAN_POINT ( 'NONE',  ( 5.828505484865038600, 8.759266442320893000, 0.01610169003579444200 ) ) ;
#193 = CARTESIAN_POINT ( 'NONE',  ( 6.399829994185482800, 8.429412083070101100, 0.07851511230131756600 ) ) ;
#194 = CARTESIAN_POINT ( 'NONE',  ( 6.683063904260634100, 8.265886908844587200, 0.1248083777868754500 ) ) ;
#195 = CARTESIAN_POINT ( 'NONE',  ( 7.526095561551101400, 7.779162354572561000, 0.3051272757982880800 ) ) ;
#196 = CARTESIAN_POINT ( 'NONE',  ( 8.079224290494307700, 7.459813334020683600, 0.4805854575844310000 ) ) ;
#197 = CARTESIAN_POINT ( 'NONE',  ( 8.625277766347078800, 7.144549212745761900, 0.6999999999994313000 ) ) ;
#198 = CARTESIAN_POINT ( 'NONE',  ( -10.49999999999973400, 0.6620329089602431400, -2.699028134778464300E-013 ) ) ;
#199 = DIRECTION ( 'NONE',  ( -0.0000000000000000000, -0.0000000000000000000, -1.000000000000000000 ) ) ;
#200 = CARTESIAN_POINT ( 'NONE',  ( -10.49999999999973200, 0.0000000000000000000, 0.0000000000000000000 ) ) ;
#201 = CARTESIAN_POINT ( 'NONE',  ( 7.532462087835551900, 7.775486638908428300, 14.03911386457188300 ) ) ;
#202 = CARTESIAN_POINT ( 'NONE',  ( -10.49999999999973200, 1.331830100844798800, 0.06478456511788832600 ) ) ;
#203 = CARTESIAN_POINT ( 'NONE',  ( -10.49999999999973200, 2.633653492069949000, 0.3063422214054056200 ) ) ;
#204 = CARTESIAN_POINT ( 'NONE',  ( -10.49999999999973200, 3.270849987439183400, 0.4819576247639116900 ) ) ;
#205 = CARTESIAN_POINT ( 'NONE',  ( -10.49999999999973200, 3.897435053981374700, 0.6999999999993019600 ) ) ;
#206 = CARTESIAN_POINT ( 'NONE',  ( 6.412797373153050100, 8.421925363332498200, 14.29938839687408400 ) ) ;
#207 = CARTESIAN_POINT ( 'NONE',  ( 9.942664498174187000, 0.4578430877476840100, 9.000000000014551900 ) ) ;
#208 = DIRECTION ( 'NONE',  ( -1.000000000000000000, -0.0000000000000000000, -0.0000000000000000000 ) ) ;
#209 = DIRECTION ( 'NONE',  ( 0.0000000000000000000, 0.0000000000000000000, 1.000000000000000000 ) ) ;
#210 = CARTESIAN_POINT ( 'NONE',  ( 10.49999999999959500, 0.6615941568455515600, 14.30000000000039000 ) ) ;
#211 = CARTESIAN_POINT ( 'NONE',  ( 10.49999999999949700, 1.331119758744624200, 14.23533567679827200 ) ) ;
#212 = CARTESIAN_POINT ( 'NONE',  ( 0.0000000000000000000, 0.0000000000000000000, 0.6999999999994313000 ) ) ;
#213 = DIRECTION ( 'NONE',  ( -0.0000000000000000000, -0.0000000000000000000, -1.000000000000000000 ) ) ;
#214 = DIRECTION ( 'NONE',  ( 1.000000000000000000, 1.776356839400250500E-015, 0.0000000000000000000 ) ) ;
#215 = CARTESIAN_POINT ( 'NONE',  ( 10.49999999999968700, -2.610498507557372300E-023, 14.30000000000029700 ) ) ;
#216 = CARTESIAN_POINT ( 'NONE',  ( 10.49999999999931400, 2.633970976665343900, 13.99361042920797800 ) ) ;
#217 = CARTESIAN_POINT ( 'NONE',  ( 10.49999999999922400, 3.271180453040231300, 13.81792737807424000 ) ) ;
#218 = CARTESIAN_POINT ( 'NONE',  ( 10.49999999999955800, 3.897435053980580700, 13.60000000000055200 ) ) ;
#219 = CARTESIAN_POINT ( 'NONE',  ( 8.625277766346645300, 7.144549212745404000, 13.60000000000111500 ) ) ;
#220 = CARTESIAN_POINT ( 'NONE',  ( 4.964487484890320900, 9.258107467190976400, 14.30015153427177700 ) ) ;
#221 = CARTESIAN_POINT ( 'NONE',  ( 4.674926105087005900, 9.425285807767343400, 14.28416248352635200 ) ) ;
#222 = CARTESIAN_POINT ( 'NONE',  ( 4.102883944654427000, 9.755554503080908500, 14.22189088954762300 ) ) ;
#223 = CARTESIAN_POINT ( 'NONE',  ( 3.819297704587377500, 9.919283095122093400, 14.17562818327294300 ) ) ;
#224 = CARTESIAN_POINT ( 'NONE',  ( 2.975226606372685100, 10.40660777089152800, 13.99529193606147000 ) ) ;
#225 = CARTESIAN_POINT ( 'NONE',  ( 2.421428322692096300, 10.72634335905127000, 13.81967677465147100 ) ) ;
#226 = CARTESIAN_POINT ( 'NONE',  ( 1.874722233652208700, 11.04198426672669000, 13.60000000000044700 ) ) ;
#227 = CARTESIAN_POINT ( 'NONE',  ( 8.625277766346645300, 7.144549212745404000, 15.00000000000000000 ) ) ;
#228 = DIRECTION ( 'NONE',  ( -0.0000000000000000000, -0.0000000000000000000, -1.000000000000000000 ) ) ;
#229 = CARTESIAN_POINT ( 'NONE',  ( -1.874722233652322200, -11.04198426672689400, 0.6999999999997557100 ) ) ;
#230 = CARTESIAN_POINT ( 'NONE',  ( -2.968842426486586000, -10.41029367886886300, 0.2603619570735736800 ) ) ;
#231 = CARTESIAN_POINT ( 'NONE',  ( -5.539339089297733700, -8.926216738643812900, 2.881110572284985000E-013 ) ) ;
#232 = CARTESIAN_POINT ( 'NONE',  ( 7.742664498179823200, 0.4578430877476840100, 9.000000000014551900 ) ) ;
#233 = DIRECTION ( 'NONE',  ( -1.000000000000000000, -0.0000000000000000000, -0.0000000000000000000 ) ) ;
#234 = DIRECTION ( 'NONE',  ( 0.0000000000000000000, 0.0000000000000000000, 1.000000000000000000 ) ) ;
#235 = CARTESIAN_POINT ( 'NONE',  ( -4.089877225032164900, -9.763063936157633900, 2.803580530547114700E-013 ) ) ;
#236 = CARTESIAN_POINT ( 'NONE',  ( -5.250000000000145700, -9.093266739736860100, 0.0000000000000000000 ) ) ;
#237 = CARTESIAN_POINT ( 'NONE',  ( -5.250000000000145700, -9.093266739736860100, 0.0000000000000000000 ) ) ;
#238 = CARTESIAN_POINT ( 'NONE',  ( 1.874722233653267200, -11.04198426672723700, 15.00000000000000000 ) ) ;
#239 = CARTESIAN_POINT ( 'NONE',  ( -5.828505484865768700, -8.759266442322010300, 0.01610169003713439100 ) ) ;
#240 = CARTESIAN_POINT ( 'NONE',  ( -6.399829994186078800, -8.429412083071296600, 0.07851511230263512300 ) ) ;
#241 = CARTESIAN_POINT ( 'NONE',  ( -6.683063904261167000, -8.265886908845818200, 0.1248083777881725500 ) ) ;
#242 = CARTESIAN_POINT ( 'NONE',  ( -7.526095561551446900, -7.779162354573900400, 0.3051272757995029900 ) ) ;
#243 = CARTESIAN_POINT ( 'NONE',  ( -8.079224290494535100, -7.459813334022088700, 0.4805854575855618100 ) ) ;
#244 = CARTESIAN_POINT ( 'NONE',  ( -8.625277766347004200, -7.144549212746737200, 0.6999999999999968500 ) ) ;
#245 = DIRECTION ( 'NONE',  ( -0.0000000000000000000, -0.0000000000000000000, -1.000000000000000000 ) ) ;
#246 = CARTESIAN_POINT ( 'NONE',  ( 0.0000000000000000000, 0.0000000000000000000, 14.30000000000000100 ) ) ;
#247 = DIRECTION ( 'NONE',  ( 0.0000000000000000000, 0.0000000000000000000, -1.000000000000000000 ) ) ;
#248 = DIRECTION ( 'NONE',  ( -1.000000000000000000, 0.0000000000000000000, 0.0000000000000000000 ) ) ;
#249 = CARTESIAN_POINT ( 'NONE',  ( 8.625277766347688100, -7.144549212746595900, 0.7000000000004321700 ) ) ;
#250 = CARTESIAN_POINT ( 'NONE',  ( -1.874722233652421000, -11.04198426672747500, 15.00000000000000000 ) ) ;
#251 = CARTESIAN_POINT ( 'NONE',  ( 0.0000000000000000000, 0.0000000000000000000, 0.6999999999997557100 ) ) ;
#252 = DIRECTION ( 'NONE',  ( -0.0000000000000000000, -0.0000000000000000000, -1.000000000000000000 ) ) ;
#253 = DIRECTION ( 'NONE',  ( 1.000000000000000000, 0.0000000000000000000, 0.0000000000000000000 ) ) ;
#254 = CARTESIAN_POINT ( 'NONE',  ( 4.960660910702626900, -9.260316740830111500, 5.092520191709683200E-013 ) ) ;
#255 = DIRECTION ( 'NONE',  ( -0.0000000000000000000, -0.0000000000000000000, -1.000000000000000000 ) ) ;
#256 = CARTESIAN_POINT ( 'NONE',  ( 5.250000000000254000, -9.093266739737044800, 0.0000000000000000000 ) ) ;
#257 = CARTESIAN_POINT ( 'NONE',  ( 7.531157573513767500, -7.776239800605063500, 0.2603619570737720800 ) ) ;
#258 = CARTESIAN_POINT ( 'NONE',  ( 4.671494515134579500, -9.427267037151915800, 0.01610169003735750400 ) ) ;
#259 = CARTESIAN_POINT ( 'NONE',  ( 4.100170005814248100, -9.757121396402636600, 0.07851511230286303800 ) ) ;
#260 = CARTESIAN_POINT ( 'NONE',  ( 3.816936095739154900, -9.920646570628123900, 0.1248083777884030100 ) ) ;
#261 = CARTESIAN_POINT ( 'NONE',  ( 2.973904438448852900, -10.40737112490006500, 0.3051272757997435800 ) ) ;
#262 = CARTESIAN_POINT ( 'NONE',  ( 2.420775709505750100, -10.72672014545187700, 0.4805854575858087800 ) ) ;
#263 = CARTESIAN_POINT ( 'NONE',  ( 1.874722233653266700, -11.04198426672723700, 0.7000000000002516400 ) ) ;
#264 = CARTESIAN_POINT ( 'NONE',  ( 6.410122774968191300, -8.423469543316290500, 4.951863651190126100E-013 ) ) ;
#265 = DIRECTION ( 'NONE',  ( 0.0000000000000000000, -3.081487911019578000E-033, -1.000000000000000000 ) ) ;
#266 = DIRECTION ( 'NONE',  ( -1.000000000000000000, -4.443451526578346800E-017, 0.0000000000000000000 ) ) ;
#267 = DIRECTION ( 'NONE',  ( 0.0000000000000000000, 3.081487911019577400E-033, 1.000000000000000000 ) ) ;
#268 = CARTESIAN_POINT ( 'NONE',  ( -13.45733550181735100, 0.4578430877476835600, -11.99608517498512600 ) ) ;
#269 = CARTESIAN_POINT ( 'NONE',  ( -11.49206743357102800, 9.138149615737692200, -1.499999999964727500 ) ) ;
#270 = DIRECTION ( 'NONE',  ( 0.0000000000000000000, -3.081487911019578000E-033, -1.000000000000000000 ) ) ;
#271 = CARTESIAN_POINT ( 'NONE',  ( -13.45733550181817500, 0.4578430877476835600, -10.78364960968506700 ) ) ;
#272 = DIRECTION ( 'NONE',  ( 0.0000000000000000000, -3.081487911019577400E-033, -1.000000000000000000 ) ) ;
#273 = DIRECTION ( 'NONE',  ( 1.000000000000000000, 4.613626265895764500E-017, 0.0000000000000000000 ) ) ;
#274 = CARTESIAN_POINT ( 'NONE',  ( -13.45733550181817500, 0.4578430877476835600, -1.499999999983998600 ) ) ;
#275 = CARTESIAN_POINT ( 'NONE',  ( -15.42260357006674300, -8.222463440245585200, -1.499999999964727500 ) ) ;
#276 = CARTESIAN_POINT ( 'NONE',  ( -13.45733550181817500, 0.4578430877476835600, -1.499999999983998600 ) ) ;
#277 = DIRECTION ( 'NONE',  ( 0.0000000000000000000, 3.081487911019577400E-033, 1.000000000000000000 ) ) ;
#278 = DIRECTION ( 'NONE',  ( -1.000000000000000000, -4.464361886705018100E-017, 0.0000000000000000000 ) ) ;
#279 = DIRECTION ( 'NONE',  ( 0.0000000000000000000, -3.081487911019577400E-033, -1.000000000000000000 ) ) ;
#280 = DIRECTION ( 'NONE',  ( -1.000000000000000000, -4.464361886705018100E-017, 0.0000000000000000000 ) ) ;
#281 = CARTESIAN_POINT ( 'NONE',  ( -21.95733550181578400, 0.4578430877476831800, -1.499999999983998600 ) ) ;
#282 = DIRECTION ( 'NONE',  ( -1.000000000000000000, -4.613626265895764500E-017, 0.0000000000000000000 ) ) ;
#283 = PLANE ( 'NONE',  #2595 ) ;
#284 = DIRECTION ( 'NONE',  ( -1.000000000000000000, -4.517509052021524600E-017, 0.0000000000000000000 ) ) ;
#285 = DIRECTION ( 'NONE',  ( -1.402674945371660400E-049, 3.081487911019577400E-033, 1.000000000000000000 ) ) ;
#286 = DIRECTION ( 'NONE',  ( -1.000000000000000000, -4.551940445249239600E-017, 0.0000000000000000000 ) ) ;
#287 = DIRECTION ( 'NONE',  ( 0.0000000000000000000, 3.081487911019577400E-033, 1.000000000000000000 ) ) ;
#288 = CARTESIAN_POINT ( 'NONE',  ( -13.45733550181735100, 0.4578430877476835600, 1.614333666744016700E-011 ) ) ;
#289 = DIRECTION ( 'NONE',  ( 0.0000000000000000000, 3.081487911019577400E-033, 1.000000000000000000 ) ) ;
#290 = CARTESIAN_POINT ( 'NONE',  ( -21.65733550181984400, 0.4578430877476831800, 1.614333666744016700E-011 ) ) ;
#291 = CARTESIAN_POINT ( 'NONE',  ( -13.45733550181817500, 0.4578430877476835600, -11.99708517498512500 ) ) ;
#292 = DIRECTION ( 'NONE',  ( 1.000000000000000000, 5.019454502247705400E-017, 0.0000000000000000000 ) ) ;
#293 = PLANE ( 'NONE',  #2599 ) ;
#294 = DIRECTION ( 'NONE',  ( 1.000000000000000000, 4.627692199631845300E-017, 0.0000000000000000000 ) ) ;
#295 = DIRECTION ( 'NONE',  ( -1.402674945371660400E-049, 3.081487911019577400E-033, 1.000000000000000000 ) ) ;
#296 = DIRECTION ( 'NONE',  ( -1.000000000000000000, -4.551940445249239600E-017, 0.0000000000000000000 ) ) ;
#297 = DIRECTION ( 'NONE',  ( 0.0000000000000000000, -3.081487911019577400E-033, -1.000000000000000000 ) ) ;
#298 = CARTESIAN_POINT ( 'NONE',  ( -13.45733550181735100, 0.4578430877476835600, 1.614333666744016700E-011 ) ) ;
#299 = DIRECTION ( 'NONE',  ( 0.0000000000000000000, -3.081487911019577400E-033, -1.000000000000000000 ) ) ;
#300 = CARTESIAN_POINT ( 'NONE',  ( -13.45733550181735100, 0.4578430877476835600, -11.99608517498512600 ) ) ;
#301 = CARTESIAN_POINT ( 'NONE',  ( -13.45733550181817500, 0.4578430877476835600, -11.99608517498327800 ) ) ;
#302 = DIRECTION ( 'NONE',  ( -1.000000000000000000, 0.0000000000000000000, 0.0000000000000000000 ) ) ;
#303 = PLANE ( 'NONE',  #2602 ) ;
#304 = DIRECTION ( 'NONE',  ( 1.000000000000000000, 0.0000000000000000000, 0.0000000000000000000 ) ) ;
#305 = DIRECTION ( 'NONE',  ( 1.402674945371660400E-049, -3.081487911019577400E-033, -1.000000000000000000 ) ) ;
#306 = DIRECTION ( 'NONE',  ( 1.000000000000000000, 4.551940445249239600E-017, 0.0000000000000000000 ) ) ;
#307 = DIRECTION ( 'NONE',  ( 0.0000000000000000000, 0.0000000000000000000, -1.000000000000000000 ) ) ;
#308 = CARTESIAN_POINT ( 'NONE',  ( 0.0000000000000000000, 0.0000000000000000000, 15.00000000000000000 ) ) ;
#309 = DIRECTION ( 'NONE',  ( 0.0000000000000000000, 0.0000000000000000000, -1.000000000000000000 ) ) ;
#310 = CARTESIAN_POINT ( 'NONE',  ( 0.0000000000000000000, 0.0000000000000000000, 0.7000000000000130600 ) ) ;
#311 = AXIS2_PLACEMENT_3D ( 'NONE', #2423, #2424, #2425 ) ;
#312 = AXIS2_PLACEMENT_3D ( 'NONE', #2428, #2426, #2422 ) ;
#313 = AXIS2_PLACEMENT_3D ( 'NONE', #2264, #2263, #2259 ) ;
#314 = AXIS2_PLACEMENT_3D ( 'NONE', #2239, #2261, #2262 ) ;
#315 = AXIS2_PLACEMENT_3D ( 'NONE', #2274, #2273, #2270 ) ;
#316 = AXIS2_PLACEMENT_3D ( 'NONE', #2267, #2265, #2260 ) ;
#317 = AXIS2_PLACEMENT_3D ( 'NONE', #2266, #2271, #2272 ) ;
#318 = AXIS2_PLACEMENT_3D ( 'NONE', #2283, #2281, #2279 ) ;
#319 = AXIS2_PLACEMENT_3D ( 'NONE', #2280, #2278, #2276 ) ;
#320 = AXIS2_PLACEMENT_3D ( 'NONE', #2277, #2275, #2268 ) ;
#321 = AXIS2_PLACEMENT_3D ( 'NONE', #2431, #2282, #1985 ) ;
#322 = AXIS2_PLACEMENT_3D ( 'NONE', #1988, #1986, #1989 ) ;
#323 = AXIS2_PLACEMENT_3D ( 'NONE', #1992, #1990, #1987 ) ;
#324 = AXIS2_PLACEMENT_3D ( 'NONE', #2005, #2003, #2001 ) ;
#325 = AXIS2_PLACEMENT_3D ( 'NONE', #1991, #1996, #1997 ) ;
#326 = AXIS2_PLACEMENT_3D ( 'NONE', #2002, #2000, #1993 ) ;
#327 = AXIS2_PLACEMENT_3D ( 'NONE', #1999, #1998, #1995 ) ;
#328 = AXIS2_PLACEMENT_3D ( 'NONE', #2021, #2019, #2017 ) ;
#329 = AXIS2_PLACEMENT_3D ( 'NONE', #2008, #2006, #2004 ) ;
#330 = AXIS2_PLACEMENT_3D ( 'NONE', #2007, #2012, #2013 ) ;
#331 = AXIS2_PLACEMENT_3D ( 'NONE', #2018, #2016, #2011 ) ;
#332 = AXIS2_PLACEMENT_3D ( 'NONE', #2015, #2014, #2010 ) ;
#333 = AXIS2_PLACEMENT_3D ( 'NONE', #2024, #2022, #2020 ) ;
#334 = AXIS2_PLACEMENT_3D ( 'NONE', #2027, #2025, #2023 ) ;
#335 = AXIS2_PLACEMENT_3D ( 'NONE', #2026, #2031, #2032 ) ;
#336 = AXIS2_PLACEMENT_3D ( 'NONE', #2030, #2035, #2036 ) ;
#337 = AXIS2_PLACEMENT_3D ( 'NONE', #2028, #2039, #2040 ) ;
#338 = AXIS2_PLACEMENT_3D ( 'NONE', #2042, #2041, #2034 ) ;
#339 = AXIS2_PLACEMENT_3D ( 'NONE', #2038, #2046, #2047 ) ;
#340 = AXIS2_PLACEMENT_3D ( 'NONE', #641, #640, #642 ) ;
#341 = AXIS2_PLACEMENT_3D ( 'NONE', #2045, #2430, #639 ) ;
#342 = AXIS2_PLACEMENT_3D ( 'NONE', #645, #643, #646 ) ;
#343 = AXIS2_PLACEMENT_3D ( 'NONE', #649, #647, #644 ) ;
#344 = AXIS2_PLACEMENT_3D ( 'NONE', #685, #683, #681 ) ;
#345 = AXIS2_PLACEMENT_3D ( 'NONE', #652, #650, #648 ) ;
#346 = AXIS2_PLACEMENT_3D ( 'NONE', #651, #656, #657 ) ;
#347 = AXIS2_PLACEMENT_3D ( 'NONE', #659, #658, #654 ) ;
#348 = AXIS2_PLACEMENT_3D ( 'NONE', #655, #663, #664 ) ;
#349 = AXIS2_PLACEMENT_3D ( 'NONE', #669, #667, #662 ) ;
#350 = AXIS2_PLACEMENT_3D ( 'NONE', #666, #665, #661 ) ;
#351 = AXIS2_PLACEMENT_3D ( 'NONE', #672, #670, #668 ) ;
#352 = AXIS2_PLACEMENT_3D ( 'NONE', #671, #676, #677 ) ;
#353 = AXIS2_PLACEMENT_3D ( 'NONE', #682, #680, #675 ) ;
#354 = AXIS2_PLACEMENT_3D ( 'NONE', #679, #678, #674 ) ;
#355 = AXIS2_PLACEMENT_3D ( 'NONE', #688, #686, #684 ) ;
#356 = AXIS2_PLACEMENT_3D ( 'NONE', #701, #700, #696 ) ;
#357 = AXIS2_PLACEMENT_3D ( 'NONE', #691, #689, #687 ) ;
#358 = AXIS2_PLACEMENT_3D ( 'NONE', #694, #692, #690 ) ;
#359 = AXIS2_PLACEMENT_3D ( 'NONE', #693, #698, #699 ) ;
#360 = AXIS2_PLACEMENT_3D ( 'NONE', #2469, #2451, #2470 ) ;
#361 = AXIS2_PLACEMENT_3D ( 'NONE', #697, #2448, #2449 ) ;
#362 = AXIS2_PLACEMENT_3D ( 'NONE', #1058, #1056, #1054 ) ;
#363 = AXIS2_PLACEMENT_3D ( 'NONE', #2476, #2474, #2472 ) ;
#364 = AXIS2_PLACEMENT_3D ( 'NONE', #2473, #2471, #2468 ) ;
#365 = AXIS2_PLACEMENT_3D ( 'NONE', #1055, #1053, #1049 ) ;
#366 = AXIS2_PLACEMENT_3D ( 'NONE', #1050, #1051, #1052 ) ;
#367 = AXIS2_PLACEMENT_3D ( 'NONE', #1079, #1061, #1060 ) ;
#368 = AXIS2_PLACEMENT_3D ( 'NONE', #1082, #1080, #1078 ) ;
#369 = AXIS2_PLACEMENT_3D ( 'NONE', #1085, #1083, #1081 ) ;
#370 = AXIS2_PLACEMENT_3D ( 'NONE', #1088, #1086, #1084 ) ;
#371 = AXIS2_PLACEMENT_3D ( 'NONE', #1087, #1092, #1093 ) ;
#372 = AXIS2_PLACEMENT_3D ( 'NONE', #39, #40, #41 ) ;
#373 = AXIS2_PLACEMENT_3D ( 'NONE', #1090, #1096, #1097 ) ;
#374 = AXIS2_PLACEMENT_3D ( 'NONE', #16, #17, #18 ) ;
#375 = AXIS2_PLACEMENT_3D ( 'NONE', #1099, #1098, #1091 ) ;
#376 = AXIS2_PLACEMENT_3D ( 'NONE', #49, #50, #51 ) ;
#377 = AXIS2_PLACEMENT_3D ( 'NONE', #52, #53, #54 ) ;
#378 = AXIS2_PLACEMENT_3D ( 'NONE', #55, #56, #57 ) ;
#379 = AXIS2_PLACEMENT_3D ( 'NONE', #58, #59, #60 ) ;
#380 = AXIS2_PLACEMENT_3D ( 'NONE', #61, #62, #63 ) ;
#381 = AXIS2_PLACEMENT_3D ( 'NONE', #64, #65, #66 ) ;
#382 = AXIS2_PLACEMENT_3D ( 'NONE', #69, #70, #71 ) ;
#383 = AXIS2_PLACEMENT_3D ( 'NONE', #76, #77, #78 ) ;
#384 = AXIS2_PLACEMENT_3D ( 'NONE', #81, #82, #83 ) ;
#385 = AXIS2_PLACEMENT_3D ( 'NONE', #88, #89, #90 ) ;
#386 = AXIS2_PLACEMENT_3D ( 'NONE', #92, #93, #94 ) ;
#387 = AXIS2_PLACEMENT_3D ( 'NONE', #110, #111, #112 ) ;
#388 = AXIS2_PLACEMENT_3D ( 'NONE', #116, #117, #118 ) ;
#389 = AXIS2_PLACEMENT_3D ( 'NONE', #120, #121, #134 ) ;
#390 = AXIS2_PLACEMENT_3D ( 'NONE', #142, #143, #144 ) ;
#391 = AXIS2_PLACEMENT_3D ( 'NONE', #149, #150, #151 ) ;
#392 = AXIS2_PLACEMENT_3D ( 'NONE', #165, #166, #167 ) ;
#393 = AXIS2_PLACEMENT_3D ( 'NONE', #184, #185, #186 ) ;
#394 = AXIS2_PLACEMENT_3D ( 'NONE', #207, #208, #209 ) ;
#395 = AXIS2_PLACEMENT_3D ( 'NONE', #212, #213, #214 ) ;
#396 = AXIS2_PLACEMENT_3D ( 'NONE', #232, #233, #234 ) ;
#397 = AXIS2_PLACEMENT_3D ( 'NONE', #246, #247, #248 ) ;
#398 = AXIS2_PLACEMENT_3D ( 'NONE', #251, #252, #253 ) ;
#399 = AXIS2_PLACEMENT_3D ( 'NONE', #3035, #3036, #3037 ) ;
#400 = AXIS2_PLACEMENT_3D ( 'NONE', #3038, #3039, #3040 ) ;
#401 = AXIS2_PLACEMENT_3D ( 'NONE', #3041, #3042, #3043 ) ;
#402 = CARTESIAN_POINT ( 'NONE',  ( -7.805881136496957100, -5.206899569693559800, 5.802303572002009500 ) ) ;
#403 = CARTESIAN_POINT ( 'NONE',  ( -7.679936077753840400, -5.079074197150411000, 5.586005858009994700 ) ) ;
#404 = CARTESIAN_POINT ( 'NONE',  ( -7.296997743957829700, -4.660108378318504700, 4.961707182894878400 ) ) ;
#405 = CARTESIAN_POINT ( 'NONE',  ( -7.032495214083750700, -4.329599809560322800, 4.574356566823970700 ) ) ;
#406 = CARTESIAN_POINT ( 'NONE',  ( -6.540993077514315200, -3.587201990821258200, 3.886924643140690100 ) ) ;
#407 = CARTESIAN_POINT ( 'NONE',  ( -6.311777901305828400, -3.174800570828880500, 3.583726167258173500 ) ) ;
#408 = CARTESIAN_POINT ( 'NONE',  ( -6.011683484746446200, -2.479168894486095000, 3.195304386840630800 ) ) ;
#409 = CARTESIAN_POINT ( 'NONE',  ( -5.919669923684334200, -2.235267794407168400, 3.077984140214751600 ) ) ;
#410 = CARTESIAN_POINT ( 'NONE',  ( -5.758981549784392600, -1.734095556596744900, 2.874763429339904300 ) ) ;
#411 = CARTESIAN_POINT ( 'NONE',  ( -5.689560343834522800, -1.475218671555432500, 2.787905154556787200 ) ) ;
#412 = CARTESIAN_POINT ( 'NONE',  ( -5.575514613506951100, -0.9392818726080045500, 2.645875986478646500 ) ) ;
#413 = CARTESIAN_POINT ( 'NONE',  ( -5.530932953509035200, -0.6604048702176009700, 2.590763741916442900 ) ) ;
#414 = CARTESIAN_POINT ( 'NONE',  ( -5.472163357124481200, -0.1037276317018629900, 2.518223527883654000 ) ) ;
#415 = CARTESIAN_POINT ( 'NONE',  ( -5.457335501818170600, 0.1762349577276826300, 2.500000000016139500 ) ) ;
#416 = CARTESIAN_POINT ( 'NONE',  ( -5.457335501818174200, 0.4578430877476849500, 2.500000000016142200 ) ) ;
#417 = CARTESIAN_POINT ( 'NONE',  ( -7.653921576981826300, -4.439723293040615600, 13.29482177465269600 ) ) ;
#418 = CARTESIAN_POINT ( 'NONE',  ( -7.637112138406182600, -4.138350989964002300, 13.59619407772930800 ) ) ;
#419 = CARTESIAN_POINT ( 'NONE',  ( -9.482610488019027200, -6.535702901966496700, 10.65882185206798900 ) ) ;
#420 = CARTESIAN_POINT ( 'NONE',  ( -10.25369178522366200, -6.872686697822013400, 10.36396103069441400 ) ) ;
#421 = CARTESIAN_POINT ( 'NONE',  ( -10.49999999999931300, -3.897435053981250300, 0.6999999999994330800 ) ) ;
#422 = CARTESIAN_POINT ( 'NONE',  ( -7.693925958118339500, -4.712216544740884100, 12.96181816172822300 ) ) ;
#423 = CARTESIAN_POINT ( 'NONE',  ( -7.853839875442512900, -5.178035068857152400, 12.26533262531848900 ) ) ;
#424 = CARTESIAN_POINT ( 'NONE',  ( -7.971375466741498900, -5.369500262216663000, 11.90629750961655000 ) ) ;
#425 = CARTESIAN_POINT ( 'NONE',  ( -8.144611539457249800, -5.523374522384556500, 11.54460918420219100 ) ) ;
#426 = CARTESIAN_POINT ( 'NONE',  ( -10.49999999999973200, 3.897435053980603300, 13.60000000000038200 ) ) ;
#427 = CARTESIAN_POINT ( 'NONE',  ( -10.49999999999973400, 3.271180453040180200, 13.81792737807376300 ) ) ;
#428 = CARTESIAN_POINT ( 'NONE',  ( -13.45733550181735100, 0.4578430877476835600, -6.699999999968866000 ) ) ;
#429 = DIRECTION ( 'NONE',  ( 0.0000000000000000000, 3.081487911019577400E-033, 1.000000000000000000 ) ) ;
#430 = DIRECTION ( 'NONE',  ( -1.000000000000000000, -4.755272686337784700E-017, 0.0000000000000000000 ) ) ;
#431 = CARTESIAN_POINT ( 'NONE',  ( -10.49999999999973200, -3.588510966493118700, 0.5924989671788105600 ) ) ;
#432 = CARTESIAN_POINT ( 'NONE',  ( -10.49999999999973200, 2.633970976665319000, 13.99361042920758000 ) ) ;
#433 = CARTESIAN_POINT ( 'NONE',  ( -10.49999999999973200, 1.331119758744651000, 14.23533567679803000 ) ) ;
#434 = CARTESIAN_POINT ( 'NONE',  ( -10.49999999999973200, 0.6615941568455764300, 14.30000000000025100 ) ) ;
#435 = CARTESIAN_POINT ( 'NONE',  ( -10.49999999999973200, -1.285879165211237700E-015, 14.30000000000025100 ) ) ;
#436 = CARTESIAN_POINT ( 'NONE',  ( -10.49999999999973200, -3.274997638992716000, 0.4946046190142940900 ) ) ;
#437 = CARTESIAN_POINT ( 'NONE',  ( -10.49999999999973400, -2.637028978745643600, 0.3217208903106942900 ) ) ;
#438 = CARTESIAN_POINT ( 'NONE',  ( -10.49999999999973200, -2.310992861660914300, 0.2464582784474111400 ) ) ;
#439 = CARTESIAN_POINT ( 'NONE',  ( -10.49999999999973000, -1.324906452292995400, 0.06352626741645364700 ) ) ;
#440 = CARTESIAN_POINT ( 'NONE',  ( -10.49999999999972800, -0.6642360328772555200, -2.678683344533135100E-013 ) ) ;
#441 = CARTESIAN_POINT ( 'NONE',  ( -10.49999999999973200, 0.0000000000000000000, 0.0000000000000000000 ) ) ;
#442 = CARTESIAN_POINT ( 'NONE',  ( -6.900000000000547500, -5.519619894963801500E-013, 15.00000000000000000 ) ) ;
#443 = DIRECTION ( 'NONE',  ( -0.0000000000000000000, -0.0000000000000000000, -1.000000000000000000 ) ) ;
#444 = CARTESIAN_POINT ( 'NONE',  ( 8.625277766347688100, -7.144549212746595900, 15.00000000000000000 ) ) ;
#445 = DIRECTION ( 'NONE',  ( -0.0000000000000000000, -0.0000000000000000000, -1.000000000000000000 ) ) ;
#446 = CARTESIAN_POINT ( 'NONE',  ( -2.736075255249659200E-013, -5.519619894963801500E-013, 14.30000000000000100 ) ) ;
#447 = DIRECTION ( 'NONE',  ( 0.0000000000000000000, 0.0000000000000000000, -1.000000000000000000 ) ) ;
#448 = DIRECTION ( 'NONE',  ( -1.000000000000000000, 0.0000000000000000000, 0.0000000000000000000 ) ) ;
#449 = CARTESIAN_POINT ( 'NONE',  ( 10.50000000000023800, -3.897435053981037200, 15.00000000000000000 ) ) ;
#450 = CARTESIAN_POINT ( 'NONE',  ( -2.736075255249659200E-013, -5.519619894963801500E-013, 14.79999999999997800 ) ) ;
#451 = DIRECTION ( 'NONE',  ( 0.0000000000000000000, 0.0000000000000000000, 1.000000000000000000 ) ) ;
#452 = DIRECTION ( 'NONE',  ( 1.000000000000000000, 0.0000000000000000000, 0.0000000000000000000 ) ) ;
#453 = CARTESIAN_POINT ( 'NONE',  ( -10.49999999999973400, -3.897435053981406700, 15.00000000000000000 ) ) ;
#454 = DIRECTION ( 'NONE',  ( -0.0000000000000000000, -0.0000000000000000000, -1.000000000000000000 ) ) ;
#455 = CARTESIAN_POINT ( 'NONE',  ( 10.49999999999968700, 1.486167596396598200E-012, 0.0000000000000000000 ) ) ;
#456 = CARTESIAN_POINT ( 'NONE',  ( 10.49999999999977800, -0.6642360328754611800, -3.128295962117471200E-013 ) ) ;
#457 = CARTESIAN_POINT ( 'NONE',  ( 0.0000000000000000000, 0.0000000000000000000, 0.7000000000002935000 ) ) ;
#458 = DIRECTION ( 'NONE',  ( -0.0000000000000000000, -0.0000000000000000000, -1.000000000000000000 ) ) ;
#459 = DIRECTION ( 'NONE',  ( 1.000000000000000000, 0.0000000000000000000, 0.0000000000000000000 ) ) ;
#460 = CARTESIAN_POINT ( 'NONE',  ( 10.49999999999987200, -1.324906452290831600, 0.06352626741634726000 ) ) ;
#461 = CARTESIAN_POINT ( 'NONE',  ( 10.50000000000001600, -2.310992861658123200, 0.2464582784470914800 ) ) ;
#462 = CARTESIAN_POINT ( 'NONE',  ( 10.50000000000006000, -2.637028978743815300, 0.3217208903105525700 ) ) ;
#463 = CARTESIAN_POINT ( 'NONE',  ( 10.50000000000014900, -3.274997638991911800, 0.4946046190144395800 ) ) ;
#464 = CARTESIAN_POINT ( 'NONE',  ( 10.50000000000019700, -3.588510966492743900, 0.5924989671791188700 ) ) ;
#465 = CARTESIAN_POINT ( 'NONE',  ( 10.50000000000030000, -3.897435053981060300, 0.7000000000002935000 ) ) ;
#466 = EDGE_CURVE ( 'NONE', #1719, #1686, #3794, .T. ) ;
#467 = EDGE_CURVE ( 'NONE', #1502, #1666, #3800, .T. ) ;
#468 = EDGE_CURVE ( 'NONE', #1650, #1718, #3795, .T. ) ;
#469 = EDGE_CURVE ( 'NONE', #1504, #1484, #3783, .T. ) ;
#470 = EDGE_CURVE ( 'NONE', #1488, #1662, #3781, .T. ) ;
#471 = ORIENTED_EDGE ( 'NONE', *, *, #3809, .T. ) ;
#472 = ORIENTED_EDGE ( 'NONE', *, *, #3831, .T. ) ;
#473 = ORIENTED_EDGE ( 'NONE', *, *, #2132, .T. ) ;
#474 = ORIENTED_EDGE ( 'NONE', *, *, #3810, .T. ) ;
#475 = ORIENTED_EDGE ( 'NONE', *, *, #2808, .F. ) ;
#476 = ORIENTED_EDGE ( 'NONE', *, *, #2799, .T. ) ;
#477 = ORIENTED_EDGE ( 'NONE', *, *, #3814, .T. ) ;
#478 = ORIENTED_EDGE ( 'NONE', *, *, #2825, .T. ) ;
#479 = ORIENTED_EDGE ( 'NONE', *, *, #2119, .T. ) ;
#480 = ORIENTED_EDGE ( 'NONE', *, *, #2140, .T. ) ;
#481 = ORIENTED_EDGE ( 'NONE', *, *, #3825, .F. ) ;
#482 = ORIENTED_EDGE ( 'NONE', *, *, #3827, .F. ) ;
#483 = ORIENTED_EDGE ( 'NONE', *, *, #2799, .F. ) ;
#484 = ORIENTED_EDGE ( 'NONE', *, *, #2822, .F. ) ;
#485 = ORIENTED_EDGE ( 'NONE', *, *, #3802, .T. ) ;
#486 = ORIENTED_EDGE ( 'NONE', *, *, #3826, .T. ) ;
#487 = ORIENTED_EDGE ( 'NONE', *, *, #2797, .T. ) ;
#488 = ORIENTED_EDGE ( 'NONE', *, *, #2844, .T. ) ;
#489 = ORIENTED_EDGE ( 'NONE', *, *, #2284, .T. ) ;
#490 = ORIENTED_EDGE ( 'NONE', *, *, #2801, .T. ) ;
#491 = ORIENTED_EDGE ( 'NONE', *, *, #3818, .F. ) ;
#492 = ORIENTED_EDGE ( 'NONE', *, *, #2290, .T. ) ;
#493 = ORIENTED_EDGE ( 'NONE', *, *, #2821, .F. ) ;
#494 = ORIENTED_EDGE ( 'NONE', *, *, #2802, .F. ) ;
#495 = ORIENTED_EDGE ( 'NONE', *, *, #3816, .T. ) ;
#496 = ORIENTED_EDGE ( 'NONE', *, *, #3817, .T. ) ;
#497 = ORIENTED_EDGE ( 'NONE', *, *, #2123, .T. ) ;
#498 = ORIENTED_EDGE ( 'NONE', *, *, #2832, .F. ) ;
#499 = ORIENTED_EDGE ( 'NONE', *, *, #2128, .T. ) ;
#500 = ORIENTED_EDGE ( 'NONE', *, *, #3804, .T. ) ;
#501 = ORIENTED_EDGE ( 'NONE', *, *, #2828, .T. ) ;
#502 = ORIENTED_EDGE ( 'NONE', *, *, #2294, .T. ) ;
#503 = ORIENTED_EDGE ( 'NONE', *, *, #2781, .T. ) ;
#504 = ORIENTED_EDGE ( 'NONE', *, *, #2807, .F. ) ;
#505 = ORIENTED_EDGE ( 'NONE', *, *, #470, .F. ) ;
#506 = ORIENTED_EDGE ( 'NONE', *, *, #2801, .F. ) ;
#507 = ORIENTED_EDGE ( 'NONE', *, *, #3822, .T. ) ;
#508 = ORIENTED_EDGE ( 'NONE', *, *, #3825, .T. ) ;
#509 = ORIENTED_EDGE ( 'NONE', *, *, #2131, .T. ) ;
#510 = ORIENTED_EDGE ( 'NONE', *, *, #2778, .F. ) ;
#511 = ORIENTED_EDGE ( 'NONE', *, *, #2824, .T. ) ;
#512 = ORIENTED_EDGE ( 'NONE', *, *, #2786, .T. ) ;
#513 = ORIENTED_EDGE ( 'NONE', *, *, #2842, .F. ) ;
#514 = ORIENTED_EDGE ( 'NONE', *, *, #2830, .T. ) ;
#515 = ORIENTED_EDGE ( 'NONE', *, *, #2129, .T. ) ;
#516 = ORIENTED_EDGE ( 'NONE', *, *, #2798, .T. ) ;
#517 = ORIENTED_EDGE ( 'NONE', *, *, #3822, .F. ) ;
#518 = ORIENTED_EDGE ( 'NONE', *, *, #2292, .T. ) ;
#519 = ORIENTED_EDGE ( 'NONE', *, *, #3818, .T. ) ;
#520 = ORIENTED_EDGE ( 'NONE', *, *, #3831, .F. ) ;
#521 = ORIENTED_EDGE ( 'NONE', *, *, #2791, .T. ) ;
#522 = ORIENTED_EDGE ( 'NONE', *, *, #2815, .F. ) ;
#523 = ORIENTED_EDGE ( 'NONE', *, *, #3826, .F. ) ;
#524 = ORIENTED_EDGE ( 'NONE', *, *, #3804, .F. ) ;
#525 = EDGE_LOOP ( 'NONE', ( #1430, #1414, #1391, #1420 ) ) ;
#526 = ORIENTED_EDGE ( 'NONE', *, *, #2138, .T. ) ;
#527 = ORIENTED_EDGE ( 'NONE', *, *, #470, .T. ) ;
#528 = ORIENTED_EDGE ( 'NONE', *, *, #3832, .T. ) ;
#529 = ORIENTED_EDGE ( 'NONE', *, *, #3827, .T. ) ;
#530 = ORIENTED_EDGE ( 'NONE', *, *, #2827, .T. ) ;
#531 = EDGE_LOOP ( 'NONE', ( #1400, #1433, #1405, #1466 ) ) ;
#532 = ORIENTED_EDGE ( 'NONE', *, *, #2287, .T. ) ;
#533 = ORIENTED_EDGE ( 'NONE', *, *, #2285, .T. ) ;
#534 = ORIENTED_EDGE ( 'NONE', *, *, #2831, .F. ) ;
#535 = ORIENTED_EDGE ( 'NONE', *, *, #3832, .F. ) ;
#536 = ORIENTED_EDGE ( 'NONE', *, *, #3808, .T. ) ;
#537 = ORIENTED_EDGE ( 'NONE', *, *, #2117, .T. ) ;
#538 = ORIENTED_EDGE ( 'NONE', *, *, #2806, .F. ) ;
#539 = ORIENTED_EDGE ( 'NONE', *, *, #2118, .T. ) ;
#540 = EDGE_LOOP ( 'NONE', ( #1441, #1440, #1436, #1423 ) ) ;
#541 = ORIENTED_EDGE ( 'NONE', *, *, #467, .F. ) ;
#542 = ORIENTED_EDGE ( 'NONE', *, *, #2127, .T. ) ;
#543 = ORIENTED_EDGE ( 'NONE', *, *, #2115, .T. ) ;
#544 = ORIENTED_EDGE ( 'NONE', *, *, #2139, .T. ) ;
#545 = ORIENTED_EDGE ( 'NONE', *, *, #2813, .T. ) ;
#546 = EDGE_LOOP ( 'NONE', ( #1446, #1435 ) ) ;
#547 = ORIENTED_EDGE ( 'NONE', *, *, #2820, .F. ) ;
#548 = ORIENTED_EDGE ( 'NONE', *, *, #2812, .F. ) ;
#549 = ORIENTED_EDGE ( 'NONE', *, *, #2765, .F. ) ;
#550 = ORIENTED_EDGE ( 'NONE', *, *, #467, .T. ) ;
#551 = ORIENTED_EDGE ( 'NONE', *, *, #2286, .T. ) ;
#552 = ORIENTED_EDGE ( 'NONE', *, *, #2289, .T. ) ;
#553 = ORIENTED_EDGE ( 'NONE', *, *, #2830, .F. ) ;
#554 = ORIENTED_EDGE ( 'NONE', *, *, #2816, .T. ) ;
#555 = ORIENTED_EDGE ( 'NONE', *, *, #2845, .T. ) ;
#556 = ORIENTED_EDGE ( 'NONE', *, *, #2135, .T. ) ;
#557 = ORIENTED_EDGE ( 'NONE', *, *, #2820, .T. ) ;
#558 = ORIENTED_EDGE ( 'NONE', *, *, #3809, .F. ) ;
#559 = ORIENTED_EDGE ( 'NONE', *, *, #2811, .T. ) ;
#560 = ORIENTED_EDGE ( 'NONE', *, *, #3834, .T. ) ;
#561 = ORIENTED_EDGE ( 'NONE', *, *, #2821, .T. ) ;
#562 = ORIENTED_EDGE ( 'NONE', *, *, #2818, .T. ) ;
#563 = ORIENTED_EDGE ( 'NONE', *, *, #3819, .T. ) ;
#564 = ORIENTED_EDGE ( 'NONE', *, *, #2788, .F. ) ;
#565 = FACE_OUTER_BOUND ( 'NONE', #1641, .T. ) ;
#566 = CYLINDRICAL_SURFACE ( 'NONE', #316, 5.499999999997270600 ) ;
#567 = CYLINDRICAL_SURFACE ( 'NONE', #2641, 8.999999999999092300 ) ;
#568 = FACE_OUTER_BOUND ( 'NONE', #1613, .T. ) ;
#569 = CONICAL_SURFACE ( 'NONE', #2637, 6.098571428567994200, 0.2656475539777130000 ) ;
#570 = CONICAL_SURFACE ( 'NONE', #2635, 8.500000000000000000, 0.7853981633974500600 ) ;
#571 = FACE_OUTER_BOUND ( 'NONE', #1942, .T. ) ;
#572 = FACE_OUTER_BOUND ( 'NONE', #1618, .T. ) ;
#573 = FACE_OUTER_BOUND ( 'NONE', #1476, .T. ) ;
#574 = FACE_BOUND ( 'NONE', #1548, .T. ) ;
#575 = CONICAL_SURFACE ( 'NONE', #2634, 8.500000000000000000, 0.7853981633974500600 ) ;
#576 = CONICAL_SURFACE ( 'NONE', #2633, 8.500000000000000000, 0.7853981633974500600 ) ;
#577 = FACE_OUTER_BOUND ( 'NONE', #1663, .T. ) ;
#578 = CYLINDRICAL_SURFACE ( 'NONE', #2636, 7.800000000001120700 ) ;
#579 = FACE_OUTER_BOUND ( 'NONE', #2708, .T. ) ;
#580 = CONICAL_SURFACE ( 'NONE', #2629, 8.500000000000000000, 0.7853981633974500600 ) ;
#581 = FACE_OUTER_BOUND ( 'NONE', #2704, .T. ) ;
#582 = FACE_OUTER_BOUND ( 'NONE', #2740, .T. ) ;
#583 = CYLINDRICAL_SURFACE ( 'NONE', #2638, 5.700000000002573200 ) ;
#584 = FACE_OUTER_BOUND ( 'NONE', #2702, .T. ) ;
#585 = FACE_OUTER_BOUND ( 'NONE', #2682, .T. ) ;
#586 = FACE_OUTER_BOUND ( 'NONE', #2681, .T. ) ;
#587 = FACE_BOUND ( 'NONE', #2645, .T. ) ;
#588 = FACE_OUTER_BOUND ( 'NONE', #2731, .T. ) ;
#589 = FACE_OUTER_BOUND ( 'NONE', #2686, .T. ) ;
#590 = FACE_OUTER_BOUND ( 'NONE', #2706, .T. ) ;
#591 = FACE_OUTER_BOUND ( 'NONE', #2653, .T. ) ;
#592 = CYLINDRICAL_SURFACE ( 'NONE', #2630, 7.800000000001120700 ) ;
#593 = FACE_OUTER_BOUND ( 'NONE', #1416, .T. ) ;
#594 = FACE_OUTER_BOUND ( 'NONE', #2677, .T. ) ;
#595 = FACE_OUTER_BOUND ( 'NONE', #1728, .T. ) ;
#596 = FACE_OUTER_BOUND ( 'NONE', #1458, .T. ) ;
#597 = CONICAL_SURFACE ( 'NONE', #315, 8.999999999999092300, 0.7853981633974491700 ) ;
#598 = CYLINDRICAL_SURFACE ( 'NONE', #2617, 4.699999999999999300 ) ;
#599 = CONICAL_SURFACE ( 'NONE', #2621, 5.400000000000000400, 0.5235987755983000400 ) ;
#600 = FACE_OUTER_BOUND ( 'NONE', #1687, .T. ) ;
#601 = FACE_OUTER_BOUND ( 'NONE', #1670, .T. ) ;
#602 = FACE_OUTER_BOUND ( 'NONE', #1386, .T. ) ;
#603 = CYLINDRICAL_SURFACE ( 'NONE', #311, 6.500000000000000900 ) ;
#604 = FACE_OUTER_BOUND ( 'NONE', #2671, .T. ) ;
#605 = FACE_OUTER_BOUND ( 'NONE', #1526, .T. ) ;
#606 = CONICAL_SURFACE ( 'NONE', #2620, 6.600000000004031100, 0.7853981633974482800 ) ;
#607 = CONICAL_SURFACE ( 'NONE', #2607, 5.499999999997270600, 0.7853981633974500600 ) ;
#608 = CYLINDRICAL_SURFACE ( 'NONE', #2631, 5.700000000002573200 ) ;
#609 = CONICAL_SURFACE ( 'NONE', #2608, 6.098571428567994200, 0.2656475539784373100 ) ;
#610 = FACE_OUTER_BOUND ( 'NONE', #2687, .T. ) ;
#611 = FACE_OUTER_BOUND ( 'NONE', #1612, .T. ) ;
#612 = CYLINDRICAL_SURFACE ( 'NONE', #2628, 8.899999999999900900 ) ;
#613 = CYLINDRICAL_SURFACE ( 'NONE', #2622, 8.899999999998746200 ) ;
#614 = FACE_OUTER_BOUND ( 'NONE', #1455, .T. ) ;
#615 = FACE_OUTER_BOUND ( 'NONE', #1417, .T. ) ;
#616 = CYLINDRICAL_SURFACE ( 'NONE', #320, 2.999999999999999100 ) ;
#617 = VECTOR ( 'NONE', #199, 1000.000000000000000 ) ;
#618 = CYLINDRICAL_SURFACE ( 'NONE', #2615, 5.499999999997270600 ) ;
#619 = FACE_OUTER_BOUND ( 'NONE', #1636, .T. ) ;
#620 = FACE_OUTER_BOUND ( 'NONE', #2688, .T. ) ;
#621 = FACE_OUTER_BOUND ( 'NONE', #2663, .T. ) ;
#622 = FACE_OUTER_BOUND ( 'NONE', #2651, .T. ) ;
#623 = FACE_OUTER_BOUND ( 'NONE', #1447, .T. ) ;
#624 = CYLINDRICAL_SURFACE ( 'NONE', #2616, 4.500000000000000000 ) ;
#625 = FACE_OUTER_BOUND ( 'NONE', #1452, .T. ) ;
#626 = CONICAL_SURFACE ( 'NONE', #2612, 5.900000000006940600, 0.9201635361863493800 ) ;
#627 = CYLINDRICAL_SURFACE ( 'NONE', #312, 8.000000000000000000 ) ;
#628 = CONICAL_SURFACE ( 'NONE', #2618, 8.200000000002489700, 0.7853981633974482800 ) ;
#629 = FACE_OUTER_BOUND ( 'NONE', #2668, .T. ) ;
#630 = FACE_OUTER_BOUND ( 'NONE', #2678, .T. ) ;
#631 = CONICAL_SURFACE ( 'NONE', #2625, 8.500000000000000000, 0.7853981633974500600 ) ;
#632 = CONICAL_SURFACE ( 'NONE', #313, 6.499999999999773500, 1.308996938995728600 ) ;
#633 = FACE_OUTER_BOUND ( 'NONE', #1620, .T. ) ;
#634 = FACE_BOUND ( 'NONE', #2675, .T. ) ;
#635 = FACE_BOUND ( 'NONE', #2666, .T. ) ;
#636 = FACE_OUTER_BOUND ( 'NONE', #2654, .T. ) ;
#637 = CYLINDRICAL_SURFACE ( 'NONE', #2627, 8.899999999999808500 ) ;
#638 = FACE_OUTER_BOUND ( 'NONE', #2674, .T. ) ;
#639 = DIRECTION ( 'NONE',  ( 1.000000000000000000, 0.0000000000000000000, -0.0000000000000000000 ) ) ;
#640 = DIRECTION ( 'NONE',  ( 0.0000000000000000000, 0.0000000000000000000, 1.000000000000000000 ) ) ;
#641 = CARTESIAN_POINT ( 'NONE',  ( 0.0000000000000000000, 0.0000000000000000000, 0.0000000000000000000 ) ) ;
#642 = DIRECTION ( 'NONE',  ( -1.000000000000000000, 0.0000000000000000000, 0.0000000000000000000 ) ) ;
#643 = DIRECTION ( 'NONE',  ( 0.0000000000000000000, 0.0000000000000000000, 1.000000000000000000 ) ) ;
#644 = DIRECTION ( 'NONE',  ( -1.000000000000000000, 0.0000000000000000000, 0.0000000000000000000 ) ) ;
#645 = CARTESIAN_POINT ( 'NONE',  ( 0.0000000000000000000, 0.0000000000000000000, 0.0000000000000000000 ) ) ;
#646 = DIRECTION ( 'NONE',  ( -1.000000000000000000, 0.0000000000000000000, 0.0000000000000000000 ) ) ;
#647 = DIRECTION ( 'NONE',  ( 0.0000000000000000000, 0.0000000000000000000, 1.000000000000000000 ) ) ;
#648 = DIRECTION ( 'NONE',  ( -1.000000000000000000, 0.0000000000000000000, 0.0000000000000000000 ) ) ;
#649 = CARTESIAN_POINT ( 'NONE',  ( 0.0000000000000000000, 0.0000000000000000000, 0.0000000000000000000 ) ) ;
#650 = DIRECTION ( 'NONE',  ( -0.0000000000000000000, -0.0000000000000000000, -1.000000000000000000 ) ) ;
#651 = CARTESIAN_POINT ( 'NONE',  ( -1.874722233652879900, 11.04198426672607300, 15.00000000000000000 ) ) ;
#652 = CARTESIAN_POINT ( 'NONE',  ( -2.736075255249659200E-013, -5.519619894963801500E-013, 15.00000000000000000 ) ) ;
#653 = PLANE ( 'NONE',  #346 ) ;
#654 = DIRECTION ( 'NONE',  ( -1.000000000000000000, 0.0000000000000000000, 0.0000000000000000000 ) ) ;
#655 = CARTESIAN_POINT ( 'NONE',  ( -8.625277766347004200, -7.144549212746737200, 15.00000000000000000 ) ) ;
#656 = DIRECTION ( 'NONE',  ( 0.4999999999999998900, -0.8660254037844387100, 0.0000000000000000000 ) ) ;
#657 = DIRECTION ( 'NONE',  ( 0.8660254037844387100, 0.4999999999999998900, 0.0000000000000000000 ) ) ;
#658 = DIRECTION ( 'NONE',  ( -0.0000000000000000000, -0.0000000000000000000, -1.000000000000000000 ) ) ;
#659 = CARTESIAN_POINT ( 'NONE',  ( -2.736075255249659200E-013, -5.519619894963801500E-013, 15.00000000000000000 ) ) ;
#660 = PLANE ( 'NONE',  #348 ) ;
#661 = DIRECTION ( 'NONE',  ( 0.0000000000000000000, 0.0000000000000000000, 1.000000000000000000 ) ) ;
#662 = DIRECTION ( 'NONE',  ( -1.000000000000000000, 0.0000000000000000000, 0.0000000000000000000 ) ) ;
#663 = DIRECTION ( 'NONE',  ( 0.5000000000000001100, 0.8660254037844387100, -0.0000000000000000000 ) ) ;
#664 = DIRECTION ( 'NONE',  ( -0.8660254037844386000, 0.5000000000000000000, 0.0000000000000000000 ) ) ;
#665 = DIRECTION ( 'NONE',  ( -1.000000000000000000, -0.0000000000000000000, -0.0000000000000000000 ) ) ;
#666 = CARTESIAN_POINT ( 'NONE',  ( -4.457335501817719400, 0.4578430877476840100, 9.000000000014551900 ) ) ;
#667 = DIRECTION ( 'NONE',  ( 0.0000000000000000000, 0.0000000000000000000, 1.000000000000000000 ) ) ;
#668 = DIRECTION ( 'NONE',  ( -1.000000000000000000, 0.0000000000000000000, 0.0000000000000000000 ) ) ;
#669 = CARTESIAN_POINT ( 'NONE',  ( 0.0000000000000000000, 0.0000000000000000000, 0.0000000000000000000 ) ) ;
#670 = DIRECTION ( 'NONE',  ( -0.0000000000000000000, -0.0000000000000000000, -1.000000000000000000 ) ) ;
#671 = CARTESIAN_POINT ( 'NONE',  ( 1.874722233653267200, -11.04198426672723700, 15.00000000000000000 ) ) ;
#672 = CARTESIAN_POINT ( 'NONE',  ( -2.736075255249659200E-013, -5.519619894963801500E-013, 15.00000000000000000 ) ) ;
#673 = PLANE ( 'NONE',  #352 ) ;
#674 = DIRECTION ( 'NONE',  ( -1.000000000000000000, 0.0000000000000000000, 0.0000000000000000000 ) ) ;
#675 = DIRECTION ( 'NONE',  ( 0.0000000000000000000, 0.0000000000000000000, 1.000000000000000000 ) ) ;
#676 = DIRECTION ( 'NONE',  ( -0.5000000000000001100, 0.8660254037844386000, 0.0000000000000000000 ) ) ;
#677 = DIRECTION ( 'NONE',  ( -0.8660254037844386000, -0.5000000000000001100, 0.0000000000000000000 ) ) ;
#678 = DIRECTION ( 'NONE',  ( -0.0000000000000000000, -0.0000000000000000000, -1.000000000000000000 ) ) ;
#679 = CARTESIAN_POINT ( 'NONE',  ( -2.736075255249659200E-013, -5.519619894963801500E-013, 15.00000000000000000 ) ) ;
#680 = DIRECTION ( 'NONE',  ( -1.000000000000000000, -0.0000000000000000000, -0.0000000000000000000 ) ) ;
#681 = DIRECTION ( 'NONE',  ( -1.000000000000000000, 0.0000000000000000000, 0.0000000000000000000 ) ) ;
#682 = CARTESIAN_POINT ( 'NONE',  ( 7.742664498179823200, 0.4578430877476840100, 9.000000000014551900 ) ) ;
#683 = DIRECTION ( 'NONE',  ( 0.0000000000000000000, 0.0000000000000000000, 1.000000000000000000 ) ) ;
#684 = DIRECTION ( 'NONE',  ( -1.000000000000000000, 0.0000000000000000000, 0.0000000000000000000 ) ) ;
#685 = CARTESIAN_POINT ( 'NONE',  ( 0.0000000000000000000, 0.0000000000000000000, 0.0000000000000000000 ) ) ;
#686 = DIRECTION ( 'NONE',  ( 0.0000000000000000000, 0.0000000000000000000, -1.000000000000000000 ) ) ;
#687 = DIRECTION ( 'NONE',  ( -1.000000000000000000, 0.0000000000000000000, 0.0000000000000000000 ) ) ;
#688 = CARTESIAN_POINT ( 'NONE',  ( 0.0000000000000000000, 0.0000000000000000000, 0.7000000000000130600 ) ) ;
#689 = DIRECTION ( 'NONE',  ( -0.0000000000000000000, -0.0000000000000000000, -1.000000000000000000 ) ) ;
#690 = DIRECTION ( 'NONE',  ( -1.000000000000000000, 0.0000000000000000000, 0.0000000000000000000 ) ) ;
#691 = CARTESIAN_POINT ( 'NONE',  ( -2.736075255249659200E-013, -5.519619894963801500E-013, 15.00000000000000000 ) ) ;
#692 = DIRECTION ( 'NONE',  ( -0.0000000000000000000, -0.0000000000000000000, -1.000000000000000000 ) ) ;
#693 = CARTESIAN_POINT ( 'NONE',  ( 10.50000000000023800, -3.897435053981037200, 15.00000000000000000 ) ) ;
#694 = CARTESIAN_POINT ( 'NONE',  ( 0.0000000000000000000, 0.0000000000000000000, 12.00000000000000000 ) ) ;
#695 = PLANE ( 'NONE',  #359 ) ;
#696 = DIRECTION ( 'NONE',  ( -1.000000000000000000, 0.0000000000000000000, 0.0000000000000000000 ) ) ;
#697 = CARTESIAN_POINT ( 'NONE',  ( -4.457335501818175100, 5.054037165459639900, 13.59619407772930600 ) ) ;
#698 = DIRECTION ( 'NONE',  ( -1.000000000000000000, -1.415397710853945300E-013, 0.0000000000000000000 ) ) ;
#699 = DIRECTION ( 'NONE',  ( 1.415397710853945300E-013, -1.000000000000000000, 0.0000000000000000000 ) ) ;
#700 = DIRECTION ( 'NONE',  ( 0.0000000000000000000, 0.0000000000000000000, 1.000000000000000000 ) ) ;
#701 = CARTESIAN_POINT ( 'NONE',  ( 0.0000000000000000000, 0.0000000000000000000, 0.0000000000000000000 ) ) ;
#702 = PLANE ( 'NONE',  #361 ) ;
#703 = CIRCLE ( 'NONE', #394, 5.499999999997270600 ) ;
#704 = VECTOR ( 'NONE', #228, 1000.000000000000000 ) ;
#705 = CIRCLE ( 'NONE', #395, 11.19999999999943400 ) ;
#706 = LINE ( 'NONE', #227, #704 ) ;
#707 = CIRCLE ( 'NONE', #396, 6.098571428567994200 ) ;
#708 = LINE ( 'NONE', #250, #715 ) ;
#709 = CIRCLE ( 'NONE', #397, 6.912551296482680700 ) ;
#710 = CIRCLE ( 'NONE', #398, 11.19999999999975900 ) ;
#711 = LINE ( 'NONE', #238, #713 ) ;
#712 = CIRCLE ( 'NONE', #400, 9.799999999999982900 ) ;
#713 = VECTOR ( 'NONE', #245, 1000.000000000000000 ) ;
#714 = CIRCLE ( 'NONE', #399, 7.100000000000286500 ) ;
#715 = VECTOR ( 'NONE', #255, 1000.000000000000000 ) ;
#716 = CIRCLE ( 'NONE', #2640, 10.50000000000000000 ) ;
#717 = CIRCLE ( 'NONE', #401, 9.000000000000014200 ) ;
#718 = CIRCLE ( 'NONE', #2923, 10.50000000000000000 ) ;
#719 = CIRCLE ( 'NONE', #2929, 8.300000000000000700 ) ;
#720 = CIRCLE ( 'NONE', #2924, 10.50000000000000000 ) ;
#721 = CIRCLE ( 'NONE', #2925, 10.50000000000000000 ) ;
#722 = CIRCLE ( 'NONE', #2926, 10.50000000000000000 ) ;
#723 = CIRCLE ( 'NONE', #2927, 10.50000000000000000 ) ;
#724 = CIRCLE ( 'NONE', #2928, 8.300000000000000700 ) ;
#725 = LINE ( 'NONE', #3067, #728 ) ;
#726 = LINE ( 'NONE', #3066, #730 ) ;
#727 = LINE ( 'NONE', #3075, #731 ) ;
#728 = VECTOR ( 'NONE', #3056, 1000.000000000000000 ) ;
#729 = CIRCLE ( 'NONE', #2930, 5.499999999997270600 ) ;
#730 = VECTOR ( 'NONE', #3072, 1000.000000000000000 ) ;
#731 = VECTOR ( 'NONE', #3079, 1000.000000000000000 ) ;
#732 = LINE ( 'NONE', #3074, #734 ) ;
#733 = LINE ( 'NONE', #3082, #739 ) ;
#734 = VECTOR ( 'NONE', #3080, 1000.000000000000200 ) ;
#735 = LINE ( 'NONE', #3081, #737 ) ;
#736 = CIRCLE ( 'NONE', #2931, 6.900000000000273900 ) ;
#737 = VECTOR ( 'NONE', #3078, 1000.000000000000000 ) ;
#738 = CIRCLE ( 'NONE', #2934, 9.000000000000014200 ) ;
#739 = VECTOR ( 'NONE', #3087, 1000.000000000000100 ) ;
#740 = LINE ( 'NONE', #3088, #742 ) ;
#741 = CIRCLE ( 'NONE', #2932, 9.799999999999982900 ) ;
#742 = VECTOR ( 'NONE', #3086, 1000.000000000000000 ) ;
#743 = CIRCLE ( 'NONE', #2933, 11.20000000000029600 ) ;
#744 = LINE ( 'NONE', #3107, #747 ) ;
#745 = CIRCLE ( 'NONE', #2935, 8.300000000000000700 ) ;
#746 = LINE ( 'NONE', #3126, #748 ) ;
#747 = VECTOR ( 'NONE', #3117, 1000.000000000000000 ) ;
#748 = VECTOR ( 'NONE', #3127, 1000.000000000000000 ) ;
#749 = LINE ( 'NONE', #3144, #753 ) ;
#750 = CIRCLE ( 'NONE', #2936, 6.912551296482680700 ) ;
#751 = CIRCLE ( 'NONE', #2937, 8.300000000000000700 ) ;
#752 = CIRCLE ( 'NONE', #2938, 11.19999999999943600 ) ;
#753 = VECTOR ( 'NONE', #3145, 1000.000000000000000 ) ;
#754 = LINE ( 'NONE', #3131, #759 ) ;
#755 = LINE ( 'NONE', #3146, #757 ) ;
#756 = LINE ( 'NONE', #852, #764 ) ;
#757 = VECTOR ( 'NONE', #3148, 1000.000000000000000 ) ;
#758 = CIRCLE ( 'NONE', #2939, 11.19999999999975900 ) ;
#759 = VECTOR ( 'NONE', #3149, 1000.000000000000000 ) ;
#760 = CIRCLE ( 'NONE', #2940, 7.100000000000286500 ) ;
#761 = LINE ( 'NONE', #841, #763 ) ;
#762 = VECTOR ( 'NONE', #922, 1000.000000000000000 ) ;
#763 = VECTOR ( 'NONE', #842, 1000.000000000000000 ) ;
#764 = VECTOR ( 'NONE', #858, 1000.000000000000000 ) ;
#765 = LINE ( 'NONE', #851, #767 ) ;
#766 = CIRCLE ( 'NONE', #2941, 6.900000000000273900 ) ;
#767 = VECTOR ( 'NONE', #859, 1000.000000000000100 ) ;
#768 = VECTOR ( 'NONE', #932, 1000.000000000000000 ) ;
#769 = LINE ( 'NONE', #926, #768 ) ;
#770 = LINE ( 'NONE', #925, #777 ) ;
#771 = LINE ( 'NONE', #937, #779 ) ;
#772 = CIRCLE ( 'NONE', #2942, 8.999999999999092300 ) ;
#773 = VECTOR ( 'NONE', #924, 1000.000000000000000 ) ;
#774 = LINE ( 'NONE', #927, #762 ) ;
#775 = LINE ( 'NONE', #923, #773 ) ;
#776 = CIRCLE ( 'NONE', #2943, 4.999999999997272400 ) ;
#777 = VECTOR ( 'NONE', #934, 999.9999999999998900 ) ;
#778 = CIRCLE ( 'NONE', #2946, 6.500000000000000900 ) ;
#779 = VECTOR ( 'NONE', #968, 1000.000000000000000 ) ;
#780 = LINE ( 'NONE', #931, #782 ) ;
#781 = LINE ( 'NONE', #974, #784 ) ;
#782 = VECTOR ( 'NONE', #936, 1000.000000000000000 ) ;
#783 = LINE ( 'NONE', #977, #787 ) ;
#784 = VECTOR ( 'NONE', #975, 1000.000000000000000 ) ;
#785 = CIRCLE ( 'NONE', #2944, 4.500000000000000000 ) ;
#786 = CIRCLE ( 'NONE', #2945, 0.9999999999999997800 ) ;
#787 = VECTOR ( 'NONE', #976, 1000.000000000000000 ) ;
#788 = CIRCLE ( 'NONE', #2948, 2.999999999999999600 ) ;
#789 = LINE ( 'NONE', #3557, #790 ) ;
#790 = VECTOR ( 'NONE', #3558, 1000.000000000000100 ) ;
#791 = CIRCLE ( 'NONE', #2947, 2.999999999999999100 ) ;
#792 = LINE ( 'NONE', #3559, #794 ) ;
#793 = CIRCLE ( 'NONE', #2949, 5.499999999997270600 ) ;
#794 = VECTOR ( 'NONE', #3560, 1000.000000000000000 ) ;
#795 = CIRCLE ( 'NONE', #2950, 5.499999999997270600 ) ;
#796 = CIRCLE ( 'NONE', #2951, 3.000000000000000400 ) ;
#797 = LINE ( 'NONE', #3591, #800 ) ;
#798 = CIRCLE ( 'NONE', #2952, 1.000000000000000200 ) ;
#799 = LINE ( 'NONE', #3597, #803 ) ;
#800 = VECTOR ( 'NONE', #3594, 999.9999999999998900 ) ;
#801 = LINE ( 'NONE', #3616, #806 ) ;
#802 = CIRCLE ( 'NONE', #2953, 8.000000000000000000 ) ;
#803 = VECTOR ( 'NONE', #3595, 1000.000000000000000 ) ;
#804 = CIRCLE ( 'NONE', #2954, 6.098571428567994200 ) ;
#805 = LINE ( 'NONE', #3623, #808 ) ;
#806 = VECTOR ( 'NONE', #3620, 1000.000000000000000 ) ;
#807 = CIRCLE ( 'NONE', #2956, 2.999999999999999100 ) ;
#808 = VECTOR ( 'NONE', #3632, 1000.000000000000000 ) ;
#809 = LINE ( 'NONE', #3168, #814 ) ;
#810 = CIRCLE ( 'NONE', #2955, 5.499999999997498000 ) ;
#811 = LINE ( 'NONE', #3162, #813 ) ;
#812 = LINE ( 'NONE', #3167, #816 ) ;
#813 = VECTOR ( 'NONE', #3163, 1000.000000000000000 ) ;
#814 = VECTOR ( 'NONE', #3172, 1000.000000000000000 ) ;
#815 = CIRCLE ( 'NONE', #2957, 7.999999999999091400 ) ;
#816 = VECTOR ( 'NONE', #3173, 1000.000000000000000 ) ;
#817 = CIRCLE ( 'NONE', #2958, 8.999999999999092300 ) ;
#818 = CIRCLE ( 'NONE', #2959, 4.500000000000000000 ) ;
#819 = LINE ( 'NONE', #3177, #821 ) ;
#820 = CIRCLE ( 'NONE', #2962, 4.500000000000000000 ) ;
#821 = VECTOR ( 'NONE', #3178, 1000.000000000000100 ) ;
#822 = LINE ( 'NONE', #3191, #823 ) ;
#823 = VECTOR ( 'NONE', #3192, 1000.000000000000000 ) ;
#824 = CIRCLE ( 'NONE', #2961, 5.499999999997498000 ) ;
#825 = CIRCLE ( 'NONE', #2960, 8.999999999999092300 ) ;
#826 = LINE ( 'NONE', #3201, #827 ) ;
#827 = VECTOR ( 'NONE', #3202, 1000.000000000000000 ) ;
#828 = CIRCLE ( 'NONE', #2963, 6.500000000000000900 ) ;
#829 = CIRCLE ( 'NONE', #2964, 6.600000000004031100 ) ;
#830 = CIRCLE ( 'NONE', #2965, 8.200000000002491500 ) ;
#831 = CIRCLE ( 'NONE', #2967, 7.999999999999091400 ) ;
#832 = LINE ( 'NONE', #3253, #837 ) ;
#833 = CIRCLE ( 'NONE', #2966, 8.400000000002622300 ) ;
#834 = LINE ( 'NONE', #3248, #835 ) ;
#835 = VECTOR ( 'NONE', #3247, 1000.000000000000000 ) ;
#836 = LINE ( 'NONE', #3259, #839 ) ;
#837 = VECTOR ( 'NONE', #3258, 1000.000000000000000 ) ;
#838 = CIRCLE ( 'NONE', #2968, 6.098571428567994200 ) ;
#839 = VECTOR ( 'NONE', #3260, 1000.000000000000000 ) ;
#840 = LINE ( 'NONE', #3257, #1042 ) ;
#841 = CARTESIAN_POINT ( 'NONE',  ( 6.900000000000000400, -5.519619894963801500E-013, 14.79999999999997800 ) ) ;
#842 = DIRECTION ( 'NONE',  ( 0.7071067811865322500, 0.0000000000000000000, 0.7071067811865627800 ) ) ;
#843 = CARTESIAN_POINT ( 'NONE',  ( 0.0000000000000000000, 0.0000000000000000000, 13.60000000000022900 ) ) ;
#844 = DIRECTION ( 'NONE',  ( -0.0000000000000000000, -0.0000000000000000000, 1.000000000000000000 ) ) ;
#845 = DIRECTION ( 'NONE',  ( -1.000000000000000000, 0.0000000000000000000, 0.0000000000000000000 ) ) ;
#846 = CARTESIAN_POINT ( 'NONE',  ( 10.50000000000014900, -3.272069318174682300, 13.81761806609719500 ) ) ;
#847 = CARTESIAN_POINT ( 'NONE',  ( 8.300000000000000700, 1.016456843292303000E-015, 0.7000000000000130600 ) ) ;
#848 = CARTESIAN_POINT ( 'NONE',  ( -2.736075255249659200E-013, -5.519619894963801500E-013, 15.00000000000000000 ) ) ;
#849 = DIRECTION ( 'NONE',  ( -0.0000000000000000000, -0.0000000000000000000, -1.000000000000000000 ) ) ;
#850 = DIRECTION ( 'NONE',  ( 1.000000000000000000, 0.0000000000000000000, 0.0000000000000000000 ) ) ;
#851 = CARTESIAN_POINT ( 'NONE',  ( -8.300000000000000700, 0.0000000000000000000, 12.00000000000000000 ) ) ;
#852 = CARTESIAN_POINT ( 'NONE',  ( -8.300000000000000700, 0.0000000000000000000, 0.7000000000000130600 ) ) ;
#853 = CARTESIAN_POINT ( 'NONE',  ( 10.50000000000006000, -2.626307845262936700, 13.99566656202828500 ) ) ;
#854 = CARTESIAN_POINT ( 'NONE',  ( 10.49999999999987600, -1.317161267758766300, 14.23728056104565100 ) ) ;
#855 = CARTESIAN_POINT ( 'NONE',  ( 10.49999999999978000, -0.6599855868192214800, 14.30000000000020500 ) ) ;
#856 = CARTESIAN_POINT ( 'NONE',  ( 10.49999999999968700, -2.610498507557372300E-023, 14.30000000000029700 ) ) ;
#857 = CARTESIAN_POINT ( 'NONE',  ( 10.49999999999968700, 1.486167596396598200E-012, 0.0000000000000000000 ) ) ;
#858 = DIRECTION ( 'NONE',  ( -0.7071067811865483500, 0.0000000000000000000, -0.7071067811865466800 ) ) ;
#859 = DIRECTION ( 'NONE',  ( -0.5165333288666428300, 0.0000000000000000000, -0.8562670846003275200 ) ) ;
#860 = CARTESIAN_POINT ( 'NONE',  ( -6.900000000000547500, -5.519619894963801500E-013, 14.30000000000000100 ) ) ;
#861 = CARTESIAN_POINT ( 'NONE',  ( -5.457335501818174200, 0.4578430877476849500, 2.500000000016142200 ) ) ;
#862 = CARTESIAN_POINT ( 'NONE',  ( 9.799999999999982900, 0.0000000000000000000, 15.00000000000000000 ) ) ;
#863 = CARTESIAN_POINT ( 'NONE',  ( -2.736075255249659200E-013, -5.519619894963801500E-013, 14.79999999999997800 ) ) ;
#864 = DIRECTION ( 'NONE',  ( 0.0000000000000000000, 0.0000000000000000000, 1.000000000000000000 ) ) ;
#865 = DIRECTION ( 'NONE',  ( 1.000000000000000000, 0.0000000000000000000, 0.0000000000000000000 ) ) ;
#866 = CARTESIAN_POINT ( 'NONE',  ( 11.04266449818000800, 0.4578430877476846700, 3.500000000017280800 ) ) ;
#867 = CARTESIAN_POINT ( 'NONE',  ( 5.542664498180006800, 0.4578430877476847300, 2.901428571446557700 ) ) ;
#868 = CARTESIAN_POINT ( 'NONE',  ( -15.85733550181817400, -4.042156912252314900, 9.000000000016143500 ) ) ;
#869 = CARTESIAN_POINT ( 'NONE',  ( 7.100000000000013900, -5.519619894963801500E-013, 15.00000000000000000 ) ) ;
#870 = CARTESIAN_POINT ( 'NONE',  ( 5.249999999999477800, 9.093266739735700100, 0.0000000000000000000 ) ) ;
#871 = CARTESIAN_POINT ( 'NONE',  ( 8.300000000000000700, 1.016456843292303000E-015, 12.00000000000000000 ) ) ;
#872 = CARTESIAN_POINT ( 'NONE',  ( -8.300000000000000700, 0.0000000000000000000, 0.7000000000000130600 ) ) ;
#873 = CARTESIAN_POINT ( 'NONE',  ( 10.49999999999955800, 3.897435053980580700, 13.60000000000055200 ) ) ;
#874 = CARTESIAN_POINT ( 'NONE',  ( -17.55733550181999500, 0.4578430877476845600, 13.50000000001455200 ) ) ;
#875 = CARTESIAN_POINT ( 'NONE',  ( -9.799999999999982900, -1.285879139104746500E-015, 15.00000000000000000 ) ) ;
#876 = CARTESIAN_POINT ( 'NONE',  ( 10.49999999999913500, 3.897435053981196600, 0.6999999999986793500 ) ) ;
#877 = CARTESIAN_POINT ( 'NONE',  ( 2.038378783889261300, 0.4578430877476846700, 3.500000000017280800 ) ) ;
#878 = CARTESIAN_POINT ( 'NONE',  ( 10.49999999999968700, -2.610498507557372300E-023, 14.30000000000029700 ) ) ;
#879 = CARTESIAN_POINT ( 'NONE',  ( -10.49999999999973200, 3.897435053980603300, 13.60000000000038200 ) ) ;
#880 = CARTESIAN_POINT ( 'NONE',  ( -13.45733550181817500, -7.542156912252771400, 8.949747468321406900 ) ) ;
#881 = CARTESIAN_POINT ( 'NONE',  ( -8.625277766347414500, 7.144549212745523000, 0.6999999999995371000 ) ) ;
#882 = CARTESIAN_POINT ( 'NONE',  ( -1.874722233652322200, -11.04198426672689400, 13.60000000000022900 ) ) ;
#883 = CARTESIAN_POINT ( 'NONE',  ( 10.50000000000023800, -3.897435053981281000, 13.59999999999986600 ) ) ;
#884 = CARTESIAN_POINT ( 'NONE',  ( -6.912551296482680700, 0.0000000000000000000, 14.30000000000000100 ) ) ;
#885 = CARTESIAN_POINT ( 'NONE',  ( 11.04266449818000800, 0.4578430877476840100, 14.50000000001182300 ) ) ;
#886 = CARTESIAN_POINT ( 'NONE',  ( 6.900000000000000400, -5.511169832049685300E-013, 14.79999999999997800 ) ) ;
#887 = CARTESIAN_POINT ( 'NONE',  ( -8.625277766347004200, -7.144549212746737200, 0.6999999999999968500 ) ) ;
#888 = CARTESIAN_POINT ( 'NONE',  ( 7.742664498179823200, 0.4578430877476840100, 15.09857142858254500 ) ) ;
#889 = CARTESIAN_POINT ( 'NONE',  ( 9.000000000000014200, 1.102182119232619700E-015, 0.0000000000000000000 ) ) ;
#890 = CARTESIAN_POINT ( 'NONE',  ( -10.25369178522366200, -6.872686697822013400, 10.36396103069441400 ) ) ;
#891 = CARTESIAN_POINT ( 'NONE',  ( 7.742664498179823200, 0.4578430877476847300, 2.901428571446557700 ) ) ;
#892 = CARTESIAN_POINT ( 'NONE',  ( -10.49999999999931300, -3.897435053981250300, 0.6999999999994330800 ) ) ;
#893 = CARTESIAN_POINT ( 'NONE',  ( 10.50000000000030000, -3.897435053981060300, 0.7000000000002935000 ) ) ;
#894 = CARTESIAN_POINT ( 'NONE',  ( 5.542664498180006800, 0.4578430877476840100, 14.50000000001182300 ) ) ;
#895 = CARTESIAN_POINT ( 'NONE',  ( -6.900000000000547500, -5.519619894963801500E-013, 14.79999999999997800 ) ) ;
#896 = CARTESIAN_POINT ( 'NONE',  ( 8.625277766346645300, 7.144549212745404000, 13.60000000000111500 ) ) ;
#897 = CARTESIAN_POINT ( 'NONE',  ( 9.942664498174187000, 0.4578430877476840100, 14.50000000001182300 ) ) ;
#898 = CARTESIAN_POINT ( 'NONE',  ( -5.457335501818174200, 0.4578430877476849500, 1.614333666744016700E-011 ) ) ;
#899 = CARTESIAN_POINT ( 'NONE',  ( 9.942664498174187000, 0.4578430877476846700, 3.500000000017280800 ) ) ;
#900 = CARTESIAN_POINT ( 'NONE',  ( -8.625277766347414500, 7.144549212745523000, 13.60000000000044700 ) ) ;
#901 = CARTESIAN_POINT ( 'NONE',  ( -10.49999999999931300, -3.897435053981250300, 13.60000000000055000 ) ) ;
#902 = CARTESIAN_POINT ( 'NONE',  ( 1.874722233653267200, -11.04198426672723700, 13.59999999999973000 ) ) ;
#903 = CARTESIAN_POINT ( 'NONE',  ( 1.038378783889262000, 0.4578430877476840100, 18.00000000001364200 ) ) ;
#904 = CARTESIAN_POINT ( 'NONE',  ( -21.45733550181817500, 0.4578430877476639700, 12.50000000001614400 ) ) ;
#905 = CARTESIAN_POINT ( 'NONE',  ( -10.49999999999973200, -1.285879165211237700E-015, 14.30000000000025100 ) ) ;
#906 = CARTESIAN_POINT ( 'NONE',  ( -1.874722233652880200, 11.04198426672607300, 13.60000000000094300 ) ) ;
#907 = CARTESIAN_POINT ( 'NONE',  ( 6.912551296482680700, 9.315001126051216600E-016, 14.30000000000000100 ) ) ;
#908 = CARTESIAN_POINT ( 'NONE',  ( -8.144611539457040200, 6.439060697879740200, 11.54460918420262100 ) ) ;
#909 = CARTESIAN_POINT ( 'NONE',  ( 11.54266449818000600, 0.4578430877476840100, 14.00000000001182300 ) ) ;
#910 = CARTESIAN_POINT ( 'NONE',  ( 1.038378783889262000, 0.4578430877476850600, 1.545985561790530500E-011 ) ) ;
#911 = CARTESIAN_POINT ( 'NONE',  ( 1.874722233652208700, 11.04198426672669000, 13.60000000000044700 ) ) ;
#912 = CARTESIAN_POINT ( 'NONE',  ( -10.49999999999973200, 3.897435053981374700, 0.6999999999993019600 ) ) ;
#913 = CARTESIAN_POINT ( 'NONE',  ( -8.625277766347004200, -7.144549212746737200, 13.59999999999998700 ) ) ;
#914 = CARTESIAN_POINT ( 'NONE',  ( 5.250000000000254000, -9.093266739737044800, 0.0000000000000000000 ) ) ;
#915 = CARTESIAN_POINT ( 'NONE',  ( 8.625277766347688100, -7.144549212746595900, 0.7000000000004321700 ) ) ;
#916 = CARTESIAN_POINT ( 'NONE',  ( 8.625277766347078800, 7.144549212745761900, 0.6999999999994313000 ) ) ;
#917 = CARTESIAN_POINT ( 'NONE',  ( 5.542664498180006800, 0.4578430877476846700, 3.500000000017280800 ) ) ;
#918 = CARTESIAN_POINT ( 'NONE',  ( -17.80187230106405800, 5.054037165459639900, 13.59619407772930800 ) ) ;
#919 = CARTESIAN_POINT ( 'NONE',  ( -3.787462520740159500, 0.4578430877476840100, 1.545985561790530500E-011 ) ) ;
#920 = CARTESIAN_POINT ( 'NONE',  ( -1.874722233652322200, -11.04198426672689400, 0.6999999999997557100 ) ) ;
#921 = CARTESIAN_POINT ( 'NONE',  ( -8.357335501818173600, 0.4578430877476840100, 4.500000000014551900 ) ) ;
#922 = DIRECTION ( 'NONE',  ( -0.7071067811865463500, 8.659560562354948900E-017, -0.7071067811865487900 ) ) ;
#923 = CARTESIAN_POINT ( 'NONE',  ( -17.55733550181999500, 0.4578430877476845600, 13.50000000001455200 ) ) ;
#924 = DIRECTION ( 'NONE',  ( 1.000000000000000000, -0.0000000000000000000, -0.0000000000000000000 ) ) ;
#925 = CARTESIAN_POINT ( 'NONE',  ( 1.038378783889262000, 0.4578430877476840100, 18.00000000001364200 ) ) ;
#926 = CARTESIAN_POINT ( 'NONE',  ( -4.457335501817719400, 0.4578430877476840100, 18.00000000001364200 ) ) ;
#927 = CARTESIAN_POINT ( 'NONE',  ( 11.04266449818000800, 0.4578430877476846700, 3.500000000017280800 ) ) ;
#928 = CARTESIAN_POINT ( 'NONE',  ( -3.787462520740159500, 0.4578430877476840100, 9.000000000014551900 ) ) ;
#929 = DIRECTION ( 'NONE',  ( -1.000000000000000000, -0.0000000000000000000, -0.0000000000000000000 ) ) ;
#930 = DIRECTION ( 'NONE',  ( 0.0000000000000000000, 0.0000000000000000000, 1.000000000000000000 ) ) ;
#931 = CARTESIAN_POINT ( 'NONE',  ( -4.457335501818175100, 0.4578430877476837300, 2.500000000016142200 ) ) ;
#932 = DIRECTION ( 'NONE',  ( -1.000000000000000000, -0.0000000000000000000, -0.0000000000000000000 ) ) ;
#933 = CARTESIAN_POINT ( 'NONE',  ( -5.457335501818170600, 0.7388961302815264500, 2.500000000016140000 ) ) ;
#934 = DIRECTION ( 'NONE',  ( -0.7071067811865469100, 0.0000000000000000000, 0.7071067811865482400 ) ) ;
#935 = CARTESIAN_POINT ( 'NONE',  ( -5.457335501818174200, 0.4578430877476849500, 2.500000000016142200 ) ) ;
#936 = DIRECTION ( 'NONE',  ( -1.000000000000000000, -0.0000000000000000000, -0.0000000000000000000 ) ) ;
#937 = CARTESIAN_POINT ( 'NONE',  ( -17.55733550181999500, -4.042156912252314900, 9.000000000016143500 ) ) ;
#938 = CARTESIAN_POINT ( 'NONE',  ( -5.472472521985005200, 1.024337747934710700, 2.518603617818871300 ) ) ;
#939 = CARTESIAN_POINT ( 'NONE',  ( -5.531894356710489000, 1.583158893272883900, 2.591951966409070000 ) ) ;
#940 = CARTESIAN_POINT ( 'NONE',  ( -5.575748600193271000, 1.856064584827172600, 2.646167405784534600 ) ) ;
#941 = CARTESIAN_POINT ( 'NONE',  ( -5.689318633183229500, 2.389772012776598200, 2.787604116055447400 ) ) ;
#942 = CARTESIAN_POINT ( 'NONE',  ( -5.759671013291699300, 2.652365511138980600, 2.875625538605268300 ) ) ;
#943 = CARTESIAN_POINT ( 'NONE',  ( -5.921444966858075500, 3.156050101634417800, 3.080239014928875200 ) ) ;
#944 = CARTESIAN_POINT ( 'NONE',  ( -6.012433099210483100, 3.396627732531703800, 3.196272564095952600 ) ) ;
#945 = CARTESIAN_POINT ( 'NONE',  ( -6.211347380725831300, 3.857649423667536000, 3.453737815705856000 ) ) ;
#946 = CARTESIAN_POINT ( 'NONE',  ( -6.319801062488612500, 4.078992085968587300, 3.595859962472642400 ) ) ;
#947 = CARTESIAN_POINT ( 'NONE',  ( -6.548694678867443400, 4.498610331649574700, 3.901995518524737200 ) ) ;
#948 = CARTESIAN_POINT ( 'NONE',  ( -6.668106866966042800, 4.695256728564875600, 4.064610886217475500 ) ) ;
#949 = CARTESIAN_POINT ( 'NONE',  ( -7.036333941801502500, 5.250330776305929700, 4.579929635535310500 ) ) ;
#950 = CARTESIAN_POINT ( 'NONE',  ( -7.296135895132246100, 5.575010992635042400, 4.960122657839668200 ) ) ;
#951 = CARTESIAN_POINT ( 'NONE',  ( -7.811493278987196500, 6.138534379759162700, 5.800662138597769700 ) ) ;
#952 = CARTESIAN_POINT ( 'NONE',  ( -8.059691525069013100, 6.369116808740713500, 6.247666800241569600 ) ) ;
#953 = CARTESIAN_POINT ( 'NONE',  ( -8.378124777894795400, 6.640160436286300300, 6.976123530532524000 ) ) ;
#954 = CARTESIAN_POINT ( 'NONE',  ( -8.475061474750280200, 6.717845930143467600, 7.228792310838835000 ) ) ;
#955 = CARTESIAN_POINT ( 'NONE',  ( -8.638508354316485300, 6.844516321137611200, 7.760961148767011200 ) ) ;
#956 = CARTESIAN_POINT ( 'NONE',  ( -8.702780892307561800, 6.891872215392469400, 8.034781442682930900 ) ) ;
#957 = CARTESIAN_POINT ( 'NONE',  ( -8.763623377541792400, 6.936245404829493900, 8.452370711418925700 ) ) ;
#958 = CARTESIAN_POINT ( 'NONE',  ( -8.778078162595420500, 6.946652636109502200, 8.593035660843714400 ) ) ;
#959 = CARTESIAN_POINT ( 'NONE',  ( -8.794200754590797000, 6.958248685153290800, 8.877540220956241500 ) ) ;
#960 = CARTESIAN_POINT ( 'NONE',  ( -8.795753916230769000, 6.959357882701236300, 9.021596190223631200 ) ) ;
#961 = CARTESIAN_POINT ( 'NONE',  ( -8.780830454362480000, 6.948640463530687800, 9.447429909894980300 ) ) ;
#962 = CARTESIAN_POINT ( 'NONE',  ( -8.745048261322617500, 6.923098121292309900, 9.726596159339614200 ) ) ;
#963 = CARTESIAN_POINT ( 'NONE',  ( -8.629560707615919300, 6.837323021267087200, 10.27659719778095500 ) ) ;
#964 = CARTESIAN_POINT ( 'NONE',  ( -8.549812138315003200, 6.776882754811488500, 10.54630718033909500 ) ) ;
#965 = CARTESIAN_POINT ( 'NONE',  ( -8.364768083347973600, 6.628726733190294600, 11.05949587140145600 ) ) ;
#966 = CARTESIAN_POINT ( 'NONE',  ( -8.258899573196522700, 6.540575274849873100, 11.30599463418362500 ) ) ;
#967 = CARTESIAN_POINT ( 'NONE',  ( -8.144611539457040200, 6.439060697879740200, 11.54460918420262100 ) ) ;
#968 = DIRECTION ( 'NONE',  ( 1.000000000000000000, -0.0000000000000000000, -0.0000000000000000000 ) ) ;
#969 = CARTESIAN_POINT ( 'NONE',  ( -15.85733550181817400, -4.042156912252314900, 9.000000000016143500 ) ) ;
#970 = CARTESIAN_POINT ( 'NONE',  ( -15.85733550181806400, -4.042156912252377100, 8.824128599473549900 ) ) ;
#971 = CARTESIAN_POINT ( 'NONE',  ( 11.54266449818000600, 0.4578430877476840100, 9.000000000014551900 ) ) ;
#972 = DIRECTION ( 'NONE',  ( -1.000000000000000000, -0.0000000000000000000, -0.0000000000000000000 ) ) ;
#973 = DIRECTION ( 'NONE',  ( 0.0000000000000000000, 0.0000000000000000000, 1.000000000000000000 ) ) ;
#974 = CARTESIAN_POINT ( 'NONE',  ( -4.457335501818175100, 5.054037165459639900, 13.59619407772930800 ) ) ;
#975 = DIRECTION ( 'NONE',  ( -1.000000000000000000, 0.0000000000000000000, 0.0000000000000000000 ) ) ;
#976 = DIRECTION ( 'NONE',  ( -1.000000000000000000, -0.0000000000000000000, -0.0000000000000000000 ) ) ;
#977 = CARTESIAN_POINT ( 'NONE',  ( -4.457335501817719400, 0.4578430877476850600, 1.545985561790530500E-011 ) ) ;
#978 = CARTESIAN_POINT ( 'NONE',  ( -15.87678730977537200, -4.031909204052460000, 8.652495421663813200 ) ) ;
#979 = CARTESIAN_POINT ( 'NONE',  ( -15.94740618207259400, -3.993131041596283300, 8.316286336548561300 ) ) ;
#980 = CARTESIAN_POINT ( 'NONE',  ( -15.99914899846443100, -3.964178584236832200, 8.150205891122832100 ) ) ;
#981 = CARTESIAN_POINT ( 'NONE',  ( -16.18322781717746400, -3.854914401608788000, 7.674924297259836200 ) ) ;
#982 = CARTESIAN_POINT ( 'NONE',  ( -16.34202929307924600, -3.753329304647465400, 7.384951260105833800 ) ) ;
#983 = CARTESIAN_POINT ( 'NONE',  ( -16.68335357398507000, -3.497942369764377000, 6.833408953026699700 ) ) ;
#984 = CARTESIAN_POINT ( 'NONE',  ( -16.86216905280429800, -3.347230180987200500, 6.579609172642677500 ) ) ;
#985 = CARTESIAN_POINT ( 'NONE',  ( -17.21521217262768400, -2.999010541977947100, 6.103961788885524900 ) ) ;
#986 = CARTESIAN_POINT ( 'NONE',  ( -17.39005341784621800, -2.801427296299783300, 5.882171112035567100 ) ) ;
#987 = CARTESIAN_POINT ( 'NONE',  ( -17.55733550181999500, -2.575307089870473700, 5.675845972293372700 ) ) ;
#988 = CC_DESIGN_PERSON_AND_ORGANIZATION_ASSIGNMENT ( #3975, #3472, ( #3031 ) ) ;
#989 = CC_DESIGN_PERSON_AND_ORGANIZATION_ASSIGNMENT ( #3976, #3473, ( #3031 ) ) ;
#990 = SECURITY_CLASSIFICATION ( '', '', #3474 ) ;
#991 = CC_DESIGN_PERSON_AND_ORGANIZATION_ASSIGNMENT ( #3977, #3475, ( #990 ) ) ;
#992 = CC_DESIGN_DATE_AND_TIME_ASSIGNMENT ( #3981, #3476, ( #990 ) ) ;
#993 = APPROVAL ( #3477, 'UNSPECIFIED' ) ;
#994 = CC_DESIGN_APPROVAL ( #993, ( #990 ) ) ;
#995 = CC_DESIGN_SECURITY_CLASSIFICATION ( #990, ( #3031 ) ) ;
#996 = PRODUCT_RELATED_PRODUCT_CATEGORY ( 'detail', '', ( #2520 ) ) ;
#997 = PRODUCT_DEFINITION ( 'UNKNOWN', '', #1002, #3681 ) ;
#998 = APPROVAL ( #3484, 'UNSPECIFIED' ) ;
#999 = CC_DESIGN_APPROVAL ( #998, ( #997 ) ) ;
#1000 = CC_DESIGN_PERSON_AND_ORGANIZATION_ASSIGNMENT ( #3997, #3486, ( #997 ) ) ;
#1001 = CC_DESIGN_DATE_AND_TIME_ASSIGNMENT ( #4001, #3487, ( #997 ) ) ;
#1002 = PRODUCT_DEFINITION_FORMATION_WITH_SPECIFIED_SOURCE ( 'ANY', '', #2522, .NOT_KNOWN. ) ;
#1003 = APPROVAL ( #3488, 'UNSPECIFIED' ) ;
#1004 = CC_DESIGN_APPROVAL ( #1003, ( #1002 ) ) ;
#1005 = CC_DESIGN_PERSON_AND_ORGANIZATION_ASSIGNMENT ( #4009, #3490, ( #1002 ) ) ;
#1006 = CC_DESIGN_PERSON_AND_ORGANIZATION_ASSIGNMENT ( #4010, #3491, ( #1002 ) ) ;
#1007 = SECURITY_CLASSIFICATION ( '', '', #3492 ) ;
#1008 = CC_DESIGN_PERSON_AND_ORGANIZATION_ASSIGNMENT ( #4011, #3493, ( #1007 ) ) ;
#1009 = CC_DESIGN_DATE_AND_TIME_ASSIGNMENT ( #4015, #3494, ( #1007 ) ) ;
#1010 = APPROVAL ( #3495, 'UNSPECIFIED' ) ;
#1011 = CC_DESIGN_APPROVAL ( #1010, ( #1007 ) ) ;
#1012 = CC_DESIGN_SECURITY_CLASSIFICATION ( #1007, ( #1002 ) ) ;
#1013 = PRODUCT_RELATED_PRODUCT_CATEGORY ( 'detail', '', ( #2522 ) ) ;
#1014 = PRODUCT_DEFINITION ( 'UNKNOWN', '', #1019, #3682 ) ;
#1015 = APPROVAL ( #3502, 'UNSPECIFIED' ) ;
#1016 = CC_DESIGN_APPROVAL ( #1015, ( #1014 ) ) ;
#1017 = CC_DESIGN_PERSON_AND_ORGANIZATION_ASSIGNMENT ( #4031, #3504, ( #1014 ) ) ;
#1018 = CC_DESIGN_DATE_AND_TIME_ASSIGNMENT ( #4035, #3505, ( #1014 ) ) ;
#1019 = PRODUCT_DEFINITION_FORMATION_WITH_SPECIFIED_SOURCE ( 'ANY', '', #2523, .NOT_KNOWN. ) ;
#1020 = APPROVAL ( #3506, 'UNSPECIFIED' ) ;
#1021 = CC_DESIGN_APPROVAL ( #1020, ( #1019 ) ) ;
#1022 = CC_DESIGN_PERSON_AND_ORGANIZATION_ASSIGNMENT ( #4043, #3508, ( #1019 ) ) ;
#1023 = CC_DESIGN_PERSON_AND_ORGANIZATION_ASSIGNMENT ( #4044, #3509, ( #1019 ) ) ;
#1024 = SECURITY_CLASSIFICATION ( '', '', #3510 ) ;
#1025 = CC_DESIGN_PERSON_AND_ORGANIZATION_ASSIGNMENT ( #4045, #3511, ( #1024 ) ) ;
#1026 = CC_DESIGN_DATE_AND_TIME_ASSIGNMENT ( #4049, #3512, ( #1024 ) ) ;
#1027 = APPROVAL ( #3513, 'UNSPECIFIED' ) ;
#1028 = CC_DESIGN_APPROVAL ( #1027, ( #1024 ) ) ;
#1029 = CC_DESIGN_SECURITY_CLASSIFICATION ( #1024, ( #1019 ) ) ;
#1030 = PRODUCT_RELATED_PRODUCT_CATEGORY ( 'detail', '', ( #2523 ) ) ;
#1031 = CC_DESIGN_SECURITY_CLASSIFICATION ( #3024, ( #4131 ) ) ;
#1032 = APPROVAL ( #3517, 'UNKNOWN' ) ;
#1033 = CC_DESIGN_APPROVAL ( #1032, ( #3024 ) ) ;
#1034 = CC_DESIGN_DATE_AND_TIME_ASSIGNMENT ( #4062, #3519, ( #3024 ) ) ;
#1035 = CC_DESIGN_PERSON_AND_ORGANIZATION_ASSIGNMENT ( #4069, #3520, ( #3024 ) ) ;
#1036 = SECURITY_CLASSIFICATION ( '', '', #3522 ) ;
#1037 = CC_DESIGN_SECURITY_CLASSIFICATION ( #1036, ( #4132 ) ) ;
#1038 = APPROVAL ( #3523, 'UNKNOWN' ) ;
#1039 = CC_DESIGN_APPROVAL ( #1038, ( #1036 ) ) ;
#1040 = CC_DESIGN_DATE_AND_TIME_ASSIGNMENT ( #4077, #3525, ( #1036 ) ) ;
#1041 = CC_DESIGN_PERSON_AND_ORGANIZATION_ASSIGNMENT ( #4084, #3526, ( #1036 ) ) ;
#1042 = VECTOR ( 'NONE', #3252, 1000.000000000000000 ) ;
#1043 = B_SPLINE_CURVE_WITH_KNOTS ( 'NONE', 3,
 ( #25, #31, #35, #36 ),
 .UNSPECIFIED., .F., .F.,
 ( 4, 4 ),
 ( 2.386635454778748000E-007, 0.002668590896759034800 ),
 .UNSPECIFIED. ) ;
#1044 = CARTESIAN_POINT ( 'NONE',  ( -19.34963212250497500, 6.039295629617218900, 12.61093561357148700 ) ) ;
#1045 = CARTESIAN_POINT ( 'NONE',  ( -17.58468108566902900, 5.435307213594032100, 13.21492402959491300 ) ) ;
#1046 = CARTESIAN_POINT ( 'NONE',  ( -20.40859438061183100, 4.417641062391383300, 11.47487373416966200 ) ) ;
#1047 = CARTESIAN_POINT ( 'NONE',  ( -19.73277754517367900, 5.604009106382410000, 13.04622213680653800 ) ) ;
#1048 = CARTESIAN_POINT ( 'NONE',  ( -17.80187230106421100, 5.054037165459639000, 13.59619407772930600 ) ) ;
#1049 = DIRECTION ( 'NONE',  ( 0.0000000000000000000, 0.0000000000000000000, -1.000000000000000000 ) ) ;
#1050 = CARTESIAN_POINT ( 'NONE',  ( -17.55733550181999500, 0.4578430877476840100, 9.000000000014551900 ) ) ;
#1051 = DIRECTION ( 'NONE',  ( 1.000000000000000000, -0.0000000000000000000, -0.0000000000000000000 ) ) ;
#1052 = DIRECTION ( 'NONE',  ( 0.0000000000000000000, 0.0000000000000000000, -1.000000000000000000 ) ) ;
#1053 = DIRECTION ( 'NONE',  ( 1.000000000000000000, 0.0000000000000000000, 0.0000000000000000000 ) ) ;
#1054 = DIRECTION ( 'NONE',  ( 0.0000000000000000000, 0.0000000000000000000, 1.000000000000000000 ) ) ;
#1055 = CARTESIAN_POINT ( 'NONE',  ( -4.457335501817834000, 0.4578430877476840100, 9.000000000014551900 ) ) ;
#1056 = DIRECTION ( 'NONE',  ( -1.000000000000000000, -0.0000000000000000000, -0.0000000000000000000 ) ) ;
#1057 = CARTESIAN_POINT ( 'NONE',  ( -10.41114261083813700, -6.941497051631007100, 10.79304801606232700 ) ) ;
#1058 = CARTESIAN_POINT ( 'NONE',  ( 1.038378783889262000, 0.4578430877476840100, 9.000000000014551900 ) ) ;
#1059 = CARTESIAN_POINT ( 'NONE',  ( -10.65414724979797600, -6.663477255812316500, 11.07106781188099400 ) ) ;
#1060 = DIRECTION ( 'NONE',  ( 0.0000000000000000000, 0.0000000000000000000, 1.000000000000000000 ) ) ;
#1061 = DIRECTION ( 'NONE',  ( -1.000000000000000000, 0.0000000000000000000, 0.0000000000000000000 ) ) ;
#1062 = CARTESIAN_POINT ( 'NONE',  ( -10.25369178522366200, -6.872686697822013400, 10.36396103069441400 ) ) ;
#1063 = CARTESIAN_POINT ( 'NONE',  ( -11.11383690070034900, -6.964822843185081600, 10.76972222450825700 ) ) ;
#1064 = CARTESIAN_POINT ( 'NONE',  ( -10.90993136493885800, -7.146493127145059400, 10.51171351000539100 ) ) ;
#1065 = CARTESIAN_POINT ( 'NONE',  ( -10.77902507576777500, -7.102271836222589000, 10.16307402782612900 ) ) ;
#1066 = CARTESIAN_POINT ( 'NONE',  ( -11.57477809510045400, -7.180511374020639400, 10.42920362487807600 ) ) ;
#1067 = CARTESIAN_POINT ( 'NONE',  ( -11.42247731140054700, -7.297652777586617600, 10.20552070652234800 ) ) ;
#1068 = CARTESIAN_POINT ( 'NONE',  ( -11.30584132262876400, -7.266617454003617900, 9.936051572356172200 ) ) ;
#1069 = CARTESIAN_POINT ( 'NONE',  ( -12.50753583942183600, -7.469549342447836100, 9.711376213013137400 ) ) ;
#1070 = CARTESIAN_POINT ( 'NONE',  ( -12.43196544517467600, -7.492529983062466300, 9.589144561232748400 ) ) ;
#1071 = CARTESIAN_POINT ( 'NONE',  ( -12.37185017344866200, -7.486836859616670600, 9.457499965118806500 ) ) ;
#1072 = CARTESIAN_POINT ( 'NONE',  ( -12.98108000223570000, -7.542156912252546700, 9.331600852422246500 ) ) ;
#1073 = CARTESIAN_POINT ( 'NONE',  ( -12.94701048807792900, -7.542156912428446900, 9.267990590532770400 ) ) ;
#1074 = CARTESIAN_POINT ( 'NONE',  ( -12.91302726117017000, -7.542156912252546700, 9.204323987135591500 ) ) ;
#1075 = CARTESIAN_POINT ( 'NONE',  ( -13.45733550181817500, -7.542156912252546700, 8.949747468321254100 ) ) ;
#1076 = CARTESIAN_POINT ( 'NONE',  ( -13.45733550181817500, -7.542156912252546700, 8.949747468321254100 ) ) ;
#1077 = CARTESIAN_POINT ( 'NONE',  ( -13.45733550181817500, -7.542156912252546700, 8.949747468321254100 ) ) ;
#1078 = DIRECTION ( 'NONE',  ( -1.000000000000000000, 0.0000000000000000000, 0.0000000000000000000 ) ) ;
#1079 = CARTESIAN_POINT ( 'NONE',  ( -4.457335501818175100, 5.457843087747856500, 8.949747468321806600 ) ) ;
#1080 = DIRECTION ( 'NONE',  ( -0.0000000000000000000, -0.0000000000000000000, -1.000000000000000000 ) ) ;
#1081 = DIRECTION ( 'NONE',  ( 0.0000000000000000000, 0.0000000000000000000, 1.000000000000000000 ) ) ;
#1082 = CARTESIAN_POINT ( 'NONE',  ( -13.45733550181817500, 0.4578430877476840100, 15.50000000001614400 ) ) ;
#1083 = DIRECTION ( 'NONE',  ( -1.000000000000000000, -0.0000000000000000000, -0.0000000000000000000 ) ) ;
#1084 = DIRECTION ( 'NONE',  ( 0.0000000000000000000, 0.0000000000000000000, 1.000000000000000000 ) ) ;
#1085 = CARTESIAN_POINT ( 'NONE',  ( -4.457335501817719400, 0.4578430877476840100, 9.000000000014551900 ) ) ;
#1086 = DIRECTION ( 'NONE',  ( -1.000000000000000000, -0.0000000000000000000, -0.0000000000000000000 ) ) ;
#1087 = CARTESIAN_POINT ( 'NONE',  ( -4.957335501819235500, 0.4578430877451241700, -1.499999999964727500 ) ) ;
#1088 = CARTESIAN_POINT ( 'NONE',  ( -4.457335501817719400, 0.4578430877476840100, 9.000000000014551900 ) ) ;
#1089 = PLANE ( 'NONE',  #371 ) ;
#1090 = CARTESIAN_POINT ( 'NONE',  ( -9.207335501818764800, 7.819059019914389500, -1.499999999964727500 ) ) ;
#1091 = DIRECTION ( 'NONE',  ( 1.000000000000000000, 4.263716408650321900E-017, 0.0000000000000000000 ) ) ;
#1092 = DIRECTION ( 'NONE',  ( 1.000000000000000000, -3.011101989785548100E-013, 9.280077055315015200E-046 ) ) ;
#1093 = DIRECTION ( 'NONE',  ( 3.011101989785548100E-013, 1.000000000000000000, -1.371151043616802800E-029 ) ) ;
#1094 = PLANE ( 'NONE',  #373 ) ;
#1095 = CARTESIAN_POINT ( 'NONE',  ( -21.95733550181745700, -2.180338103908871200, -1.899999999983897200 ) ) ;
#1096 = DIRECTION ( 'NONE',  ( 0.4999999999999998300, 0.8660254037844387100, 0.0000000000000000000 ) ) ;
#1097 = DIRECTION ( 'NONE',  ( -0.8660254037844387100, 0.4999999999999998300, 3.942096062099690800E-017 ) ) ;
#1098 = DIRECTION ( 'NONE',  ( 0.0000000000000000000, -3.081487911019578000E-033, -1.000000000000000000 ) ) ;
#1099 = CARTESIAN_POINT ( 'NONE',  ( -13.45733550181934600, 0.4578430877456514100, -1.499999999964727500 ) ) ;
#1100 = CARTESIAN_POINT ( 'NONE',  ( -21.95733550181745700, -2.180338103908871200, -7.599999999964829600 ) ) ;
#1101 = CARTESIAN_POINT ( 'NONE',  ( -19.15733550181992200, 0.4578430877476832900, -6.699999999968866000 ) ) ;
#1102 = CARTESIAN_POINT ( 'NONE',  ( -19.99206743358080400, 6.499968424083338200, -1.899999999983286600 ) ) ;
#1103 = CARTESIAN_POINT ( 'NONE',  ( -10.65414724979688900, 7.579163431307158300, 11.07106781188178800 ) ) ;
#1104 = CARTESIAN_POINT ( 'NONE',  ( -4.957335501819535800, -2.180338103908901800, -1.899999999983290200 ) ) ;
#1105 = CARTESIAN_POINT ( 'NONE',  ( -9.207335501818599600, -6.903372844419309700, -1.499999999983998600 ) ) ;
#1106 = CARTESIAN_POINT ( 'NONE',  ( -4.957335501819235500, 0.4578430877451241700, -1.499999999983998600 ) ) ;
#1107 = CARTESIAN_POINT ( 'NONE',  ( -17.70733550181935100, -6.903372844422086100, -1.499999999983998600 ) ) ;
#1108 = CARTESIAN_POINT ( 'NONE',  ( -21.95733550181860800, 3.096024279400222800, -1.899999999983805300 ) ) ;
#1109 = CARTESIAN_POINT ( 'NONE',  ( -6.922603570057599000, -5.584282248590958500, -1.899999999983808600 ) ) ;
#1110 = CARTESIAN_POINT ( 'NONE',  ( -15.42260357006624700, -8.222463440243400300, -1.899999999981756500 ) ) ;
#1111 = CARTESIAN_POINT ( 'NONE',  ( -11.49206743357864000, -8.222463440247098600, -1.899999999983479100 ) ) ;
#1112 = CARTESIAN_POINT ( 'NONE',  ( -21.95733550181910200, 0.4578430877476831800, -1.499999999964727500 ) ) ;
#1113 = CARTESIAN_POINT ( 'NONE',  ( -11.49206743357102800, 9.138149615737692200, -1.899999999980502400 ) ) ;
#1114 = CARTESIAN_POINT ( 'NONE',  ( -9.207335501818764800, 7.819059019914393000, -1.499999999983998600 ) ) ;
#1115 = CARTESIAN_POINT ( 'NONE',  ( -4.957335501818441500, 3.096024279401693200, -1.899999999983022800 ) ) ;
#1116 = CARTESIAN_POINT ( 'NONE',  ( -4.957335501816796600, 3.096024279401616000, -7.599999999963608300 ) ) ;
#1117 = CARTESIAN_POINT ( 'NONE',  ( -6.922603570057914300, 6.499968424088596200, -1.899999999985118500 ) ) ;
#1118 = CARTESIAN_POINT ( 'NONE',  ( -6.922603570059558300, 6.499968424087078300, -7.599999999965845600 ) ) ;
#1119 = CARTESIAN_POINT ( 'NONE',  ( -15.42260357006014200, 9.138149615741161500, -1.899999999982741900 ) ) ;
#1120 = CARTESIAN_POINT ( 'NONE',  ( -13.45733550181817500, 7.579163431307158300, 11.07106781188178800 ) ) ;
#1121 = CARTESIAN_POINT ( 'NONE',  ( -19.99206743357821000, -5.584282248594972100, -1.899999999986138600 ) ) ;
#1122 = CARTESIAN_POINT ( 'NONE',  ( -19.99206743357821000, -5.584282248594972100, -7.599999999964827800 ) ) ;
#1123 = CARTESIAN_POINT ( 'NONE',  ( -17.70733550181696700, 7.819059019913324500, -1.499999999983998600 ) ) ;
#1124 = CARTESIAN_POINT ( 'NONE',  ( -21.95733550181910200, 3.096024279400963600, -7.599999999964780700 ) ) ;
#1125 = CARTESIAN_POINT ( 'NONE',  ( -17.55733550181999500, -2.575307089870473700, 5.675845972293372700 ) ) ;
#1126 = CARTESIAN_POINT ( 'NONE',  ( -6.922603570057599900, -5.584282248590958500, -7.599999999964918400 ) ) ;
#1127 = CARTESIAN_POINT ( 'NONE',  ( -8.300000000000000700, 0.0000000000000000000, 12.00000000000000000 ) ) ;
#1128 = CARTESIAN_POINT ( 'NONE',  ( -5.057335501814730300, 0.4578430877476839500, -0.1999999999839872900 ) ) ;
#1129 = CARTESIAN_POINT ( 'NONE',  ( -9.000000000000014200, 0.0000000000000000000, 0.0000000000000000000 ) ) ;
#1130 = CARTESIAN_POINT ( 'NONE',  ( -5.249999999999652700, 9.093266739736005600, 0.0000000000000000000 ) ) ;
#1131 = CARTESIAN_POINT ( 'NONE',  ( 11.54266449818000600, 0.4578430877476840100, 4.500000000014551900 ) ) ;
#1132 = CARTESIAN_POINT ( 'NONE',  ( -21.85733550181997100, 0.4578430877476821800, -0.1999999999839872900 ) ) ;
#1133 = CARTESIAN_POINT ( 'NONE',  ( 11.54266449818000600, 0.4578430877476845600, 13.50000000001455200 ) ) ;
#1134 = CARTESIAN_POINT ( 'NONE',  ( -4.957335501820030500, -2.180338103908748200, -7.599999999965953100 ) ) ;
#1135 = CARTESIAN_POINT ( 'NONE',  ( -21.95733550181910200, 0.4578430877476831800, -7.999999999964727800 ) ) ;
#1136 = CARTESIAN_POINT ( 'NONE',  ( -4.457335501818175100, 0.4578430877476837300, 2.500000000016142200 ) ) ;
#1137 = CARTESIAN_POINT ( 'NONE',  ( -10.65414724979795700, -6.663477255812316500, 11.07106781188099400 ) ) ;
#1138 = CARTESIAN_POINT ( 'NONE',  ( -11.49206743357902000, -8.222463440245420000, -7.599999999966970100 ) ) ;
#1139 = CARTESIAN_POINT ( 'NONE',  ( 2.038378783889261300, 0.4578430877476840100, 17.00000000001364200 ) ) ;
#1140 = CARTESIAN_POINT ( 'NONE',  ( -7.637112138406362000, 5.054037165459639900, 13.59619407772930800 ) ) ;
#1141 = CARTESIAN_POINT ( 'NONE',  ( -5.257335501814860200, 0.4578430877476839500, 1.614333666744016700E-011 ) ) ;
#1142 = CARTESIAN_POINT ( 'NONE',  ( -18.45733550181817500, 0.4578430877773205200, 15.50000000001614400 ) ) ;
#1143 = CARTESIAN_POINT ( 'NONE',  ( -11.05733550181817500, 4.957843087747684200, 9.000000000016143500 ) ) ;
#1144 = CARTESIAN_POINT ( 'NONE',  ( -10.49999999999973200, 0.0000000000000000000, 0.0000000000000000000 ) ) ;
#1145 = CARTESIAN_POINT ( 'NONE',  ( -21.65733550181984400, 0.4578430877476821800, 1.614333666744016700E-011 ) ) ;
#1146 = CARTESIAN_POINT ( 'NONE',  ( -5.250000000000145700, -9.093266739736860100, 0.0000000000000000000 ) ) ;
#1147 = CARTESIAN_POINT ( 'NONE',  ( 1.874722233652208700, 11.04198426672669000, 0.6999999999995371000 ) ) ;
#1148 = CARTESIAN_POINT ( 'NONE',  ( -19.35733550182429500, 0.4578430877476825100, -8.496085174983333500 ) ) ;
#1149 = CARTESIAN_POINT ( 'NONE',  ( 8.625277766347688100, -7.144549212746595900, 13.59999999999955200 ) ) ;
#1150 = CARTESIAN_POINT ( 'NONE',  ( -3.787462520740159500, 0.4578430877476851200, 18.00000000001364200 ) ) ;
#1151 = CARTESIAN_POINT ( 'NONE',  ( 1.874722233653266700, -11.04198426672723700, 0.7000000000002516400 ) ) ;
#1152 = CARTESIAN_POINT ( 'NONE',  ( 2.038378783889261300, 0.4578430877476850100, 1.000000000015460700 ) ) ;
#1153 = CARTESIAN_POINT ( 'NONE',  ( -8.757335501818175800, 0.4578430877476837900, -10.78364960968506700 ) ) ;
#1154 = CARTESIAN_POINT ( 'NONE',  ( 5.542664498180006800, 0.4578430877476840100, 15.09857142858254500 ) ) ;
#1155 = CARTESIAN_POINT ( 'NONE',  ( -4.457335501818175100, 0.4578430877476829000, 15.50000000001614400 ) ) ;
#1156 = CARTESIAN_POINT ( 'NONE',  ( 7.742664498179823200, 0.4578430877476847300, 3.500000000017053900 ) ) ;
#1157 = CARTESIAN_POINT ( 'NONE',  ( -21.25733550181847100, 0.4578430877476831800, -6.699999999968866000 ) ) ;
#1158 = CARTESIAN_POINT ( 'NONE',  ( -7.757335501814775800, 0.4578430877476831200, -6.699999999968866000 ) ) ;
#1159 = CARTESIAN_POINT ( 'NONE',  ( -7.757335501814775800, 0.4578430877476831200, -8.496085174983333500 ) ) ;
#1160 = CARTESIAN_POINT ( 'NONE',  ( -15.42260357006674300, -8.222463440245585200, -7.599999999964728300 ) ) ;
#1161 = CARTESIAN_POINT ( 'NONE',  ( -11.49206743357053500, 9.138149615739873600, -7.599999999965985100 ) ) ;
#1162 = CARTESIAN_POINT ( 'NONE',  ( 11.54266449818000600, 0.4578430877476846700, 4.000000000017279500 ) ) ;
#1163 = CARTESIAN_POINT ( 'NONE',  ( -19.99206743358118000, 6.499968424083689000, -7.599999999964921000 ) ) ;
#1164 = CARTESIAN_POINT ( 'NONE',  ( -4.957335501819235500, 0.4578430877451241700, -7.999999999964727800 ) ) ;
#1165 = CARTESIAN_POINT ( 'NONE',  ( -7.557335501810409400, 0.4578430877476839000, -8.496085174983333500 ) ) ;
#1166 = CARTESIAN_POINT ( 'NONE',  ( -17.55733550181999500, 3.490993265365841800, 5.675845972293372700 ) ) ;
#1167 = CARTESIAN_POINT ( 'NONE',  ( -17.70733550181935100, -6.903372844422086100, -7.999999999964727800 ) ) ;
#1168 = CARTESIAN_POINT ( 'NONE',  ( -11.05733550181817500, -4.042156912252314900, 9.000000000016143500 ) ) ;
#1169 = CARTESIAN_POINT ( 'NONE',  ( 6.900000000000000400, -5.511169832049685300E-013, 14.30000000000000100 ) ) ;
#1170 = CARTESIAN_POINT ( 'NONE',  ( -15.42260357005976000, 9.138149615739479300, -7.599999999967708100 ) ) ;
#1171 = CARTESIAN_POINT ( 'NONE',  ( -1.874722233652879900, 11.04198426672607300, 0.6999999999990408300 ) ) ;
#1172 = CARTESIAN_POINT ( 'NONE',  ( -19.55733550181953400, 0.4578430877476832900, -11.99608517498512600 ) ) ;
#1173 = CARTESIAN_POINT ( 'NONE',  ( -17.70733550181696700, 7.819059019913324500, -7.999999999964727800 ) ) ;
#1174 = CARTESIAN_POINT ( 'NONE',  ( 7.742664498179823200, 0.4578430877476840100, 14.50000000001205100 ) ) ;
#1175 = CARTESIAN_POINT ( 'NONE',  ( -20.05733550182137700, 0.4578430877476824500, -9.028927531818652600 ) ) ;
#1176 = CARTESIAN_POINT ( 'NONE',  ( -10.25369178522250000, 7.788372873316873800, 10.36396103069512600 ) ) ;
#1177 = CARTESIAN_POINT ( 'NONE',  ( -6.857335501813318900, 0.4578430877476830600, -11.49608517498327700 ) ) ;
#1178 = CARTESIAN_POINT ( 'NONE',  ( -5.657335501816231000, 0.4578430877476829500, -7.999999999964727800 ) ) ;
#1179 = CARTESIAN_POINT ( 'NONE',  ( -7.637112138406182600, -4.138350989964002300, 13.59619407772930800 ) ) ;
#1180 = CARTESIAN_POINT ( 'NONE',  ( -19.15733550181992200, 0.4578430877476832900, -8.496085174983333500 ) ) ;
#1181 = CARTESIAN_POINT ( 'NONE',  ( -5.657335501816231000, 0.4578430877476829500, -6.699999999968866000 ) ) ;
#1182 = CARTESIAN_POINT ( 'NONE',  ( -6.857335501813320600, 0.4578430877476839000, -9.028927531818652600 ) ) ;
#1183 = CARTESIAN_POINT ( 'NONE',  ( -20.05733550182138100, 0.4578430877476832300, -11.49608517498327700 ) ) ;
#1184 = CARTESIAN_POINT ( 'NONE',  ( -8.057335501818174700, 0.4578430877476838400, -11.99608517498327800 ) ) ;
#1185 = CARTESIAN_POINT ( 'NONE',  ( -21.25733550181847100, 0.4578430877476831800, -7.999999999964727800 ) ) ;
#1186 = CARTESIAN_POINT ( 'NONE',  ( -8.144611539457249800, -5.523374522384556500, 11.54460918420219100 ) ) ;
#1187 = CARTESIAN_POINT ( 'NONE',  ( -13.45733550181817500, 8.457843087747855600, 8.949747468321806600 ) ) ;
#1188 = CARTESIAN_POINT ( 'NONE',  ( -20.40859438061182700, 4.417641062391385100, 11.47487373416966200 ) ) ;
#1189 = CARTESIAN_POINT ( 'NONE',  ( -18.15733550181817400, 0.4578430877476833400, 1.614333666744016700E-011 ) ) ;
#1190 = CARTESIAN_POINT ( 'NONE',  ( -18.85733550181817400, 0.4578430877476826200, -11.99608517498327800 ) ) ;
#1191 = CARTESIAN_POINT ( 'NONE',  ( -21.45733550181817500, 0.4578430877476840100, 1.614333666744016700E-011 ) ) ;
#1192 = CARTESIAN_POINT ( 'NONE',  ( -13.45733550181817500, -6.663477255812316500, 11.07106781188099400 ) ) ;
#1193 = CARTESIAN_POINT ( 'NONE',  ( -17.80187230106410800, -4.138350989964002300, 13.59619407772930800 ) ) ;
#1194 = CARTESIAN_POINT ( 'NONE',  ( -21.85733550181997100, 0.4578430877476831800, -1.499999999983998600 ) ) ;
#1195 = CARTESIAN_POINT ( 'NONE',  ( -5.057335501814730300, 0.4578430877476829000, -1.499999999983998600 ) ) ;
#1196 = CARTESIAN_POINT ( 'NONE',  ( -9.207335501818766600, 7.819059019914391200, -7.999999999964727800 ) ) ;
#1197 = DIRECTION ( 'NONE',  ( 1.000000000000000000, 4.263716408650951800E-017, 0.0000000000000000000 ) ) ;
#1198 = CARTESIAN_POINT ( 'NONE',  ( -17.70733550181935100, -6.903372844422084300, -1.499999999964727500 ) ) ;
#1199 = DIRECTION ( 'NONE',  ( -0.4999999999999998300, -0.8660254037844387100, 0.0000000000000000000 ) ) ;
#1200 = DIRECTION ( 'NONE',  ( 0.8660254037844387100, -0.4999999999999998300, -3.942096062099690800E-017 ) ) ;
#1201 = PLANE ( 'NONE',  #2626 ) ;
#1202 = DIRECTION ( 'NONE',  ( 1.000000000000000000, 4.263716408650907400E-017, 0.0000000000000000000 ) ) ;
#1203 = CARTESIAN_POINT ( 'NONE',  ( -21.95733550181910200, 0.4578430877476831800, -1.499999999964727500 ) ) ;
#1204 = DIRECTION ( 'NONE',  ( -1.000000000000000000, -4.551940445249239000E-017, -6.162975822039154700E-033 ) ) ;
#1205 = DIRECTION ( 'NONE',  ( 6.162975822039154700E-033, -3.081487911019577400E-033, -1.000000000000000000 ) ) ;
#1206 = DIRECTION ( 'NONE',  ( 0.0000000000000000000, -3.081487911019578000E-033, -1.000000000000000000 ) ) ;
#1207 = CARTESIAN_POINT ( 'NONE',  ( -13.45733550181934600, 0.4578430877456514100, -1.499999999964727500 ) ) ;
#1208 = DIRECTION ( 'NONE',  ( 0.0000000000000000000, -3.081487911019578000E-033, -1.000000000000000000 ) ) ;
#1209 = DIRECTION ( 'NONE',  ( 1.000000000000000000, 4.464361886705018100E-017, 0.0000000000000000000 ) ) ;
#1210 = CARTESIAN_POINT ( 'NONE',  ( -13.45733550181934600, 0.4578430877456514100, -1.499999999964727500 ) ) ;
#1211 = DIRECTION ( 'NONE',  ( 0.0000000000000000000, 3.081487911019577400E-033, 1.000000000000000000 ) ) ;
#1212 = DIRECTION ( 'NONE',  ( -1.000000000000000000, -4.865009748331692900E-017, 0.0000000000000000000 ) ) ;
#1213 = CARTESIAN_POINT ( 'NONE',  ( -13.45733550181817500, 0.4578430877476835600, -7.999999999964727800 ) ) ;
#1214 = DIRECTION ( 'NONE',  ( 0.0000000000000000000, 3.081487911019577400E-033, 1.000000000000000000 ) ) ;
#1215 = DIRECTION ( 'NONE',  ( -1.000000000000000000, -4.755272686337784700E-017, 0.0000000000000000000 ) ) ;
#1216 = CARTESIAN_POINT ( 'NONE',  ( -13.45733550181735100, 0.4578430877476835600, 1.614333666744016700E-011 ) ) ;
#1217 = DIRECTION ( 'NONE',  ( 0.0000000000000000000, 3.081487911019577400E-033, 1.000000000000000000 ) ) ;
#1218 = CARTESIAN_POINT ( 'NONE',  ( -21.25733550181847100, 0.4578430877476831800, -6.699999999968866000 ) ) ;
#1219 = CARTESIAN_POINT ( 'NONE',  ( -13.45733550181735100, 0.4578430877476835600, 1.614333666744016700E-011 ) ) ;
#1220 = DIRECTION ( 'NONE',  ( 1.000000000000000000, 4.464361886705018100E-017, 0.0000000000000000000 ) ) ;
#1221 = PLANE ( 'NONE',  #2632 ) ;
#1222 = DIRECTION ( 'NONE',  ( 1.000000000000000000, 4.464361886705018100E-017, 0.0000000000000000000 ) ) ;
#1223 = DIRECTION ( 'NONE',  ( 1.402674945371660400E-049, -3.081487911019577400E-033, -1.000000000000000000 ) ) ;
#1224 = DIRECTION ( 'NONE',  ( 1.000000000000000000, 4.551940445249239600E-017, 0.0000000000000000000 ) ) ;
#1225 = DIRECTION ( 'NONE',  ( 0.0000000000000000000, 3.081487911019577400E-033, 1.000000000000000000 ) ) ;
#1226 = CARTESIAN_POINT ( 'NONE',  ( -13.45733550181817500, 0.4578430877476835600, -7.999999999964727800 ) ) ;
#1227 = DIRECTION ( 'NONE',  ( 0.0000000000000000000, 3.081487911019577400E-033, 1.000000000000000000 ) ) ;
#1228 = DIRECTION ( 'NONE',  ( 1.000000000000000000, 4.464361886705018100E-017, 0.0000000000000000000 ) ) ;
#1229 = CARTESIAN_POINT ( 'NONE',  ( -13.45733550181817500, 0.4578430877476835600, -7.999999999964727800 ) ) ;
#1230 = DIRECTION ( 'NONE',  ( 0.0000000000000000000, 3.081487911019577400E-033, 1.000000000000000000 ) ) ;
#1231 = DIRECTION ( 'NONE',  ( -1.000000000000000000, -4.865009748331692900E-017, 0.0000000000000000000 ) ) ;
#1232 = CARTESIAN_POINT ( 'NONE',  ( -13.45733550181817500, 0.4578430877476835600, -7.999999999964727800 ) ) ;
#1233 = DIRECTION ( 'NONE',  ( 0.0000000000000000000, 3.081487911019577400E-033, 1.000000000000000000 ) ) ;
#1234 = DIRECTION ( 'NONE',  ( 1.000000000000000000, 4.464361886705018100E-017, 0.0000000000000000000 ) ) ;
#1235 = CARTESIAN_POINT ( 'NONE',  ( -13.45733550181735100, 0.4578430877476835600, 1.614333666744016700E-011 ) ) ;
#1236 = DIRECTION ( 'NONE',  ( 0.0000000000000000000, 3.081487911019577400E-033, 1.000000000000000000 ) ) ;
#1237 = DIRECTION ( 'NONE',  ( -1.000000000000000000, -4.755272686337784700E-017, 0.0000000000000000000 ) ) ;
#1238 = CARTESIAN_POINT ( 'NONE',  ( -13.45733550181817500, 0.4578430877476835600, -7.999999999964727800 ) ) ;
#1239 = DIRECTION ( 'NONE',  ( 0.0000000000000000000, 3.081487911019577400E-033, 1.000000000000000000 ) ) ;
#1240 = DIRECTION ( 'NONE',  ( 0.0000000000000000000, 0.0000000000000000000, 1.000000000000000000 ) ) ;
#1241 = CARTESIAN_POINT ( 'NONE',  ( -13.45733550181735100, 0.4578430877476835600, 1.614333666744016700E-011 ) ) ;
#1242 = DIRECTION ( 'NONE',  ( -1.000000000000000000, -0.0000000000000000000, -0.0000000000000000000 ) ) ;
#1243 = CARTESIAN_POINT ( 'NONE',  ( 2.038378783889261300, 0.4578430877476840100, 17.00000000001364200 ) ) ;
#1244 = CARTESIAN_POINT ( 'NONE',  ( 5.542664498180006800, 0.4578430877476840100, 9.000000000014551900 ) ) ;
#1245 = CARTESIAN_POINT ( 'NONE',  ( -19.73277754517346200, 5.604009106382617000, 13.04622213680647200 ) ) ;
#1246 = PLANE ( 'NONE',  #2639 ) ;
#1247 = DIRECTION ( 'NONE',  ( 0.0000000000000000000, 0.0000000000000000000, 1.000000000000000000 ) ) ;
#1248 = DIRECTION ( 'NONE',  ( 1.000000000000000000, 0.0000000000000000000, 0.0000000000000000000 ) ) ;
#1249 = DIRECTION ( 'NONE',  ( 0.0000000000000000000, 0.0000000000000000000, -1.000000000000000000 ) ) ;
#1250 = DIRECTION ( 'NONE',  ( -1.000000000000000000, -0.0000000000000000000, -0.0000000000000000000 ) ) ;
#1251 = CARTESIAN_POINT ( 'NONE',  ( -4.457335501817719400, 0.4578430877476840100, 9.000000000014551900 ) ) ;
#1252 = CARTESIAN_POINT ( 'NONE',  ( -20.40859438061157900, 4.417641062391827400, 11.47487373416938500 ) ) ;
#1253 = CARTESIAN_POINT ( 'NONE',  ( -19.63293709058502000, -4.675843713692627200, 10.74119321742127800 ) ) ;
#1254 = CARTESIAN_POINT ( 'NONE',  ( -17.58468108567259200, -4.519621038099603400, 13.21492402959370500 ) ) ;
#1255 = CARTESIAN_POINT ( 'NONE',  ( -17.80187230106405100, 5.054037165459637200, 13.59619407772930600 ) ) ;
#1256 = CARTESIAN_POINT ( 'NONE',  ( -20.55133723794643800, 4.167061977098355500, 11.63148565821372000 ) ) ;
#1257 = CARTESIAN_POINT ( 'NONE',  ( -19.92811402054998700, 5.362151191308091000, 13.35881298357227300 ) ) ;
#1258 = CARTESIAN_POINT ( 'NONE',  ( -17.89107029738096700, 4.763239565104812300, 13.88699167808405300 ) ) ;
#1259 = CARTESIAN_POINT ( 'NONE',  ( -20.68823374765230500, 3.895388458309733300, 11.77192631217164000 ) ) ;
#1260 = CARTESIAN_POINT ( 'NONE',  ( -20.12503439679178600, 5.086522975348245300, 13.65441411244807700 ) ) ;
#1261 = CARTESIAN_POINT ( 'NONE',  ( -17.97664690779497900, 4.447851107780929100, 14.14786314936595200 ) ) ;
#1262 = CARTESIAN_POINT ( 'NONE',  ( -20.87700346767994100, 3.453536526742175400, 11.95919440199307900 ) ) ;
#1263 = CARTESIAN_POINT ( 'NONE',  ( -20.41343376510807400, 4.603810270966842900, 14.07305318463484100 ) ) ;
#1264 = ADVANCED_FACE ( 'NONE', ( #3787 ), #3792, .T. ) ;
#1265 = ADVANCED_FACE ( 'NONE', ( #3780, #3786 ), #283, .T. ) ;
#1266 = ADVANCED_FACE ( 'NONE', ( #3779 ), #3790, .T. ) ;
#1267 = ADVANCED_FACE ( 'NONE', ( #3785 ), #3731, .F. ) ;
#1268 = ADVANCED_FACE ( 'NONE', ( #3793, #3728 ), #293, .T. ) ;
#1269 = ADVANCED_FACE ( 'NONE', ( #3784 ), #3729, .T. ) ;
#1270 = ADVANCED_FACE ( 'NONE', ( #3726 ), #3735, .F. ) ;
#1271 = ADVANCED_FACE ( 'NONE', ( #3789, #3723 ), #303, .T. ) ;
#1272 = ADVANCED_FACE ( 'NONE', ( #3724 ), #3748, .T. ) ;
#1273 = ADVANCED_FACE ( 'NONE', ( #3730 ), #3746, .F. ) ;
#1274 = ADVANCED_FACE ( 'NONE', ( #3732 ), #3747, .F. ) ;
#1275 = ADVANCED_FACE ( 'NONE', ( #3742 ), #3741, .F. ) ;
#1276 = ADVANCED_FACE ( 'NONE', ( #3791 ), #3739, .F. ) ;
#1277 = ADVANCED_FACE ( 'NONE', ( #3749 ), #3745, .F. ) ;
#1278 = ADVANCED_FACE ( 'NONE', ( #3744 ), #3750, .F. ) ;
#1279 = ADVANCED_FACE ( 'NONE', ( #3737 ), #3734, .T. ) ;
#1280 = ADVANCED_FACE ( 'NONE', ( #3740 ), #609, .T. ) ;
#1281 = ADVANCED_FACE ( 'NONE', ( #3743 ), #607, .T. ) ;
#1282 = ADVANCED_FACE ( 'NONE', ( #3738, #3761 ), #2076, .T. ) ;
#1283 = ADVANCED_FACE ( 'NONE', ( #3733 ), #3763, .T. ) ;
#1284 = ADVANCED_FACE ( 'NONE', ( #620 ), #618, .T. ) ;
#1285 = ADVANCED_FACE ( 'NONE', ( #3758 ), #624, .F. ) ;
#1286 = ADVANCED_FACE ( 'NONE', ( #586 ), #598, .F. ) ;
#1287 = ADVANCED_FACE ( 'NONE', ( #621 ), #626, .T. ) ;
#1288 = ADVANCED_FACE ( 'NONE', ( #610, #635 ), #2095, .T. ) ;
#1289 = ADVANCED_FACE ( 'NONE', ( #638 ), #628, .T. ) ;
#1290 = ADVANCED_FACE ( 'NONE', ( #636 ), #606, .T. ) ;
#1291 = ADVANCED_FACE ( 'NONE', ( #591 ), #599, .F. ) ;
#1292 = ADVANCED_FACE ( 'NONE', ( #596 ), #613, .T. ) ;
#1293 = ADVANCED_FACE ( 'NONE', ( #593 ), #2110, .T. ) ;
#1294 = ADVANCED_FACE ( 'NONE', ( #614 ), #2111, .T. ) ;
#1295 = ADVANCED_FACE ( 'NONE', ( #615 ), #1201, .T. ) ;
#1296 = ADVANCED_FACE ( 'NONE', ( #602 ), #637, .T. ) ;
#1297 = ADVANCED_FACE ( 'NONE', ( #623 ), #612, .T. ) ;
#1298 = ADVANCED_FACE ( 'NONE', ( #629 ), #631, .T. ) ;
#1299 = ADVANCED_FACE ( 'NONE', ( #630 ), #592, .F. ) ;
#1300 = ADVANCED_FACE ( 'NONE', ( #604 ), #608, .T. ) ;
#1301 = ADVANCED_FACE ( 'NONE', ( #587, #584 ), #1221, .T. ) ;
#1302 = ADVANCED_FACE ( 'NONE', ( #588 ), #580, .T. ) ;
#1303 = ADVANCED_FACE ( 'NONE', ( #582 ), #576, .T. ) ;
#1304 = ADVANCED_FACE ( 'NONE', ( #585 ), #575, .T. ) ;
#1305 = ADVANCED_FACE ( 'NONE', ( #581 ), #578, .F. ) ;
#1306 = ADVANCED_FACE ( 'NONE', ( #589 ), #570, .T. ) ;
#1307 = ADVANCED_FACE ( 'NONE', ( #579 ), #583, .T. ) ;
#1308 = ADVANCED_FACE ( 'NONE', ( #577 ), #569, .T. ) ;
#1309 = ADVANCED_FACE ( 'NONE', ( #574, #573 ), #1246, .T. ) ;
#1310 = ADVANCED_FACE ( 'NONE', ( #572 ), #567, .T. ) ;
#1311 = ADVANCED_FACE ( 'NONE', ( #571 ), #2439, .T. ) ;
#1312 = ADVANCED_FACE ( 'NONE', ( #611 ), #603, .T. ) ;
#1313 = ADVANCED_FACE ( 'NONE', ( #565 ), #627, .T. ) ;
#1314 = ADVANCED_FACE ( 'NONE', ( #568 ), #2438, .T. ) ;
#1315 = ADVANCED_FACE ( 'NONE', ( #619 ), #2437, .T. ) ;
#1316 = ADVANCED_FACE ( 'NONE', ( #605 ), #2240, .T. ) ;
#1317 = ADVANCED_FACE ( 'NONE', ( #600 ), #632, .T. ) ;
#1318 = ADVANCED_FACE ( 'NONE', ( #625 ), #566, .T. ) ;
#1319 = ADVANCED_FACE ( 'NONE', ( #601, #634 ), #2269, .T. ) ;
#1320 = ADVANCED_FACE ( 'NONE', ( #633 ), #597, .T. ) ;
#1321 = ADVANCED_FACE ( 'NONE', ( #595 ), #616, .T. ) ;
#1322 = ADVANCED_FACE ( 'NONE', ( #622 ), #2178, .T. ) ;
#1323 = ADVANCED_FACE ( 'NONE', ( #594 ), #2190, .T. ) ;
#1324 = ADVANCED_FACE ( 'NONE', ( #590 ), #2168, .T. ) ;
#1325 = ADVANCED_FACE ( 'NONE', ( #2210 ), #2180, .T. ) ;
#1326 = ADVANCED_FACE ( 'NONE', ( #2215 ), #2192, .T. ) ;
#1327 = ADVANCED_FACE ( 'NONE', ( #2173, #2211 ), #1994, .T. ) ;
#1328 = ADVANCED_FACE ( 'NONE', ( #2205 ), #2164, .T. ) ;
#1329 = ADVANCED_FACE ( 'NONE', ( #2195 ), #2212, .T. ) ;
#1330 = ADVANCED_FACE ( 'NONE', ( #2207 ), #2182, .T. ) ;
#1331 = ADVANCED_FACE ( 'NONE', ( #2185 ), #2170, .T. ) ;
#1332 = ADVANCED_FACE ( 'NONE', ( #2187 ), #2009, .T. ) ;
#1333 = ADVANCED_FACE ( 'NONE', ( #2198 ), #2194, .T. ) ;
#1334 = ADVANCED_FACE ( 'NONE', ( #2165 ), #2200, .T. ) ;
#1335 = ADVANCED_FACE ( 'NONE', ( #2175 ), #2167, .F. ) ;
#1336 = ADVANCED_FACE ( 'NONE', ( #2203 ), #2179, .T. ) ;
#1337 = ADVANCED_FACE ( 'NONE', ( #2189 ), #2191, .F. ) ;
#1338 = ADVANCED_FACE ( 'NONE', ( #2209, #2196 ), #2029, .T. ) ;
#1339 = ADVANCED_FACE ( 'NONE', ( #2172 ), #2033, .F. ) ;
#1340 = ADVANCED_FACE ( 'NONE', ( #2206 ), #2037, .F. ) ;
#1341 = ADVANCED_FACE ( 'NONE', ( #2177 ), #2186, .T. ) ;
#1342 = ADVANCED_FACE ( 'NONE', ( #2202, #2169 ), #2044, .F. ) ;
#1343 = ADVANCED_FACE ( 'NONE', ( #2174, #2181 ), #2043, .T. ) ;
#1344 = ADVANCED_FACE ( 'NONE', ( #2197 ), #2188, .T. ) ;
#1345 = ADVANCED_FACE ( 'NONE', ( #2208 ), #2213, .T. ) ;
#1346 = ADVANCED_FACE ( 'NONE', ( #2184 ), #2183, .T. ) ;
#1347 = ADVANCED_FACE ( 'NONE', ( #2176 ), #2171, .T. ) ;
#1348 = ADVANCED_FACE ( 'NONE', ( #2201 ), #653, .F. ) ;
#1349 = ADVANCED_FACE ( 'NONE', ( #2199 ), #3703, .T. ) ;
#1350 = ADVANCED_FACE ( 'NONE', ( #2166 ), #660, .F. ) ;
#1351 = ADVANCED_FACE ( 'NONE', ( #2193 ), #2214, .T. ) ;
#1352 = ADVANCED_FACE ( 'NONE', ( #3692 ), #3716, .T. ) ;
#1353 = ADVANCED_FACE ( 'NONE', ( #2204 ), #3700, .T. ) ;
#1354 = ADVANCED_FACE ( 'NONE', ( #3711 ), #673, .F. ) ;
#1355 = ADVANCED_FACE ( 'NONE', ( #3697 ), #3720, .T. ) ;
#1356 = ADVANCED_FACE ( 'NONE', ( #3704 ), #3698, .T. ) ;
#1357 = ADVANCED_FACE ( 'NONE', ( #3707 ), #3691, .T. ) ;
#1358 = ADVANCED_FACE ( 'NONE', ( #3719 ), #3699, .F. ) ;
#1359 = ADVANCED_FACE ( 'NONE', ( #3702 ), #3695, .T. ) ;
#1360 = ADVANCED_FACE ( 'NONE', ( #3693 ), #3696, .F. ) ;
#1361 = ADVANCED_FACE ( 'NONE', ( #3709 ), #695, .F. ) ;
#1362 = ADVANCED_FACE ( 'NONE', ( #3713 ), #3690, .T. ) ;
#1363 = ADVANCED_FACE ( 'NONE', ( #3715 ), #702, .T. ) ;
#1364 = ADVANCED_FACE ( 'NONE', ( #3712 ), #2436, .T. ) ;
#1365 = ADVANCED_FACE ( 'NONE', ( #3717 ), #3721, .T. ) ;
#1366 = ADVANCED_FACE ( 'NONE', ( #3708 ), #3689, .T. ) ;
#1367 = ADVANCED_FACE ( 'NONE', ( #3701 ), #3710, .T. ) ;
#1368 = ADVANCED_FACE ( 'NONE', ( #3705 ), #2435, .T. ) ;
#1369 = ADVANCED_FACE ( 'NONE', ( #3718 ), #2442, .T. ) ;
#1370 = ADVANCED_FACE ( 'NONE', ( #3652 ), #3678, .F. ) ;
#1371 = ADVANCED_FACE ( 'NONE', ( #3706 ), #3672, .T. ) ;
#1372 = ADVANCED_FACE ( 'NONE', ( #3714 ), #3673, .T. ) ;
#1373 = ADVANCED_FACE ( 'NONE', ( #3694 ), #2443, .T. ) ;
#1374 = ADVANCED_FACE ( 'NONE', ( #3677 ), #3675, .T. ) ;
#1375 = ADVANCED_FACE ( 'NONE', ( #3674 ), #3669, .T. ) ;
#1376 = ADVANCED_FACE ( 'NONE', ( #3679 ), #3668, .T. ) ;
#1377 = ADVANCED_FACE ( 'NONE', ( #3676 ), #3667, .T. ) ;
#1378 = ADVANCED_FACE ( 'NONE', ( #3680 ), #1089, .T. ) ;
#1379 = ADVANCED_FACE ( 'NONE', ( #3670 ), #1094, .T. ) ;
#1380 = ADVANCED_FACE ( 'NONE', ( #3671 ), #3662, .T. ) ;
#1381 = ORIENTED_EDGE ( 'NONE', *, *, #2778, .T. ) ;
#1382 = EDGE_LOOP ( 'NONE', ( #1419, #1522, #1535, #1513 ) ) ;
#1383 = ORIENTED_EDGE ( 'NONE', *, *, #2769, .F. ) ;
#1384 = ORIENTED_EDGE ( 'NONE', *, *, #2747, .T. ) ;
#1385 = ORIENTED_EDGE ( 'NONE', *, *, #3828, .T. ) ;
#1386 = EDGE_LOOP ( 'NONE', ( #481, #485, #500, #542 ) ) ;
#1387 = ORIENTED_EDGE ( 'NONE', *, *, #2795, .F. ) ;
#1388 = EDGE_LOOP ( 'NONE', ( #1871, #1725, #1600, #1833 ) ) ;
#1389 = ORIENTED_EDGE ( 'NONE', *, *, #2121, .T. ) ;
#1390 = EDGE_LOOP ( 'NONE', ( #1967, #1966 ) ) ;
#1391 = ORIENTED_EDGE ( 'NONE', *, *, #2815, .T. ) ;
#1392 = ORIENTED_EDGE ( 'NONE', *, *, #3812, .F. ) ;
#1393 = ORIENTED_EDGE ( 'NONE', *, *, #2807, .T. ) ;
#1394 = ORIENTED_EDGE ( 'NONE', *, *, #3802, .F. ) ;
#1395 = ORIENTED_EDGE ( 'NONE', *, *, #2117, .F. ) ;
#1396 = ORIENTED_EDGE ( 'NONE', *, *, #2287, .F. ) ;
#1397 = ORIENTED_EDGE ( 'NONE', *, *, #2132, .F. ) ;
#1398 = ORIENTED_EDGE ( 'NONE', *, *, #2286, .F. ) ;
#1399 = ORIENTED_EDGE ( 'NONE', *, *, #2767, .T. ) ;
#1400 = ORIENTED_EDGE ( 'NONE', *, *, #2834, .F. ) ;
#1401 = EDGE_LOOP ( 'NONE', ( #1385, #1530, #1543, #1389, #1468, #1532 ) ) ;
#1402 = ORIENTED_EDGE ( 'NONE', *, *, #3830, .F. ) ;
#1403 = ORIENTED_EDGE ( 'NONE', *, *, #3830, .T. ) ;
#1404 = ORIENTED_EDGE ( 'NONE', *, *, #2130, .T. ) ;
#1405 = ORIENTED_EDGE ( 'NONE', *, *, #2835, .T. ) ;
#1406 = ORIENTED_EDGE ( 'NONE', *, *, #2836, .T. ) ;
#1407 = ORIENTED_EDGE ( 'NONE', *, *, #2115, .F. ) ;
#1408 = ORIENTED_EDGE ( 'NONE', *, *, #3651, .F. ) ;
#1409 = EDGE_LOOP ( 'NONE', ( #1558, #1557, #1560, #1531 ) ) ;
#1410 = ORIENTED_EDGE ( 'NONE', *, *, #3807, .T. ) ;
#1411 = EDGE_LOOP ( 'NONE', ( #1885, #1867, #1932, #1842 ) ) ;
#1412 = EDGE_LOOP ( 'NONE', ( #482, #1578, #1568, #1565, #1459, #1485 ) ) ;
#1413 = EDGE_LOOP ( 'NONE', ( #541, #497, #556, #519, #489, #563 ) ) ;
#1414 = ORIENTED_EDGE ( 'NONE', *, *, #468, .T. ) ;
#1415 = VERTEX_POINT ( 'NONE', #1101 ) ;
#1416 = EDGE_LOOP ( 'NONE', ( #524, #473, #552, #486, #518, #509 ) ) ;
#1417 = EDGE_LOOP ( 'NONE', ( #535, #496, #543, #508, #480, #537 ) ) ;
#1418 = ORIENTED_EDGE ( 'NONE', *, *, #3806, .T. ) ;
#1419 = ORIENTED_EDGE ( 'NONE', *, *, #2824, .F. ) ;
#1420 = ORIENTED_EDGE ( 'NONE', *, *, #3833, .T. ) ;
#1421 = EDGE_LOOP ( 'NONE', ( #558, #526, #502, #507, #532, #539 ) ) ;
#1422 = ORIENTED_EDGE ( 'NONE', *, *, #2811, .F. ) ;
#1423 = ORIENTED_EDGE ( 'NONE', *, *, #3820, .F. ) ;
#1424 = ORIENTED_EDGE ( 'NONE', *, *, #3833, .F. ) ;
#1425 = ORIENTED_EDGE ( 'NONE', *, *, #2832, .T. ) ;
#1426 = ORIENTED_EDGE ( 'NONE', *, *, #3820, .T. ) ;
#1427 = ORIENTED_EDGE ( 'NONE', *, *, #2827, .F. ) ;
#1428 = ORIENTED_EDGE ( 'NONE', *, *, #3821, .T. ) ;
#1429 = EDGE_LOOP ( 'NONE', ( #1561, #1519 ) ) ;
#1430 = ORIENTED_EDGE ( 'NONE', *, *, #2828, .F. ) ;
#1431 = ORIENTED_EDGE ( 'NONE', *, *, #466, .F. ) ;
#1432 = CLOSED_SHELL ( 'NONE', ( #1275, #1276, #1272, #1273, #1277, #1278, #1274, #1347, #1361, #1341, #1339, #1349, #1348, #1353, #1340, #1355, #1350, #1359, #1354, #1343, #1342, #1360, #1358, #1344, #1346, #1352, #1345, #1362, #1357, #1336, #1335, #1337, #1338 ) ) ;
#1433 = ORIENTED_EDGE ( 'NONE', *, *, #2137, .F. ) ;
#1434 = ORIENTED_EDGE ( 'NONE', *, *, #2135, .F. ) ;
#1435 = ORIENTED_EDGE ( 'NONE', *, *, #2813, .F. ) ;
#1436 = ORIENTED_EDGE ( 'NONE', *, *, #2808, .T. ) ;
#1437 = ORIENTED_EDGE ( 'NONE', *, *, #3811, .F. ) ;
#1438 = ORIENTED_EDGE ( 'NONE', *, *, #468, .F. ) ;
#1439 = ORIENTED_EDGE ( 'NONE', *, *, #2812, .T. ) ;
#1440 = ORIENTED_EDGE ( 'NONE', *, *, #466, .T. ) ;
#1441 = ORIENTED_EDGE ( 'NONE', *, *, #2816, .F. ) ;
#1442 = ORIENTED_EDGE ( 'NONE', *, *, #2818, .F. ) ;
#1443 = VERTEX_POINT ( 'NONE', #1103 ) ;
#1444 = ORIENTED_EDGE ( 'NONE', *, *, #2798, .F. ) ;
#1445 = ORIENTED_EDGE ( 'NONE', *, *, #2761, .F. ) ;
#1446 = ORIENTED_EDGE ( 'NONE', *, *, #3821, .F. ) ;
#1447 = EDGE_LOOP ( 'NONE', ( #520, #536, #528, #499 ) ) ;
#1448 = ORIENTED_EDGE ( 'NONE', *, *, #2802, .T. ) ;
#1449 = EDGE_LOOP ( 'NONE', ( #491, #474, #471, #551 ) ) ;
#1450 = ORIENTED_EDGE ( 'NONE', *, *, #2825, .F. ) ;
#1451 = ORIENTED_EDGE ( 'NONE', *, *, #2577, .T. ) ;
#1452 = EDGE_LOOP ( 'NONE', ( #510, #488, #512, #513 ) ) ;
#1453 = EDGE_LOOP ( 'NONE', ( #1410, #1448 ) ) ;
#1454 = ORIENTED_EDGE ( 'NONE', *, *, #3807, .F. ) ;
#1455 = EDGE_LOOP ( 'NONE', ( #505, #495, #477, #472, #479, #544 ) ) ;
#1456 = ORIENTED_EDGE ( 'NONE', *, *, #2765, .T. ) ;
#1457 = EDGE_LOOP ( 'NONE', ( #1876, #1880, #1960, #1956 ) ) ;
#1458 = EDGE_LOOP ( 'NONE', ( #523, #560, #550, #533 ) ) ;
#1459 = ORIENTED_EDGE ( 'NONE', *, *, #2122, .T. ) ;
#1460 = ORIENTED_EDGE ( 'NONE', *, *, #2126, .T. ) ;
#1461 = ORIENTED_EDGE ( 'NONE', *, *, #2837, .F. ) ;
#1462 = VERTEX_POINT ( 'NONE', #1104 ) ;
#1463 = ORIENTED_EDGE ( 'NONE', *, *, #2794, .F. ) ;
#1464 = ORIENTED_EDGE ( 'NONE', *, *, #3819, .F. ) ;
#1465 = ORIENTED_EDGE ( 'NONE', *, *, #2819, .T. ) ;
#1466 = ORIENTED_EDGE ( 'NONE', *, *, #3811, .T. ) ;
#1467 = ORIENTED_EDGE ( 'NONE', *, *, #2136, .F. ) ;
#1468 = ORIENTED_EDGE ( 'NONE', *, *, #2116, .T. ) ;
#1469 = VERTEX_POINT ( 'NONE', #1100 ) ;
#1470 = ORIENTED_EDGE ( 'NONE', *, *, #2837, .T. ) ;
#1471 = ORIENTED_EDGE ( 'NONE', *, *, #2284, .F. ) ;
#1472 = EDGE_LOOP ( 'NONE', ( #1752, #1965, #1784, #1759 ) ) ;
#1473 = ORIENTED_EDGE ( 'NONE', *, *, #2838, .T. ) ;
#1474 = ORIENTED_EDGE ( 'NONE', *, *, #2288, .F. ) ;
#1475 = ORIENTED_EDGE ( 'NONE', *, *, #2133, .F. ) ;
#1476 = EDGE_LOOP ( 'NONE', ( #564, #538 ) ) ;
#1477 = EDGE_LOOP ( 'NONE', ( #1750, #1824, #1693, #1941, #1763, #1944, #1890, #1921, #1913, #1635 ) ) ;
#1478 = ORIENTED_EDGE ( 'NONE', *, *, #2119, .F. ) ;
#1479 = ORIENTED_EDGE ( 'NONE', *, *, #2116, .F. ) ;
#1480 = ORIENTED_EDGE ( 'NONE', *, *, #3834, .F. ) ;
#1481 = VERTEX_POINT ( 'NONE', #1105 ) ;
#1482 = VERTEX_POINT ( 'NONE', #1106 ) ;
#1483 = VERTEX_POINT ( 'NONE', #1108 ) ;
#1484 = VERTEX_POINT ( 'NONE', #1107 ) ;
#1485 = ORIENTED_EDGE ( 'NONE', *, *, #3803, .T. ) ;
#1486 = ORIENTED_EDGE ( 'NONE', *, *, #2285, .F. ) ;
#1487 = ORIENTED_EDGE ( 'NONE', *, *, #2127, .F. ) ;
#1488 = VERTEX_POINT ( 'NONE', #1110 ) ;
#1489 = ORIENTED_EDGE ( 'NONE', *, *, #2140, .F. ) ;
#1490 = ORIENTED_EDGE ( 'NONE', *, *, #2850, .F. ) ;
#1491 = ORIENTED_EDGE ( 'NONE', *, *, #3815, .F. ) ;
#1492 = ORIENTED_EDGE ( 'NONE', *, *, #2835, .F. ) ;
#1493 = VERTEX_POINT ( 'NONE', #1102 ) ;
#1494 = EDGE_LOOP ( 'NONE', ( #1622, #1830, #1870, #1818 ) ) ;
#1495 = VERTEX_POINT ( 'NONE', #1111 ) ;
#1496 = ORIENTED_EDGE ( 'NONE', *, *, #2123, .F. ) ;
#1497 = ORIENTED_EDGE ( 'NONE', *, *, #2836, .F. ) ;
#1498 = VERTEX_POINT ( 'NONE', #1109 ) ;
#1499 = VERTEX_POINT ( 'NONE', #1095 ) ;
#1500 = ORIENTED_EDGE ( 'NONE', *, *, #2819, .F. ) ;
#1501 = VERTEX_POINT ( 'NONE', #1115 ) ;
#1502 = VERTEX_POINT ( 'NONE', #1113 ) ;
#1503 = VERTEX_POINT ( 'NONE', #1116 ) ;
#1504 = VERTEX_POINT ( 'NONE', #1112 ) ;
#1505 = VERTEX_POINT ( 'NONE', #1117 ) ;
#1506 = VERTEX_POINT ( 'NONE', #1118 ) ;
#1507 = ORIENTED_EDGE ( 'NONE', *, *, #2840, .T. ) ;
#1508 = VERTEX_POINT ( 'NONE', #1114 ) ;
#1509 = ORIENTED_EDGE ( 'NONE', *, *, #2138, .F. ) ;
#1510 = ORIENTED_EDGE ( 'NONE', *, *, #3810, .F. ) ;
#1511 = VERTEX_POINT ( 'NONE', #1122 ) ;
#1512 = EDGE_LOOP ( 'NONE', ( #1559, #1575, #527, #1806 ) ) ;
#1513 = ORIENTED_EDGE ( 'NONE', *, *, #3806, .F. ) ;
#1514 = VERTEX_POINT ( 'NONE', #1119 ) ;
#1515 = EDGE_LOOP ( 'NONE', ( #1886, #1900, #1835, #1978, #1883 ) ) ;
#1516 = ORIENTED_EDGE ( 'NONE', *, *, #2131, .F. ) ;
#1517 = ORIENTED_EDGE ( 'NONE', *, *, #2289, .F. ) ;
#1518 = ORIENTED_EDGE ( 'NONE', *, *, #2839, .F. ) ;
#1519 = ORIENTED_EDGE ( 'NONE', *, *, #3823, .F. ) ;
#1520 = ORIENTED_EDGE ( 'NONE', *, *, #2292, .F. ) ;
#1521 = EDGE_LOOP ( 'NONE', ( #1781, #1783 ) ) ;
#1522 = ORIENTED_EDGE ( 'NONE', *, *, #3823, .T. ) ;
#1523 = ORIENTED_EDGE ( 'NONE', *, *, #2139, .F. ) ;
#1524 = ORIENTED_EDGE ( 'NONE', *, *, #2781, .F. ) ;
#1525 = ORIENTED_EDGE ( 'NONE', *, *, #2130, .F. ) ;
#1526 = EDGE_LOOP ( 'NONE', ( #1962, #1789, #1576, #1772 ) ) ;
#1527 = EDGE_LOOP ( 'NONE', ( #1901, #1803, #1850, #1832 ) ) ;
#1528 = ORIENTED_EDGE ( 'NONE', *, *, #2775, .F. ) ;
#1529 = ORIENTED_EDGE ( 'NONE', *, *, #2122, .F. ) ;
#1530 = ORIENTED_EDGE ( 'NONE', *, *, #469, .T. ) ;
#1531 = ORIENTED_EDGE ( 'NONE', *, *, #3817, .F. ) ;
#1532 = ORIENTED_EDGE ( 'NONE', *, *, #3815, .T. ) ;
#1533 = ORIENTED_EDGE ( 'NONE', *, *, #2120, .F. ) ;
#1534 = ORIENTED_EDGE ( 'NONE', *, *, #2294, .F. ) ;
#1535 = ORIENTED_EDGE ( 'NONE', *, *, #2822, .T. ) ;
#1536 = EDGE_LOOP ( 'NONE', ( #517, #492, #529, #515 ) ) ;
#1537 = ORIENTED_EDGE ( 'NONE', *, *, #2293, .F. ) ;
#1538 = ORIENTED_EDGE ( 'NONE', *, *, #2806, .T. ) ;
#1539 = EDGE_LOOP ( 'NONE', ( #1854, #1938, #1897, #1896, #1902, #1740 ) ) ;
#1540 = ORIENTED_EDGE ( 'NONE', *, *, #2762, .T. ) ;
#1541 = ORIENTED_EDGE ( 'NONE', *, *, #3722, .T. ) ;
#1542 = ORIENTED_EDGE ( 'NONE', *, *, #2125, .F. ) ;
#1543 = ORIENTED_EDGE ( 'NONE', *, *, #3805, .T. ) ;
#1544 = ORIENTED_EDGE ( 'NONE', *, *, #2121, .F. ) ;
#1545 = ORIENTED_EDGE ( 'NONE', *, *, #3828, .F. ) ;
#1546 = ORIENTED_EDGE ( 'NONE', *, *, #3803, .F. ) ;
#1547 = ORIENTED_EDGE ( 'NONE', *, *, #2839, .T. ) ;
#1548 = EDGE_LOOP ( 'NONE', ( #1399, #3725 ) ) ;
#1549 = ORIENTED_EDGE ( 'NONE', *, *, #2763, .T. ) ;
#1550 = ORIENTED_EDGE ( 'NONE', *, *, #2134, .F. ) ;
#1551 = ORIENTED_EDGE ( 'NONE', *, *, #2124, .T. ) ;
#1552 = ORIENTED_EDGE ( 'NONE', *, *, #2118, .F. ) ;
#1553 = ORIENTED_EDGE ( 'NONE', *, *, #2293, .T. ) ;
#1554 = ORIENTED_EDGE ( 'NONE', *, *, #2129, .F. ) ;
#1555 = ORIENTED_EDGE ( 'NONE', *, *, #2125, .T. ) ;
#1556 = ORIENTED_EDGE ( 'NONE', *, *, #2290, .F. ) ;
#1557 = ORIENTED_EDGE ( 'NONE', *, *, #3814, .F. ) ;
#1558 = ORIENTED_EDGE ( 'NONE', *, *, #3808, .F. ) ;
#1559 = ORIENTED_EDGE ( 'NONE', *, *, #3829, .F. ) ;
#1560 = ORIENTED_EDGE ( 'NONE', *, *, #469, .F. ) ;
#1561 = ORIENTED_EDGE ( 'NONE', *, *, #2805, .F. ) ;
#1562 = ORIENTED_EDGE ( 'NONE', *, *, #2770, .F. ) ;
#1563 = ORIENTED_EDGE ( 'NONE', *, *, #2779, .T. ) ;
#1564 = VERTEX_POINT ( 'NONE', #1121 ) ;
#1565 = ORIENTED_EDGE ( 'NONE', *, *, #3829, .T. ) ;
#1566 = ORIENTED_EDGE ( 'NONE', *, *, #2838, .F. ) ;
#1567 = ORIENTED_EDGE ( 'NONE', *, *, #2136, .T. ) ;
#1568 = ORIENTED_EDGE ( 'NONE', *, *, #3824, .T. ) ;
#1569 = ORIENTED_EDGE ( 'NONE', *, *, #2850, .T. ) ;
#1570 = VERTEX_POINT ( 'NONE', #1126 ) ;
#1571 = ORIENTED_EDGE ( 'NONE', *, *, #2829, .F. ) ;
#1572 = ORIENTED_EDGE ( 'NONE', *, *, #2133, .T. ) ;
#1573 = ORIENTED_EDGE ( 'NONE', *, *, #2786, .F. ) ;
#1574 = ORIENTED_EDGE ( 'NONE', *, *, #2771, .F. ) ;
#1575 = ORIENTED_EDGE ( 'NONE', *, *, #3813, .T. ) ;
#1576 = ORIENTED_EDGE ( 'NONE', *, *, #2809, .T. ) ;
#1577 = ORIENTED_EDGE ( 'NONE', *, *, #2124, .F. ) ;
#1578 = ORIENTED_EDGE ( 'NONE', *, *, #2120, .T. ) ;
#1579 = ORIENTED_EDGE ( 'NONE', *, *, #2758, .T. ) ;
#1580 = ORIENTED_EDGE ( 'NONE', *, *, #2796, .F. ) ;
#1581 = ORIENTED_EDGE ( 'NONE', *, *, #3722, .F. ) ;
#1582 = ORIENTED_EDGE ( 'NONE', *, *, #3812, .T. ) ;
#1583 = VERTEX_POINT ( 'NONE', #1123 ) ;
#1584 = ORIENTED_EDGE ( 'NONE', *, *, #2134, .T. ) ;
#1585 = ORIENTED_EDGE ( 'NONE', *, *, #2128, .F. ) ;
#1586 = ORIENTED_EDGE ( 'NONE', *, *, #2141, .T. ) ;
#1587 = ORIENTED_EDGE ( 'NONE', *, *, #2788, .T. ) ;
#1588 = ORIENTED_EDGE ( 'NONE', *, *, #2141, .F. ) ;
#1589 = EDGE_LOOP ( 'NONE', ( #1659, #1808, #1814, #1661, #1623 ) ) ;
#1590 = EDGE_LOOP ( 'NONE', ( #1408, #1810, #1961 ) ) ;
#1591 = EDGE_LOOP ( 'NONE', ( #1791, #1748, #1804, #1780 ) ) ;
#1592 = VERTEX_POINT ( 'NONE', #1128 ) ;
#1593 = VERTEX_POINT ( 'NONE', #1124 ) ;
#1594 = EDGE_LOOP ( 'NONE', ( #1970, #1771, #1920, #1963 ) ) ;
#1595 = VERTEX_POINT ( 'NONE', #1129 ) ;
#1596 = EDGE_LOOP ( 'NONE', ( #1862, #1858, #1837, #1864 ) ) ;
#1597 = VERTEX_POINT ( 'NONE', #1120 ) ;
#1598 = VERTEX_POINT ( 'NONE', #1130 ) ;
#1599 = VERTEX_POINT ( 'NONE', #1127 ) ;
#1600 = ORIENTED_EDGE ( 'NONE', *, *, #2858, .F. ) ;
#1601 = EDGE_LOOP ( 'NONE', ( #1836, #1892, #1639, #1762 ) ) ;
#1602 = ORIENTED_EDGE ( 'NONE', *, *, #2590, .F. ) ;
#1603 = VERTEX_POINT ( 'NONE', #1132 ) ;
#1604 = VERTEX_POINT ( 'NONE', #1133 ) ;
#1605 = VERTEX_POINT ( 'NONE', #1134 ) ;
#1606 = VERTEX_POINT ( 'NONE', #1135 ) ;
#1607 = VERTEX_POINT ( 'NONE', #1136 ) ;
#1608 = EDGE_LOOP ( 'NONE', ( #1839, #1980, #1958, #1893 ) ) ;
#1609 = VERTEX_POINT ( 'NONE', #1131 ) ;
#1610 = EDGE_LOOP ( 'NONE', ( #1906, #1859, #1647, #1853, #1898 ) ) ;
#1611 = VERTEX_POINT ( 'NONE', #1137 ) ;
#1612 = EDGE_LOOP ( 'NONE', ( #1807, #1787, #1549, #1910, #1796, #1925, #1792 ) ) ;
#1613 = EDGE_LOOP ( 'NONE', ( #1860, #1528, #1775, #1581 ) ) ;
#1614 = EDGE_LOOP ( 'NONE', ( #1848, #1877, #1844, #1776 ) ) ;
#1615 = VERTEX_POINT ( 'NONE', #1125 ) ;
#1616 = VERTEX_POINT ( 'NONE', #1138 ) ;
#1617 = VERTEX_POINT ( 'NONE', #1139 ) ;
#1618 = EDGE_LOOP ( 'NONE', ( #1916, #1923, #1384, #1580 ) ) ;
#1619 = EDGE_LOOP ( 'NONE', ( #1445, #1753, #1847, #1813, #1872, #1922, #1899 ) ) ;
#1620 = EDGE_LOOP ( 'NONE', ( #1562, #1538, #1737, #1571 ) ) ;
#1621 = VERTEX_POINT ( 'NONE', #1140 ) ;
#1622 = ORIENTED_EDGE ( 'NONE', *, *, #2590, .T. ) ;
#1623 = ORIENTED_EDGE ( 'NONE', *, *, #2531, .F. ) ;
#1624 = VERTEX_POINT ( 'NONE', #1143 ) ;
#1625 = EDGE_LOOP ( 'NONE', ( #1827, #1909, #1891, #1979 ) ) ;
#1626 = VERTEX_POINT ( 'NONE', #1144 ) ;
#1627 = VERTEX_POINT ( 'NONE', #1145 ) ;
#1628 = EDGE_LOOP ( 'NONE', ( #1424, #1450 ) ) ;
#1629 = VERTEX_POINT ( 'NONE', #1146 ) ;
#1630 = EDGE_LOOP ( 'NONE', ( #1928, #1936, #1841, #1741 ) ) ;
#1631 = ORIENTED_EDGE ( 'NONE', *, *, #2536, .F. ) ;
#1632 = VERTEX_POINT ( 'NONE', #1141 ) ;
#1633 = ORIENTED_EDGE ( 'NONE', *, *, #2535, .F. ) ;
#1634 = EDGE_LOOP ( 'NONE', ( #1930, #1908, #1884, #1843, #1927, #1631 ) ) ;
#1635 = ORIENTED_EDGE ( 'NONE', *, *, #2568, .F. ) ;
#1636 = EDGE_LOOP ( 'NONE', ( #1937, #1838, #1773, #1801 ) ) ;
#1637 = ORIENTED_EDGE ( 'NONE', *, *, #2572, .F. ) ;
#1638 = EDGE_LOOP ( 'NONE', ( #1637, #1856, #1820, #1812 ) ) ;
#1639 = ORIENTED_EDGE ( 'NONE', *, *, #2870, .F. ) ;
#1640 = EDGE_LOOP ( 'NONE', ( #1972, #1823, #1826, #1757 ) ) ;
#1641 = EDGE_LOOP ( 'NONE', ( #1766, #1747, #1955, #1767, #1541, #1563, #1817, #1948 ) ) ;
#1642 = VERTEX_POINT ( 'NONE', #1147 ) ;
#1643 = VERTEX_POINT ( 'NONE', #1148 ) ;
#1644 = EDGE_LOOP ( 'NONE', ( #1947, #1946, #1851, #1887 ) ) ;
#1645 = VERTEX_POINT ( 'NONE', #1151 ) ;
#1646 = VERTEX_POINT ( 'NONE', #1142 ) ;
#1647 = ORIENTED_EDGE ( 'NONE', *, *, #2526, .F. ) ;
#1648 = VERTEX_POINT ( 'NONE', #1149 ) ;
#1649 = VERTEX_POINT ( 'NONE', #1150 ) ;
#1650 = VERTEX_POINT ( 'NONE', #1153 ) ;
#1651 = VERTEX_POINT ( 'NONE', #1154 ) ;
#1652 = VERTEX_POINT ( 'NONE', #1155 ) ;
#1653 = VERTEX_POINT ( 'NONE', #1156 ) ;
#1654 = EDGE_LOOP ( 'NONE', ( #1768, #1387, #1782 ) ) ;
#1655 = VERTEX_POINT ( 'NONE', #1157 ) ;
#1656 = EDGE_LOOP ( 'NONE', ( #1794, #1855, #1825, #1915 ) ) ;
#1657 = EDGE_LOOP ( 'NONE', ( #1811, #1798, #1774, #1875 ) ) ;
#1658 = EDGE_LOOP ( 'NONE', ( #1764, #1943, #1524, #1799 ) ) ;
#1659 = ORIENTED_EDGE ( 'NONE', *, *, #2537, .F. ) ;
#1660 = VERTEX_POINT ( 'NONE', #1152 ) ;
#1661 = ORIENTED_EDGE ( 'NONE', *, *, #2529, .F. ) ;
#1662 = VERTEX_POINT ( 'NONE', #1160 ) ;
#1663 = EDGE_LOOP ( 'NONE', ( #3774, #487, #521, #553 ) ) ;
#1664 = EDGE_LOOP ( 'NONE', ( #1602, #1917, #1907, #1852 ) ) ;
#1665 = EDGE_LOOP ( 'NONE', ( #1587, #1929, #1969, #1846 ) ) ;
#1666 = VERTEX_POINT ( 'NONE', #1161 ) ;
#1667 = VERTEX_POINT ( 'NONE', #1162 ) ;
#1668 = EDGE_LOOP ( 'NONE', ( #1934, #1866, #1777, #1819 ) ) ;
#1669 = EDGE_LOOP ( 'NONE', ( #1912, #1973, #1954, #1953, #1895 ) ) ;
#1670 = EDGE_LOOP ( 'NONE', ( #503, #514 ) ) ;
#1671 = EDGE_LOOP ( 'NONE', ( #1924, #1939, #1829, #1765, #1743, #1739, #1733, #1734, #1845, #1736 ) ) ;
#1672 = VERTEX_POINT ( 'NONE', #1163 ) ;
#1673 = EDGE_LOOP ( 'NONE', ( #1863, #1873, #1879, #1874 ) ) ;
#1674 = VERTEX_POINT ( 'NONE', #1158 ) ;
#1675 = EDGE_LOOP ( 'NONE', ( #1795, #1984, #1821, #1865 ) ) ;
#1676 = VERTEX_POINT ( 'NONE', #1164 ) ;
#1677 = VERTEX_POINT ( 'NONE', #1165 ) ;
#1678 = EDGE_LOOP ( 'NONE', ( #1831, #1919, #1731, #1894 ) ) ;
#1679 = VERTEX_POINT ( 'NONE', #1159 ) ;
#1680 = VERTEX_POINT ( 'NONE', #1166 ) ;
#1681 = VERTEX_POINT ( 'NONE', #1167 ) ;
#1682 = VERTEX_POINT ( 'NONE', #1168 ) ;
#1683 = VERTEX_POINT ( 'NONE', #1169 ) ;
#1684 = VERTEX_POINT ( 'NONE', #1170 ) ;
#1685 = VERTEX_POINT ( 'NONE', #1171 ) ;
#1686 = VERTEX_POINT ( 'NONE', #1172 ) ;
#1687 = EDGE_LOOP ( 'NONE', ( #1751, #1797, #1933, #1840 ) ) ;
#1688 = VERTEX_POINT ( 'NONE', #1173 ) ;
#1689 = VERTEX_POINT ( 'NONE', #1174 ) ;
#1690 = VERTEX_POINT ( 'NONE', #1175 ) ;
#1691 = VERTEX_POINT ( 'NONE', #1176 ) ;
#1692 = EDGE_LOOP ( 'NONE', ( #1746, #1805, #1889, #1982 ) ) ;
#1693 = ORIENTED_EDGE ( 'NONE', *, *, #2580, .T. ) ;
#1694 = EDGE_LOOP ( 'NONE', ( #1755, #1744, #1760, #1793, #1786, #1732, #1749 ) ) ;
#1695 = VERTEX_POINT ( 'NONE', #1178 ) ;
#1696 = VERTEX_POINT ( 'NONE', #1179 ) ;
#1697 = VERTEX_POINT ( 'NONE', #1180 ) ;
#1698 = VERTEX_POINT ( 'NONE', #1181 ) ;
#1699 = VERTEX_POINT ( 'NONE', #1182 ) ;
#1700 = VERTEX_POINT ( 'NONE', #1183 ) ;
#1701 = VERTEX_POINT ( 'NONE', #1184 ) ;
#1702 = VERTEX_POINT ( 'NONE', #1177 ) ;
#1703 = VERTEX_POINT ( 'NONE', #1185 ) ;
#1704 = ORIENTED_EDGE ( 'NONE', *, *, #2862, .F. ) ;
#1705 = VERTEX_POINT ( 'NONE', #1187 ) ;
#1706 = VERTEX_POINT ( 'NONE', #1188 ) ;
#1707 = VERTEX_POINT ( 'NONE', #1189 ) ;
#1708 = VERTEX_POINT ( 'NONE', #1190 ) ;
#1709 = VERTEX_POINT ( 'NONE', #1191 ) ;
#1710 = VERTEX_POINT ( 'NONE', #1192 ) ;
#1711 = VERTEX_POINT ( 'NONE', #1193 ) ;
#1712 = VERTEX_POINT ( 'NONE', #1186 ) ;
#1713 = VERTEX_POINT ( 'NONE', #1194 ) ;
#1714 = VERTEX_POINT ( 'NONE', #1195 ) ;
#1715 = VERTEX_POINT ( 'NONE', #1196 ) ;
#1716 = VERTEX_POINT ( 'NONE', #2497 ) ;
#1717 = VERTEX_POINT ( 'NONE', #2496 ) ;
#1718 = VERTEX_POINT ( 'NONE', #1 ) ;
#1719 = VERTEX_POINT ( 'NONE', #2 ) ;
#1720 = VERTEX_POINT ( 'NONE', #3 ) ;
#1721 = VERTEX_POINT ( 'NONE', #4 ) ;
#1722 = EDGE_LOOP ( 'NONE', ( #1456, #1381, #1756, #1573 ) ) ;
#1723 = EDGE_LOOP ( 'NONE', ( #1940, #1971, #1977, #1861 ) ) ;
#1724 = EDGE_LOOP ( 'NONE', ( #1704, #1822, #1633, #1761 ) ) ;
#1725 = ORIENTED_EDGE ( 'NONE', *, *, #2856, .T. ) ;
#1726 = VERTEX_POINT ( 'NONE', #6 ) ;
#1727 = VERTEX_POINT ( 'NONE', #7 ) ;
#1728 = EDGE_LOOP ( 'NONE', ( #1540, #1931, #1809 ) ) ;
#1729 = EDGE_LOOP ( 'NONE', ( #1785, #1451 ) ) ;
#1730 = EDGE_LOOP ( 'NONE', ( #1788, #1463, #1574, #1383 ) ) ;
#1731 = ORIENTED_EDGE ( 'NONE', *, *, #2533, .T. ) ;
#1732 = ORIENTED_EDGE ( 'NONE', *, *, #2750, .F. ) ;
#1733 = ORIENTED_EDGE ( 'NONE', *, *, #2528, .T. ) ;
#1734 = ORIENTED_EDGE ( 'NONE', *, *, #2869, .T. ) ;
#1735 = ORIENTED_EDGE ( 'NONE', *, *, #2552, .T. ) ;
#1736 = ORIENTED_EDGE ( 'NONE', *, *, #2851, .T. ) ;
#1737 = ORIENTED_EDGE ( 'NONE', *, *, #2748, .T. ) ;
#1738 = ORIENTED_EDGE ( 'NONE', *, *, #2550, .F. ) ;
#1739 = ORIENTED_EDGE ( 'NONE', *, *, #2537, .T. ) ;
#1740 = ORIENTED_EDGE ( 'NONE', *, *, #2580, .F. ) ;
#1741 = ORIENTED_EDGE ( 'NONE', *, *, #2785, .F. ) ;
#1742 = ORIENTED_EDGE ( 'NONE', *, *, #2588, .T. ) ;
#1743 = ORIENTED_EDGE ( 'NONE', *, *, #2862, .T. ) ;
#1744 = ORIENTED_EDGE ( 'NONE', *, *, #2744, .T. ) ;
#1745 = ORIENTED_EDGE ( 'NONE', *, *, #2792, .F. ) ;
#1746 = ORIENTED_EDGE ( 'NONE', *, *, #2564, .T. ) ;
#1747 = ORIENTED_EDGE ( 'NONE', *, *, #2847, .F. ) ;
#1748 = ORIENTED_EDGE ( 'NONE', *, *, #2542, .F. ) ;
#1749 = ORIENTED_EDGE ( 'NONE', *, *, #2754, .T. ) ;
#1750 = ORIENTED_EDGE ( 'NONE', *, *, #2569, .F. ) ;
#1751 = ORIENTED_EDGE ( 'NONE', *, *, #2787, .F. ) ;
#1752 = ORIENTED_EDGE ( 'NONE', *, *, #2534, .T. ) ;
#1753 = ORIENTED_EDGE ( 'NONE', *, *, #2752, .T. ) ;
#1754 = ORIENTED_EDGE ( 'NONE', *, *, #2768, .T. ) ;
#1755 = ORIENTED_EDGE ( 'NONE', *, *, #2790, .F. ) ;
#1756 = ORIENTED_EDGE ( 'NONE', *, *, #2767, .F. ) ;
#1757 = ORIENTED_EDGE ( 'NONE', *, *, #2589, .F. ) ;
#1758 = ORIENTED_EDGE ( 'NONE', *, *, #2291, .F. ) ;
#1759 = ORIENTED_EDGE ( 'NONE', *, *, #2563, .F. ) ;
#1760 = ORIENTED_EDGE ( 'NONE', *, *, #2755, .T. ) ;
#1761 = ORIENTED_EDGE ( 'NONE', *, *, #2538, .F. ) ;
#1762 = ORIENTED_EDGE ( 'NONE', *, *, #2527, .F. ) ;
#1763 = ORIENTED_EDGE ( 'NONE', *, *, #2575, .T. ) ;
#1764 = ORIENTED_EDGE ( 'NONE', *, *, #2783, .T. ) ;
#1765 = ORIENTED_EDGE ( 'NONE', *, *, #2536, .T. ) ;
#1766 = ORIENTED_EDGE ( 'NONE', *, *, #2772, .F. ) ;
#1767 = ORIENTED_EDGE ( 'NONE', *, *, #2777, .T. ) ;
#1768 = ORIENTED_EDGE ( 'NONE', *, *, #2771, .T. ) ;
#1769 = ORIENTED_EDGE ( 'NONE', *, *, #2795, .T. ) ;
#1770 = ORIENTED_EDGE ( 'NONE', *, *, #2569, .T. ) ;
#1771 = ORIENTED_EDGE ( 'NONE', *, *, #2769, .T. ) ;
#1772 = ORIENTED_EDGE ( 'NONE', *, *, #2775, .T. ) ;
#1773 = ORIENTED_EDGE ( 'NONE', *, *, #2758, .F. ) ;
#1774 = ORIENTED_EDGE ( 'NONE', *, *, #2586, .T. ) ;
#1775 = ORIENTED_EDGE ( 'NONE', *, *, #2764, .F. ) ;
#1776 = ORIENTED_EDGE ( 'NONE', *, *, #2551, .F. ) ;
#1777 = ORIENTED_EDGE ( 'NONE', *, *, #2541, .T. ) ;
#1778 = ORIENTED_EDGE ( 'NONE', *, *, #2757, .T. ) ;
#1779 = ORIENTED_EDGE ( 'NONE', *, *, #2784, .F. ) ;
#1780 = ORIENTED_EDGE ( 'NONE', *, *, #2557, .T. ) ;
#1781 = ORIENTED_EDGE ( 'NONE', *, *, #2854, .F. ) ;
#1782 = ORIENTED_EDGE ( 'NONE', *, *, #2766, .F. ) ;
#1783 = ORIENTED_EDGE ( 'NONE', *, *, #2567, .F. ) ;
#1784 = ORIENTED_EDGE ( 'NONE', *, *, #2539, .F. ) ;
#1785 = ORIENTED_EDGE ( 'NONE', *, *, #2542, .T. ) ;
#1786 = ORIENTED_EDGE ( 'NONE', *, *, #3649, .T. ) ;
#1787 = ORIENTED_EDGE ( 'NONE', *, *, #2800, .F. ) ;
#1788 = ORIENTED_EDGE ( 'NONE', *, *, #2774, .F. ) ;
#1789 = ORIENTED_EDGE ( 'NONE', *, *, #2803, .T. ) ;
#1790 = ORIENTED_EDGE ( 'NONE', *, *, #2576, .F. ) ;
#1791 = ORIENTED_EDGE ( 'NONE', *, *, #2566, .F. ) ;
#1792 = ORIENTED_EDGE ( 'NONE', *, *, #2847, .T. ) ;
#1793 = ORIENTED_EDGE ( 'NONE', *, *, #2776, .F. ) ;
#1794 = ORIENTED_EDGE ( 'NONE', *, *, #2789, .T. ) ;
#1795 = ORIENTED_EDGE ( 'NONE', *, *, #2565, .F. ) ;
#1796 = ORIENTED_EDGE ( 'NONE', *, *, #2809, .F. ) ;
#1797 = ORIENTED_EDGE ( 'NONE', *, *, #2800, .T. ) ;
#1798 = ORIENTED_EDGE ( 'NONE', *, *, #2855, .F. ) ;
#1799 = ORIENTED_EDGE ( 'NONE', *, *, #2791, .F. ) ;
#1800 = ORIENTED_EDGE ( 'NONE', *, *, #2772, .T. ) ;
#1801 = ORIENTED_EDGE ( 'NONE', *, *, #2848, .F. ) ;
#1802 = ORIENTED_EDGE ( 'NONE', *, *, #2583, .T. ) ;
#1803 = ORIENTED_EDGE ( 'NONE', *, *, #2576, .T. ) ;
#1804 = ORIENTED_EDGE ( 'NONE', *, *, #2589, .T. ) ;
#1805 = ORIENTED_EDGE ( 'NONE', *, *, #2559, .T. ) ;
#1806 = ORIENTED_EDGE ( 'NONE', *, *, #2288, .T. ) ;
#1807 = ORIENTED_EDGE ( 'NONE', *, *, #2752, .F. ) ;
#1808 = ORIENTED_EDGE ( 'NONE', *, *, #2538, .T. ) ;
#1809 = ORIENTED_EDGE ( 'NONE', *, *, #2843, .T. ) ;
#1810 = ORIENTED_EDGE ( 'NONE', *, *, #2766, .T. ) ;
#1811 = ORIENTED_EDGE ( 'NONE', *, *, #2582, .F. ) ;
#1812 = ORIENTED_EDGE ( 'NONE', *, *, #2588, .F. ) ;
#1813 = ORIENTED_EDGE ( 'NONE', *, *, #2774, .T. ) ;
#1814 = ORIENTED_EDGE ( 'NONE', *, *, #2530, .F. ) ;
#1815 = ORIENTED_EDGE ( 'NONE', *, *, #2792, .T. ) ;
#1816 = EDGE_LOOP ( 'NONE', ( #1754, #1950, #1779, #1745 ) ) ;
#1817 = ORIENTED_EDGE ( 'NONE', *, *, #2793, .T. ) ;
#1818 = ORIENTED_EDGE ( 'NONE', *, *, #2853, .F. ) ;
#1819 = ORIENTED_EDGE ( 'NONE', *, *, #2864, .T. ) ;
#1820 = ORIENTED_EDGE ( 'NONE', *, *, #2571, .F. ) ;
#1821 = ORIENTED_EDGE ( 'NONE', *, *, #2853, .T. ) ;
#1822 = ORIENTED_EDGE ( 'NONE', *, *, #2860, .T. ) ;
#1823 = ORIENTED_EDGE ( 'NONE', *, *, #2566, .T. ) ;
#1824 = ORIENTED_EDGE ( 'NONE', *, *, #2581, .T. ) ;
#1825 = ORIENTED_EDGE ( 'NONE', *, *, #2745, .F. ) ;
#1826 = ORIENTED_EDGE ( 'NONE', *, *, #2578, .T. ) ;
#1827 = ORIENTED_EDGE ( 'NONE', *, *, #2868, .F. ) ;
#1828 = EDGE_LOOP ( 'NONE', ( #1957, #1959 ) ) ;
#1829 = ORIENTED_EDGE ( 'NONE', *, *, #2568, .T. ) ;
#1830 = ORIENTED_EDGE ( 'NONE', *, *, #2565, .T. ) ;
#1831 = ORIENTED_EDGE ( 'NONE', *, *, #2561, .T. ) ;
#1832 = ORIENTED_EDGE ( 'NONE', *, *, #2583, .F. ) ;
#1833 = ORIENTED_EDGE ( 'NONE', *, *, #2857, .F. ) ;
#1834 = ORIENTED_EDGE ( 'NONE', *, *, #2782, .F. ) ;
#1835 = ORIENTED_EDGE ( 'NONE', *, *, #2546, .F. ) ;
#1836 = ORIENTED_EDGE ( 'NONE', *, *, #2528, .F. ) ;
#1837 = ORIENTED_EDGE ( 'NONE', *, *, #2547, .T. ) ;
#1838 = ORIENTED_EDGE ( 'NONE', *, *, #2803, .F. ) ;
#1839 = ORIENTED_EDGE ( 'NONE', *, *, #2579, .F. ) ;
#1840 = ORIENTED_EDGE ( 'NONE', *, *, #2796, .T. ) ;
#1841 = ORIENTED_EDGE ( 'NONE', *, *, #2745, .T. ) ;
#1842 = ORIENTED_EDGE ( 'NONE', *, *, #3816, .F. ) ;
#1843 = ORIENTED_EDGE ( 'NONE', *, *, #2861, .F. ) ;
#1844 = ORIENTED_EDGE ( 'NONE', *, *, #2861, .T. ) ;
#1845 = ORIENTED_EDGE ( 'NONE', *, *, #2868, .T. ) ;
#1846 = ORIENTED_EDGE ( 'NONE', *, *, #2748, .F. ) ;
#1847 = ORIENTED_EDGE ( 'NONE', *, *, #2749, .T. ) ;
#1848 = ORIENTED_EDGE ( 'NONE', *, *, #2530, .T. ) ;
#1849 = ORIENTED_EDGE ( 'NONE', *, *, #2777, .F. ) ;
#1850 = ORIENTED_EDGE ( 'NONE', *, *, #2572, .T. ) ;
#1851 = ORIENTED_EDGE ( 'NONE', *, *, #2526, .T. ) ;
#1852 = ORIENTED_EDGE ( 'NONE', *, *, #2586, .F. ) ;
#1853 = ORIENTED_EDGE ( 'NONE', *, *, #2561, .F. ) ;
#1854 = ORIENTED_EDGE ( 'NONE', *, *, #2851, .F. ) ;
#1855 = ORIENTED_EDGE ( 'NONE', *, *, #2756, .T. ) ;
#1856 = ORIENTED_EDGE ( 'NONE', *, *, #2574, .T. ) ;
#1857 = ORIENTED_EDGE ( 'NONE', *, *, #2749, .F. ) ;
#1858 = ORIENTED_EDGE ( 'NONE', *, *, #2858, .T. ) ;
#1859 = ORIENTED_EDGE ( 'NONE', *, *, #2527, .T. ) ;
#1860 = ORIENTED_EDGE ( 'NONE', *, *, #2762, .F. ) ;
#1861 = ORIENTED_EDGE ( 'NONE', *, *, #3650, .F. ) ;
#1862 = ORIENTED_EDGE ( 'NONE', *, *, #2859, .T. ) ;
#1863 = ORIENTED_EDGE ( 'NONE', *, *, #2540, .T. ) ;
#1864 = ORIENTED_EDGE ( 'NONE', *, *, #2552, .F. ) ;
#1865 = ORIENTED_EDGE ( 'NONE', *, *, #2854, .T. ) ;
#1866 = ORIENTED_EDGE ( 'NONE', *, *, #2554, .F. ) ;
#1867 = ORIENTED_EDGE ( 'NONE', *, *, #3824, .F. ) ;
#1868 = ORIENTED_EDGE ( 'NONE', *, *, #2779, .F. ) ;
#1869 = ORIENTED_EDGE ( 'NONE', *, *, #2555, .T. ) ;
#1870 = ORIENTED_EDGE ( 'NONE', *, *, #2567, .T. ) ;
#1871 = ORIENTED_EDGE ( 'NONE', *, *, #2570, .F. ) ;
#1872 = ORIENTED_EDGE ( 'NONE', *, *, #2753, .T. ) ;
#1873 = ORIENTED_EDGE ( 'NONE', *, *, #2553, .F. ) ;
#1874 = ORIENTED_EDGE ( 'NONE', *, *, #2543, .T. ) ;
#1875 = ORIENTED_EDGE ( 'NONE', *, *, #2548, .F. ) ;
#1876 = ORIENTED_EDGE ( 'NONE', *, *, #2584, .F. ) ;
#1877 = ORIENTED_EDGE ( 'NONE', *, *, #2535, .T. ) ;
#1878 = ORIENTED_EDGE ( 'NONE', *, *, #2554, .T. ) ;
#1879 = ORIENTED_EDGE ( 'NONE', *, *, #2546, .T. ) ;
#1880 = ORIENTED_EDGE ( 'NONE', *, *, #2545, .T. ) ;
#1881 = ORIENTED_EDGE ( 'NONE', *, *, #2553, .T. ) ;
#1882 = ORIENTED_EDGE ( 'NONE', *, *, #2558, .F. ) ;
#1883 = ORIENTED_EDGE ( 'NONE', *, *, #2856, .F. ) ;
#1884 = ORIENTED_EDGE ( 'NONE', *, *, #2859, .F. ) ;
#1885 = ORIENTED_EDGE ( 'NONE', *, *, #3813, .F. ) ;
#1886 = ORIENTED_EDGE ( 'NONE', *, *, #2573, .F. ) ;
#1887 = ORIENTED_EDGE ( 'NONE', *, *, #2870, .T. ) ;
#1888 = EDGE_LOOP ( 'NONE', ( #1945, #1735, #1881, #1878, #1869, #1935 ) ) ;
#1889 = ORIENTED_EDGE ( 'NONE', *, *, #2534, .F. ) ;
#1890 = ORIENTED_EDGE ( 'NONE', *, *, #2573, .T. ) ;
#1891 = ORIENTED_EDGE ( 'NONE', *, *, #2867, .F. ) ;
#1892 = ORIENTED_EDGE ( 'NONE', *, *, #2531, .T. ) ;
#1893 = ORIENTED_EDGE ( 'NONE', *, *, #2866, .F. ) ;
#1894 = ORIENTED_EDGE ( 'NONE', *, *, #2867, .T. ) ;
#1895 = ORIENTED_EDGE ( 'NONE', *, *, #2545, .F. ) ;
#1896 = ORIENTED_EDGE ( 'NONE', *, *, #2852, .F. ) ;
#1897 = ORIENTED_EDGE ( 'NONE', *, *, #2533, .F. ) ;
#1898 = ORIENTED_EDGE ( 'NONE', *, *, #2562, .F. ) ;
#1899 = ORIENTED_EDGE ( 'NONE', *, *, #2763, .F. ) ;
#1900 = ORIENTED_EDGE ( 'NONE', *, *, #2544, .T. ) ;
#1901 = ORIENTED_EDGE ( 'NONE', *, *, #2578, .F. ) ;
#1902 = ORIENTED_EDGE ( 'NONE', *, *, #2865, .F. ) ;
#1903 = ORIENTED_EDGE ( 'NONE', *, *, #2757, .F. ) ;
#1904 = EDGE_LOOP ( 'NONE', ( #1951, #1770 ) ) ;
#1905 = ORIENTED_EDGE ( 'NONE', *, *, #2574, .F. ) ;
#1906 = ORIENTED_EDGE ( 'NONE', *, *, #2869, .F. ) ;
#1907 = ORIENTED_EDGE ( 'NONE', *, *, #2585, .F. ) ;
#1908 = ORIENTED_EDGE ( 'NONE', *, *, #2857, .T. ) ;
#1909 = ORIENTED_EDGE ( 'NONE', *, *, #2562, .T. ) ;
#1910 = ORIENTED_EDGE ( 'NONE', *, *, #2782, .T. ) ;
#1911 = EDGE_LOOP ( 'NONE', ( #1905, #1882, #1742, #1738 ) ) ;
#1912 = ORIENTED_EDGE ( 'NONE', *, *, #2575, .F. ) ;
#1913 = ORIENTED_EDGE ( 'NONE', *, *, #2587, .T. ) ;
#1914 = ORIENTED_EDGE ( 'NONE', *, *, #2759, .F. ) ;
#1915 = ORIENTED_EDGE ( 'NONE', *, *, #2747, .F. ) ;
#1916 = ORIENTED_EDGE ( 'NONE', *, *, #2756, .F. ) ;
#1917 = ORIENTED_EDGE ( 'NONE', *, *, #2582, .T. ) ;
#1918 = ORIENTED_EDGE ( 'NONE', *, *, #2773, .T. ) ;
#1919 = ORIENTED_EDGE ( 'NONE', *, *, #2555, .F. ) ;
#1920 = ORIENTED_EDGE ( 'NONE', *, *, #3651, .T. ) ;
#1921 = ORIENTED_EDGE ( 'NONE', *, *, #2570, .T. ) ;
#1922 = ORIENTED_EDGE ( 'NONE', *, *, #2759, .T. ) ;
#1923 = ORIENTED_EDGE ( 'NONE', *, *, #2829, .T. ) ;
#1924 = ORIENTED_EDGE ( 'NONE', *, *, #2581, .F. ) ;
#1925 = ORIENTED_EDGE ( 'NONE', *, *, #2849, .T. ) ;
#1926 = ORIENTED_EDGE ( 'NONE', *, *, #2764, .T. ) ;
#1927 = ORIENTED_EDGE ( 'NONE', *, *, #2860, .F. ) ;
#1928 = ORIENTED_EDGE ( 'NONE', *, *, #2761, .T. ) ;
#1929 = ORIENTED_EDGE ( 'NONE', *, *, #2770, .T. ) ;
#1930 = ORIENTED_EDGE ( 'NONE', *, *, #2587, .F. ) ;
#1931 = ORIENTED_EDGE ( 'NONE', *, *, #2291, .T. ) ;
#1932 = ORIENTED_EDGE ( 'NONE', *, *, #3805, .F. ) ;
#1933 = ORIENTED_EDGE ( 'NONE', *, *, #2785, .T. ) ;
#1934 = ORIENTED_EDGE ( 'NONE', *, *, #2852, .T. ) ;
#1935 = ORIENTED_EDGE ( 'NONE', *, *, #2556, .T. ) ;
#1936 = ORIENTED_EDGE ( 'NONE', *, *, #2787, .T. ) ;
#1937 = ORIENTED_EDGE ( 'NONE', *, *, #2849, .F. ) ;
#1938 = ORIENTED_EDGE ( 'NONE', *, *, #2532, .T. ) ;
#1939 = ORIENTED_EDGE ( 'NONE', *, *, #2549, .F. ) ;
#1940 = ORIENTED_EDGE ( 'NONE', *, *, #2751, .T. ) ;
#1941 = ORIENTED_EDGE ( 'NONE', *, *, #2579, .T. ) ;
#1942 = EDGE_LOOP ( 'NONE', ( #1926, #1834, #1914, #1981, #1903, #1868 ) ) ;
#1943 = ORIENTED_EDGE ( 'NONE', *, *, #2760, .T. ) ;
#1944 = ORIENTED_EDGE ( 'NONE', *, *, #2584, .T. ) ;
#1945 = ORIENTED_EDGE ( 'NONE', *, *, #2551, .T. ) ;
#1946 = ORIENTED_EDGE ( 'NONE', *, *, #2556, .F. ) ;
#1947 = ORIENTED_EDGE ( 'NONE', *, *, #2529, .T. ) ;
#1948 = ORIENTED_EDGE ( 'NONE', *, *, #2846, .T. ) ;
#1949 = EDGE_LOOP ( 'NONE', ( #1758, #1849, #1579 ) ) ;
#1950 = ORIENTED_EDGE ( 'NONE', *, *, #2780, .F. ) ;
#1951 = ORIENTED_EDGE ( 'NONE', *, *, #2549, .T. ) ;
#1952 = ORIENTED_EDGE ( 'NONE', *, *, #2794, .T. ) ;
#1953 = ORIENTED_EDGE ( 'NONE', *, *, #2540, .F. ) ;
#1954 = ORIENTED_EDGE ( 'NONE', *, *, #2541, .F. ) ;
#1955 = ORIENTED_EDGE ( 'NONE', *, *, #2848, .T. ) ;
#1956 = ORIENTED_EDGE ( 'NONE', *, *, #2544, .F. ) ;
#1957 = ORIENTED_EDGE ( 'NONE', *, *, #2571, .T. ) ;
#1958 = ORIENTED_EDGE ( 'NONE', *, *, #2864, .F. ) ;
#1959 = ORIENTED_EDGE ( 'NONE', *, *, #2550, .T. ) ;
#1960 = ORIENTED_EDGE ( 'NONE', *, *, #2543, .F. ) ;
#1961 = ORIENTED_EDGE ( 'NONE', *, *, #2784, .T. ) ;
#1962 = ORIENTED_EDGE ( 'NONE', *, *, #2843, .F. ) ;
#1963 = ORIENTED_EDGE ( 'NONE', *, *, #2780, .T. ) ;
#1964 = ORIENTED_EDGE ( 'NONE', *, *, #2793, .F. ) ;
#1965 = ORIENTED_EDGE ( 'NONE', *, *, #2863, .T. ) ;
#1966 = ORIENTED_EDGE ( 'NONE', *, *, #2548, .T. ) ;
#1967 = ORIENTED_EDGE ( 'NONE', *, *, #2585, .T. ) ;
#1968 = ORIENTED_EDGE ( 'NONE', *, *, #2557, .F. ) ;
#1969 = ORIENTED_EDGE ( 'NONE', *, *, #2789, .F. ) ;
#1970 = ORIENTED_EDGE ( 'NONE', *, *, #2753, .F. ) ;
#1971 = ORIENTED_EDGE ( 'NONE', *, *, #2746, .T. ) ;
#1972 = ORIENTED_EDGE ( 'NONE', *, *, #2577, .F. ) ;
#1973 = ORIENTED_EDGE ( 'NONE', *, *, #2866, .T. ) ;
#1974 = ORIENTED_EDGE ( 'NONE', *, *, #2558, .T. ) ;
#1975 = OPEN_SHELL ( 'NONE', ( #1279, #1289, #1286, #1291, #1290, #1283, #1287, #1299, #1307, #1298, #1304, #1306, #1303, #1302, #1300, #1301, #1305, #1327, #1323, #1324, #1326, #1330, #1322, #1329, #1328, #1325, #1271, #1270, #1267, #1268, #1269, #1266, #1265, #1264, #1294, #1297, #1295, #1296, #1293, #1292, #1379, #1380, #1378, #1331, #1332, #1333, #1334 ) ) ;
#1976 = EDGE_LOOP ( 'NONE', ( #1790, #1968, #1802, #1974 ) ) ;
#1977 = ORIENTED_EDGE ( 'NONE', *, *, #2564, .F. ) ;
#1978 = ORIENTED_EDGE ( 'NONE', *, *, #2547, .F. ) ;
#1979 = ORIENTED_EDGE ( 'NONE', *, *, #2532, .F. ) ;
#1980 = ORIENTED_EDGE ( 'NONE', *, *, #2865, .T. ) ;
#1981 = ORIENTED_EDGE ( 'NONE', *, *, #2768, .F. ) ;
#1982 = ORIENTED_EDGE ( 'NONE', *, *, #2560, .F. ) ;
#1983 = EDGE_LOOP ( 'NONE', ( #1857, #1800, #1918, #1964, #1778, #1815, #1769, #1952 ) ) ;
#1984 = ORIENTED_EDGE ( 'NONE', *, *, #2855, .T. ) ;
#1985 = DIRECTION ( 'NONE',  ( -1.000000000000000000, -4.464361886705018100E-017, 0.0000000000000000000 ) ) ;
#1986 = DIRECTION ( 'NONE',  ( 0.0000000000000000000, 3.081487911019577400E-033, 1.000000000000000000 ) ) ;
#1987 = DIRECTION ( 'NONE',  ( -1.000000000000000000, -4.464361886705018100E-017, 0.0000000000000000000 ) ) ;
#1988 = CARTESIAN_POINT ( 'NONE',  ( -13.45733550181735100, 0.4578430877476835600, -11.49608517498327700 ) ) ;
#1989 = DIRECTION ( 'NONE',  ( -1.000000000000000000, -4.928191693112919400E-017, 0.0000000000000000000 ) ) ;
#1990 = DIRECTION ( 'NONE',  ( 0.0000000000000000000, -3.081487911019577400E-033, -1.000000000000000000 ) ) ;
#1991 = CARTESIAN_POINT ( 'NONE',  ( -21.25733550181847100, 0.4578430877476831800, -7.999999999964727800 ) ) ;
#1992 = CARTESIAN_POINT ( 'NONE',  ( -13.45733550181817500, 0.4578430877476835600, -1.499999999983998600 ) ) ;
#1993 = DIRECTION ( 'NONE',  ( 1.000000000000000000, 4.594077002051817700E-017, 0.0000000000000000000 ) ) ;
#1994 = PLANE ( 'NONE',  #325 ) ;
#1995 = DIRECTION ( 'NONE',  ( -1.000000000000000000, -4.928191693112921300E-017, 0.0000000000000000000 ) ) ;
#1996 = DIRECTION ( 'NONE',  ( 1.402674945371660400E-049, -3.081487911019577400E-033, -1.000000000000000000 ) ) ;
#1997 = DIRECTION ( 'NONE',  ( 1.000000000000000000, 4.551940445249239600E-017, 0.0000000000000000000 ) ) ;
#1998 = DIRECTION ( 'NONE',  ( 0.0000000000000000000, 3.081487911019577400E-033, 1.000000000000000000 ) ) ;
#1999 = CARTESIAN_POINT ( 'NONE',  ( -13.45733550181735100, 0.4578430877476835600, 1.614333666744016700E-011 ) ) ;
#2000 = DIRECTION ( 'NONE',  ( 0.0000000000000000000, -3.081487911019577400E-033, -1.000000000000000000 ) ) ;
#2001 = DIRECTION ( 'NONE',  ( -1.000000000000000000, -4.464361886705018100E-017, 0.0000000000000000000 ) ) ;
#2002 = CARTESIAN_POINT ( 'NONE',  ( -13.45733550181735100, 0.4578430877476835600, -8.496085174983333500 ) ) ;
#2003 = DIRECTION ( 'NONE',  ( 0.0000000000000000000, -3.081487911019577400E-033, -1.000000000000000000 ) ) ;
#2004 = DIRECTION ( 'NONE',  ( 1.000000000000000000, 4.263716408651198900E-017, 0.0000000000000000000 ) ) ;
#2005 = CARTESIAN_POINT ( 'NONE',  ( -13.45733550181817500, 0.4578430877476835600, -1.499999999983998600 ) ) ;
#2006 = DIRECTION ( 'NONE',  ( 0.0000000000000000000, -3.081487911019578000E-033, -1.000000000000000000 ) ) ;
#2007 = CARTESIAN_POINT ( 'NONE',  ( -9.207335501818601400, -6.903372844419307000, -1.499999999964727500 ) ) ;
#2008 = CARTESIAN_POINT ( 'NONE',  ( -13.45733550181934600, 0.4578430877456514100, -1.499999999964727500 ) ) ;
#2009 = PLANE ( 'NONE',  #330 ) ;
#2010 = DIRECTION ( 'NONE',  ( 1.000000000000000000, 4.263716408651932900E-017, 0.0000000000000000000 ) ) ;
#2011 = DIRECTION ( 'NONE',  ( -1.000000000000000000, -4.464361886705018100E-017, 0.0000000000000000000 ) ) ;
#2012 = DIRECTION ( 'NONE',  ( 0.5000000000000001100, -0.8660254037844387100, 0.0000000000000000000 ) ) ;
#2013 = DIRECTION ( 'NONE',  ( 0.8660254037844386000, 0.5000000000000000000, -3.942096062099690200E-017 ) ) ;
#2014 = DIRECTION ( 'NONE',  ( 0.0000000000000000000, -3.081487911019578000E-033, -1.000000000000000000 ) ) ;
#2015 = CARTESIAN_POINT ( 'NONE',  ( -13.45733550181934600, 0.4578430877456514100, -1.499999999964727500 ) ) ;
#2016 = DIRECTION ( 'NONE',  ( 0.0000000000000000000, -3.081487911019577400E-033, -1.000000000000000000 ) ) ;
#2017 = DIRECTION ( 'NONE',  ( 1.000000000000000000, 0.0000000000000000000, 0.0000000000000000000 ) ) ;
#2018 = CARTESIAN_POINT ( 'NONE',  ( -13.45733550181817500, 0.4578430877476835600, -1.499999999983998600 ) ) ;
#2019 = DIRECTION ( 'NONE',  ( 0.0000000000000000000, 0.0000000000000000000, 1.000000000000000000 ) ) ;
#2020 = DIRECTION ( 'NONE',  ( 1.000000000000000000, 0.0000000000000000000, 0.0000000000000000000 ) ) ;
#2021 = CARTESIAN_POINT ( 'NONE',  ( -2.736075255249659200E-013, -5.519619894963801500E-013, 14.79999999999997800 ) ) ;
#2022 = DIRECTION ( 'NONE',  ( 0.0000000000000000000, 0.0000000000000000000, -1.000000000000000000 ) ) ;
#2023 = DIRECTION ( 'NONE',  ( -1.000000000000000000, 0.0000000000000000000, 0.0000000000000000000 ) ) ;
#2024 = CARTESIAN_POINT ( 'NONE',  ( 0.0000000000000000000, 0.0000000000000000000, 15.00000000000000000 ) ) ;
#2025 = DIRECTION ( 'NONE',  ( -0.0000000000000000000, -0.0000000000000000000, -1.000000000000000000 ) ) ;
#2026 = CARTESIAN_POINT ( 'NONE',  ( 0.0000000000000000000, 0.0000000000000000000, 14.30000000000000100 ) ) ;
#2027 = CARTESIAN_POINT ( 'NONE',  ( 0.0000000000000000000, 0.0000000000000000000, 12.00000000000000000 ) ) ;
#2028 = CARTESIAN_POINT ( 'NONE',  ( -10.49999999999973200, 3.897435053980603300, 15.00000000000000000 ) ) ;
#2029 = PLANE ( 'NONE',  #335 ) ;
#2030 = CARTESIAN_POINT ( 'NONE',  ( 8.625277766346645300, 7.144549212745404000, 15.00000000000000000 ) ) ;
#2031 = DIRECTION ( 'NONE',  ( 0.0000000000000000000, 0.0000000000000000000, -1.000000000000000000 ) ) ;
#2032 = DIRECTION ( 'NONE',  ( -1.000000000000000000, 0.0000000000000000000, -0.0000000000000000000 ) ) ;
#2033 = PLANE ( 'NONE',  #336 ) ;
#2034 = DIRECTION ( 'NONE',  ( -1.000000000000000000, 0.0000000000000000000, 0.0000000000000000000 ) ) ;
#2035 = DIRECTION ( 'NONE',  ( -0.5000000000000000000, -0.8660254037844387100, 0.0000000000000000000 ) ) ;
#2036 = DIRECTION ( 'NONE',  ( 0.8660254037844386000, -0.4999999999999999400, 0.0000000000000000000 ) ) ;
#2037 = PLANE ( 'NONE',  #337 ) ;
#2038 = CARTESIAN_POINT ( 'NONE',  ( -2.736075255249659200E-013, -5.519619894963801500E-013, 0.0000000000000000000 ) ) ;
#2039 = DIRECTION ( 'NONE',  ( 1.000000000000000000, 0.0000000000000000000, -0.0000000000000000000 ) ) ;
#2040 = DIRECTION ( 'NONE',  ( -0.0000000000000000000, 0.0000000000000000000, -1.000000000000000000 ) ) ;
#2041 = DIRECTION ( 'NONE',  ( -0.0000000000000000000, -0.0000000000000000000, -1.000000000000000000 ) ) ;
#2042 = CARTESIAN_POINT ( 'NONE',  ( -2.736075255249659200E-013, -5.519619894963801500E-013, 15.00000000000000000 ) ) ;
#2043 = PLANE ( 'NONE',  #341 ) ;
#2044 = PLANE ( 'NONE',  #339 ) ;
#2045 = CARTESIAN_POINT ( 'NONE',  ( -2.736075255249659200E-013, -5.519619894963801500E-013, 15.00000000000000000 ) ) ;
#2046 = DIRECTION ( 'NONE',  ( 0.0000000000000000000, 0.0000000000000000000, 1.000000000000000000 ) ) ;
#2047 = DIRECTION ( 'NONE',  ( 1.000000000000000000, 0.0000000000000000000, -0.0000000000000000000 ) ) ;
#2048 = CARTESIAN_POINT ( 'NONE',  ( -10.25369178522250000, 7.788372873316872900, 10.36396103069512600 ) ) ;
#2049 = CARTESIAN_POINT ( 'NONE',  ( -20.06109976589857200, 5.027653250216666900, 11.09361611678168000 ) ) ;
#2050 = DIRECTION ( 'NONE',  ( -1.000000000000000000, 0.0000000000000000000, 0.0000000000000000000 ) ) ;
#2051 = CARTESIAN_POINT ( 'NONE',  ( -2.736075255249659200E-013, -5.519619894963801500E-013, 15.00000000000000000 ) ) ;
#2052 = DIRECTION ( 'NONE',  ( -0.0000000000000000000, -0.0000000000000000000, -1.000000000000000000 ) ) ;
#2053 = DIRECTION ( 'NONE',  ( -1.000000000000000000, 0.0000000000000000000, 0.0000000000000000000 ) ) ;
#2054 = DIRECTION ( 'NONE',  ( -0.0000000000000000000, -0.0000000000000000000, -1.000000000000000000 ) ) ;
#2055 = DIRECTION ( 'NONE',  ( 1.000000000000000000, 0.0000000000000000000, 0.0000000000000000000 ) ) ;
#2056 = CARTESIAN_POINT ( 'NONE',  ( 0.0000000000000000000, 0.0000000000000000000, 12.00000000000000000 ) ) ;
#2057 = DIRECTION ( 'NONE',  ( 0.0000000000000000000, 0.0000000000000000000, 1.000000000000000000 ) ) ;
#2058 = DIRECTION ( 'NONE',  ( -1.000000000000000000, 0.0000000000000000000, 0.0000000000000000000 ) ) ;
#2059 = CARTESIAN_POINT ( 'NONE',  ( -2.736075255249659200E-013, -5.519619894963801500E-013, 14.79999999999997800 ) ) ;
#2060 = DIRECTION ( 'NONE',  ( -0.0000000000000000000, -0.0000000000000000000, -1.000000000000000000 ) ) ;
#2061 = DIRECTION ( 'NONE',  ( -1.000000000000000000, 0.0000000000000000000, 0.0000000000000000000 ) ) ;
#2062 = CARTESIAN_POINT ( 'NONE',  ( 0.0000000000000000000, 0.0000000000000000000, 12.00000000000000000 ) ) ;
#2063 = DIRECTION ( 'NONE',  ( -0.0000000000000000000, -0.0000000000000000000, -1.000000000000000000 ) ) ;
#2064 = DIRECTION ( 'NONE',  ( -1.000000000000000000, -4.517509052021524600E-017, 0.0000000000000000000 ) ) ;
#2065 = CARTESIAN_POINT ( 'NONE',  ( -2.736075255249659200E-013, -5.519619894963801500E-013, 15.00000000000000000 ) ) ;
#2066 = DIRECTION ( 'NONE',  ( 0.0000000000000000000, 3.081487911019577400E-033, 1.000000000000000000 ) ) ;
#2067 = DIRECTION ( 'NONE',  ( 0.0000000000000000000, 0.0000000000000000000, 1.000000000000000000 ) ) ;
#2068 = CARTESIAN_POINT ( 'NONE',  ( -13.45733550181735100, 0.4578430877476835600, 1.614333666744016700E-011 ) ) ;
#2069 = DIRECTION ( 'NONE',  ( -1.000000000000000000, -0.0000000000000000000, -0.0000000000000000000 ) ) ;
#2070 = DIRECTION ( 'NONE',  ( 0.0000000000000000000, 0.0000000000000000000, 1.000000000000000000 ) ) ;
#2071 = CARTESIAN_POINT ( 'NONE',  ( 7.742664498179823200, 0.4578430877476840100, 9.000000000014551900 ) ) ;
#2072 = DIRECTION ( 'NONE',  ( -1.000000000000000000, -0.0000000000000000000, -0.0000000000000000000 ) ) ;
#2073 = CARTESIAN_POINT ( 'NONE',  ( 11.54266449818000600, 0.4578430877476840100, 14.00000000001182300 ) ) ;
#2074 = CARTESIAN_POINT ( 'NONE',  ( 11.04266449818000800, 0.4578430877476840100, 9.000000000014551900 ) ) ;
#2075 = DIRECTION ( 'NONE',  ( 0.0000000000000000000, 0.0000000000000000000, 1.000000000000000000 ) ) ;
#2076 = PLANE ( 'NONE',  #2613 ) ;
#2077 = DIRECTION ( 'NONE',  ( -1.000000000000000000, -4.928191693112921300E-017, 0.0000000000000000000 ) ) ;
#2078 = DIRECTION ( 'NONE',  ( 1.000000000000000000, 0.0000000000000000000, 0.0000000000000000000 ) ) ;
#2079 = DIRECTION ( 'NONE',  ( 0.0000000000000000000, 0.0000000000000000000, -1.000000000000000000 ) ) ;
#2080 = DIRECTION ( 'NONE',  ( 0.0000000000000000000, 3.081487911019577400E-033, 1.000000000000000000 ) ) ;
#2081 = CARTESIAN_POINT ( 'NONE',  ( -13.45733550181735100, 0.4578430877476835600, 1.614333666744016700E-011 ) ) ;
#2082 = DIRECTION ( 'NONE',  ( -1.000000000000000000, -0.0000000000000000000, -0.0000000000000000000 ) ) ;
#2083 = DIRECTION ( 'NONE',  ( 0.0000000000000000000, 0.0000000000000000000, -1.000000000000000000 ) ) ;
#2084 = CARTESIAN_POINT ( 'NONE',  ( -4.457335501817719400, 0.4578430877476840100, 9.000000000014551900 ) ) ;
#2085 = DIRECTION ( 'NONE',  ( 1.000000000000000000, -0.0000000000000000000, -0.0000000000000000000 ) ) ;
#2086 = DIRECTION ( 'NONE',  ( -1.000000000000000000, -4.613626265895764500E-017, 0.0000000000000000000 ) ) ;
#2087 = CARTESIAN_POINT ( 'NONE',  ( -17.55733550181999500, 0.4578430877476840100, 9.000000000014551900 ) ) ;
#2088 = DIRECTION ( 'NONE',  ( 0.0000000000000000000, 3.081487911019577400E-033, 1.000000000000000000 ) ) ;
#2089 = DIRECTION ( 'NONE',  ( 1.000000000000000000, 4.594077002051817700E-017, 0.0000000000000000000 ) ) ;
#2090 = CARTESIAN_POINT ( 'NONE',  ( -13.45733550181817500, 0.4578430877476835600, -11.99708517498512500 ) ) ;
#2091 = DIRECTION ( 'NONE',  ( 0.0000000000000000000, -3.081487911019577400E-033, -1.000000000000000000 ) ) ;
#2092 = CARTESIAN_POINT ( 'NONE',  ( 7.742664498179823200, 0.4578430877476840100, 15.09857142858254500 ) ) ;
#2093 = CARTESIAN_POINT ( 'NONE',  ( -13.45733550181735100, 0.4578430877476835600, -8.496085174983333500 ) ) ;
#2094 = DIRECTION ( 'NONE',  ( -1.000000000000000000, -4.928191693112919400E-017, 0.0000000000000000000 ) ) ;
#2095 = PLANE ( 'NONE',  #2619 ) ;
#2096 = DIRECTION ( 'NONE',  ( 1.000000000000000000, 4.627692199631845300E-017, 0.0000000000000000000 ) ) ;
#2097 = DIRECTION ( 'NONE',  ( -1.000000000000000000, 0.0000000000000000000, -0.0000000000000000000 ) ) ;
#2098 = DIRECTION ( 'NONE',  ( -0.0000000000000000000, 0.0000000000000000000, 1.000000000000000000 ) ) ;
#2099 = DIRECTION ( 'NONE',  ( 0.0000000000000000000, -3.081487911019577400E-033, -1.000000000000000000 ) ) ;
#2100 = CARTESIAN_POINT ( 'NONE',  ( -13.45733550181735100, 0.4578430877476835600, 1.614333666744016700E-011 ) ) ;
#2101 = DIRECTION ( 'NONE',  ( 0.0000000000000000000, 3.081487911019577400E-033, 1.000000000000000000 ) ) ;
#2102 = DIRECTION ( 'NONE',  ( 1.000000000000000000, 5.019454502247705400E-017, 0.0000000000000000000 ) ) ;
#2103 = CARTESIAN_POINT ( 'NONE',  ( -13.45733550181735100, 0.4578430877476835600, -11.49608517498327700 ) ) ;
#2104 = DIRECTION ( 'NONE',  ( 0.0000000000000000000, -3.081487911019577400E-033, -1.000000000000000000 ) ) ;
#2105 = DIRECTION ( 'NONE',  ( 1.000000000000000000, 4.263716408651460900E-017, 0.0000000000000000000 ) ) ;
#2106 = CARTESIAN_POINT ( 'NONE',  ( -13.45733550181817500, 0.4578430877476835600, -11.99608517498327800 ) ) ;
#2107 = DIRECTION ( 'NONE',  ( 0.0000000000000000000, -3.081487911019578000E-033, -1.000000000000000000 ) ) ;
#2108 = CARTESIAN_POINT ( 'NONE',  ( -17.70733550181696700, 7.819059019913321000, -1.499999999964727500 ) ) ;
#2109 = CARTESIAN_POINT ( 'NONE',  ( -13.45733550181934600, 0.4578430877456514100, -1.499999999964727500 ) ) ;
#2110 = PLANE ( 'NONE',  #2623 ) ;
#2111 = PLANE ( 'NONE',  #2624 ) ;
#2112 = CARTESIAN_POINT ( 'NONE',  ( -18.09462797931653800, 3.934987257693715300, 14.49564674744279800 ) ) ;
#2113 = DIRECTION ( 'NONE',  ( -0.5000000000000001100, 0.8660254037844387100, 0.0000000000000000000 ) ) ;
#2114 = DIRECTION ( 'NONE',  ( -0.8660254037844386000, -0.5000000000000000000, 3.942096062099690200E-017 ) ) ;
#2115 = EDGE_CURVE ( 'NONE', #1504, #1483, #2445, .T. ) ;
#2116 = EDGE_CURVE ( 'NONE', #1482, #1508, #3656, .T. ) ;
#2117 = EDGE_CURVE ( 'NONE', #1606, #1469, #2446, .T. ) ;
#2118 = EDGE_CURVE ( 'NONE', #1676, #1503, #2447, .T. ) ;
#2119 = EDGE_CURVE ( 'NONE', #1511, #1681, #3801, .T. ) ;
#2120 = EDGE_CURVE ( 'NONE', #1498, #1481, #1043, .T. ) ;
#2121 = EDGE_CURVE ( 'NONE', #1481, #1482, #3664, .T. ) ;
#2122 = EDGE_CURVE ( 'NONE', #1616, #1726, #4087, .T. ) ;
#2123 = EDGE_CURVE ( 'NONE', #1502, #1508, #4088, .T. ) ;
#2124 = EDGE_CURVE ( 'NONE', #1655, #1698, #3659, .T. ) ;
#2125 = EDGE_CURVE ( 'NONE', #1715, #1676, #3663, .T. ) ;
#2126 = EDGE_CURVE ( 'NONE', #1679, #1697, #3665, .T. ) ;
#2127 = EDGE_CURVE ( 'NONE', #1672, #1593, #3655, .T. ) ;
#2128 = EDGE_CURVE ( 'NONE', #1469, #1511, #3666, .T. ) ;
#2129 = EDGE_CURVE ( 'NONE', #1570, #1605, #3657, .T. ) ;
#2130 = EDGE_CURVE ( 'NONE', #1674, #1415, #3658, .T. ) ;
#2131 = EDGE_CURVE ( 'NONE', #1688, #1672, #4089, .T. ) ;
#2132 = EDGE_CURVE ( 'NONE', #1493, #1583, #4090, .T. ) ;
#2133 = EDGE_CURVE ( 'NONE', #1606, #1688, #3660, .T. ) ;
#2134 = EDGE_CURVE ( 'NONE', #1726, #1681, #3654, .T. ) ;
#2135 = EDGE_CURVE ( 'NONE', #1508, #1505, #4091, .T. ) ;
#2136 = EDGE_CURVE ( 'NONE', #1688, #1715, #130, .T. ) ;
#2137 = EDGE_CURVE ( 'NONE', #1677, #1643, #124, .T. ) ;
#2138 = EDGE_CURVE ( 'NONE', #1501, #1482, #4092, .T. ) ;
#2139 = EDGE_CURVE ( 'NONE', #1681, #1662, #4093, .T. ) ;
#2140 = EDGE_CURVE ( 'NONE', #1593, #1606, #4094, .T. ) ;
#2141 = EDGE_CURVE ( 'NONE', #1676, #1726, #127, .T. ) ;
#2142 = CARTESIAN_POINT ( 'NONE',  ( -20.93717054924605100, 3.300494251490981000, 12.01767443991900700 ) ) ;
#2143 = B_SPLINE_CURVE_WITH_KNOTS ( 'NONE', 3,
 ( #2321, #2322, #2327, #2328, #2329, #2330, #2331, #2332, #2333, #2334, #2335, #2336, #2337, #2338 ),
 .UNSPECIFIED., .F., .F.,
 ( 4, 2, 2, 2, 2, 2, 4 ),
 ( 0.0000000000000000000, 0.001028054303175258600, 0.002056108606350517200, 0.002570135757938146600, 0.003084162909525776400, 0.003598190061113406200, 0.004112217212701036100 ),
 .UNSPECIFIED. ) ;
#2144 = B_SPLINE_CURVE_WITH_KNOTS ( 'NONE', 3,
 ( #2339, #2340, #2345, #2346, #2347, #2348, #2349, #2350, #2351, #2352, #2353, #2354, #2355, #2356, #2912, #402, #403, #404, #405, #406, #407, #408, #409, #410, #411, #412, #413, #414, #415, #416 ),
 .UNSPECIFIED., .F., .F.,
 ( 4, 2, 2, 2, 2, 2, 2, 2, 2, 2, 2, 2, 2, 2, 4 ),
 ( 0.008101364549365391500, 0.008944324770296064800, 0.009787284991226736400, 0.01063024521215741000, 0.01147320543308808100, 0.01231616565401875500, 0.01315912587494942600, 0.01400208609588009900, 0.01484504631681077300, 0.01653096675867211900, 0.01821688720053346200, 0.01905984742146413200, 0.01990280764239480600, 0.02074576786332547900, 0.02158872808425615200 ),
 .UNSPECIFIED. ) ;
#2145 =( BOUNDED_CURVE ( )  B_SPLINE_CURVE ( 3, ( #2326, #2344, #419, #420 ),
 .UNSPECIFIED., .F., .F. ) 
 B_SPLINE_CURVE_WITH_KNOTS ( ( 4, 4 ),
 ( 5.556908628416264800, 5.871171454596021600 ),
 .UNSPECIFIED. ) 
 CURVE ( )  GEOMETRIC_REPRESENTATION_ITEM ( )  RATIONAL_B_SPLINE_CURVE ( ( 1.000000000000000000, 0.9917868260201615500, 0.9917868260201615500, 1.000000000000000000 ) ) 
 REPRESENTATION_ITEM ( '' )  );
#2146 = B_SPLINE_CURVE_WITH_KNOTS ( 'NONE', 3,
 ( #418, #417, #422, #423, #424, #425 ),
 .UNSPECIFIED., .F., .F.,
 ( 4, 2, 4 ),
 ( -1.761065881201871800E-005, 0.001261996621033676800, 0.002541603900879372800 ),
 .UNSPECIFIED. ) ;
#2147 = B_SPLINE_CURVE_WITH_KNOTS ( 'NONE', 3,
 ( #426, #427, #432, #433, #434, #435 ),
 .UNSPECIFIED., .F., .F.,
 ( 4, 2, 4 ),
 ( 0.01146250076587271800, 0.01342760835496214400, 0.01539271594405157100 ),
 .UNSPECIFIED. ) ;
#2148 = B_SPLINE_CURVE_WITH_KNOTS ( 'NONE', 3,
 ( #421, #431, #436, #437, #438, #439, #440, #441 ),
 .UNSPECIFIED., .F., .F.,
 ( 4, 2, 2, 4 ),
 ( 0.02199639759212327100, 0.02297950115219825700, 0.02396260471227324200, 0.02592881183242321000 ),
 .UNSPECIFIED. ) ;
#2149 = B_SPLINE_CURVE_WITH_KNOTS ( 'NONE', 3,
 ( #455, #456, #460, #461, #462, #463, #464, #465 ),
 .UNSPECIFIED., .F., .F.,
 ( 4, 2, 2, 4 ),
 ( 0.01497821984584312900, 0.01694998998765951900, 0.01793587505856771400, 0.01892176012947590800 ),
 .UNSPECIFIED. ) ;
#2150 = B_SPLINE_CURVE_WITH_KNOTS ( 'NONE', 3,
 ( #3268, #3272, #3273, #3274, #3275, #3276 ),
 .UNSPECIFIED., .F., .F.,
 ( 4, 2, 4 ),
 ( 0.01104775941257841500, 0.01301298962921077300, 0.01497821984584312900 ),
 .UNSPECIFIED. ) ;
#2151 = B_SPLINE_CURVE_WITH_KNOTS ( 'NONE', 3,
 ( #3289, #3290, #3295, #3296, #3297, #3298, #3299, #3300, #3301, #3302 ),
 .UNSPECIFIED., .F., .F.,
 ( 4, 2, 2, 2, 4 ),
 ( 2.412733755987980900E-007, 0.003955245329159442400, 0.004943996343105403400, 0.005932747357051365400, 0.007910249384943288500 ),
 .UNSPECIFIED. ) ;
#2152 = B_SPLINE_CURVE_WITH_KNOTS ( 'NONE', 3,
 ( #3303, #3304, #3309, #3310, #3311, #3312, #3313, #3314, #3315, #3316, #3317, #3318, #3319, #3320, #3321, #3322, #3323, #3324, #3325, #3326, #3327, #3328 ),
 .UNSPECIFIED., .F., .F.,
 ( 4, 2, 2, 2, 2, 2, 2, 2, 2, 2, 4 ),
 ( 0.007647875564105116100, 0.008602303527581314100, 0.009079517509319413500, 0.009556731491057511200, 0.01051115945453370700, 0.01146558741800990000, 0.01242001538148609600, 0.01337444334496228900, 0.01432887130843848300, 0.01480608529017657700, 0.01528329927191467200 ),
 .UNSPECIFIED. ) ;
#2153 =( BOUNDED_CURVE ( )  B_SPLINE_CURVE ( 3, ( #3294, #3308, #3333, #3334 ),
 .UNSPECIFIED., .F., .T. ) 
 B_SPLINE_CURVE_WITH_KNOTS ( ( 4, 4 ),
 ( 0.0000000000000000000, 1.052990558535448400 ),
 .UNSPECIFIED. ) 
 CURVE ( )  GEOMETRIC_REPRESENTATION_ITEM ( )  RATIONAL_B_SPLINE_CURVE ( ( 1.000000000000000000, 0.9097156807441102400, 0.9097156807441102400, 1.000000000000000000 ) ) 
 REPRESENTATION_ITEM ( '' )  );
#2154 = B_SPLINE_CURVE_WITH_KNOTS ( 'NONE', 3,
 ( #3335, #3336, #3340, #3341 ),
 .UNSPECIFIED., .F., .F.,
 ( 4, 4 ),
 ( 0.002668590896757885200, 0.005338812621519428000 ),
 .UNSPECIFIED. ) ;
#2155 = B_SPLINE_CURVE_WITH_KNOTS ( 'NONE', 3,
 ( #3367, #3368, #3373, #3374 ),
 .UNSPECIFIED., .F., .F.,
 ( 4, 4 ),
 ( 0.002668590896748514600, 0.005338812621507626700 ),
 .UNSPECIFIED. ) ;
#2156 = B_SPLINE_CURVE_WITH_KNOTS ( 'NONE', 3,
 ( #3375, #3376, #3381, #3382 ),
 .UNSPECIFIED., .F., .F.,
 ( 4, 4 ),
 ( 2.386635464768459800E-007, 0.002668590896748514600 ),
 .UNSPECIFIED. ) ;
#2157 = B_SPLINE_CURVE_WITH_KNOTS ( 'NONE', 3,
 ( #3372, #3380, #3385, #3386, #3387, #3388 ),
 .UNSPECIFIED., .F., .F.,
 ( 4, 2, 4 ),
 ( 0.008358151445480634400, 0.009681648362460441200, 0.01100514527944024600 ),
 .UNSPECIFIED. ) ;
#2158 = B_SPLINE_CURVE_WITH_KNOTS ( 'NONE', 3,
 ( #3384, #3383, #3391, #3392 ),
 .UNSPECIFIED., .F., .F.,
 ( 4, 4 ),
 ( 0.002668590896756943600, 0.005338812621508750800 ),
 .UNSPECIFIED. ) ;
#2159 = B_SPLINE_CURVE_WITH_KNOTS ( 'NONE', 3,
 ( #3402, #3403, #3408, #3409 ),
 .UNSPECIFIED., .F., .F.,
 ( 4, 4 ),
 ( 0.002668590896759034800, 0.005338812621519433200 ),
 .UNSPECIFIED. ) ;
#2160 = UNCERTAINTY_MEASURE_WITH_UNIT (LENGTH_MEASURE( 1.000000000000000100E-005 ), #3429, 'distance_accuracy_value', 'NONE');
#2161 = MANIFOLD_SURFACE_SHAPE_REPRESENTATION ( '', ( #2162, #3014 ), #3013 ) ;
#2162 = SHELL_BASED_SURFACE_MODEL ( 'NONE', ( #3776, #1975 ) );
#2163 = UNCERTAINTY_MEASURE_WITH_UNIT (LENGTH_MEASURE( 1.000000000000000100E-005 ), #3452, 'distance_accuracy_value', 'NONE');
#2164 = CYLINDRICAL_SURFACE ( 'NONE', #327, 6.600000000004028400 ) ;
#2165 = FACE_OUTER_BOUND ( 'NONE', #1411, .T. ) ;
#2166 = FACE_OUTER_BOUND ( 'NONE', #1669, .T. ) ;
#2167 = CONICAL_SURFACE ( 'NONE', #328, 6.900000000000273900, 0.7853981633974266300 ) ;
#2168 = CONICAL_SURFACE ( 'NONE', #321, 8.500000000000000000, 0.7853981633974500600 ) ;
#2169 = FACE_OUTER_BOUND ( 'NONE', #1888, .T. ) ;
#2170 = CYLINDRICAL_SURFACE ( 'NONE', #329, 8.899999999999293400 ) ;
#2171 = CYLINDRICAL_SURFACE ( 'NONE', #345, 11.20000000000029600 ) ;
#2172 = FACE_OUTER_BOUND ( 'NONE', #1589, .T. ) ;
#2173 = FACE_BOUND ( 'NONE', #2703, .T. ) ;
#2174 = FACE_BOUND ( 'NONE', #1390, .T. ) ;
#2175 = FACE_OUTER_BOUND ( 'NONE', #1657, .T. ) ;
#2176 = FACE_OUTER_BOUND ( 'NONE', #1388, .T. ) ;
#2177 = FACE_OUTER_BOUND ( 'NONE', #1724, .T. ) ;
#2178 = CONICAL_SURFACE ( 'NONE', #319, 8.500000000000000000, 0.7853981633974500600 ) ;
#2179 = CONICAL_SURFACE ( 'NONE', #333, 9.799999999999982900, 0.7853981633974500600 ) ;
#2180 = CONICAL_SURFACE ( 'NONE', #322, 6.600000000004031100, 0.7853981633974482800 ) ;
#2181 = FACE_OUTER_BOUND ( 'NONE', #1904, .T. ) ;
#2182 = CONICAL_SURFACE ( 'NONE', #324, 8.500000000000000000, 0.7853981633974500600 ) ;
#2183 = CONICAL_SURFACE ( 'NONE', #343, 10.50000000000000000, 0.7853981633974500600 ) ;
#2184 = FACE_OUTER_BOUND ( 'NONE', #1596, .T. ) ;
#2185 = FACE_OUTER_BOUND ( 'NONE', #1536, .T. ) ;
#2186 = CYLINDRICAL_SURFACE ( 'NONE', #338, 11.19999999999943400 ) ;
#2187 = FACE_OUTER_BOUND ( 'NONE', #1412, .T. ) ;
#2188 = CONICAL_SURFACE ( 'NONE', #340, 10.50000000000000000, 0.7853981633974500600 ) ;
#2189 = FACE_OUTER_BOUND ( 'NONE', #1591, .T. ) ;
#2190 = CONICAL_SURFACE ( 'NONE', #318, 8.500000000000000000, 0.7853981633974500600 ) ;
#2191 = CONICAL_SURFACE ( 'NONE', #334, 8.300000000000000700, 0.5427973973702376900 ) ;
#2192 = CONICAL_SURFACE ( 'NONE', #323, 8.500000000000000000, 0.7853981633974500600 ) ;
#2193 = FACE_OUTER_BOUND ( 'NONE', #1692, .T. ) ;
#2194 = CYLINDRICAL_SURFACE ( 'NONE', #332, 8.899999999997760400 ) ;
#2195 = FACE_OUTER_BOUND ( 'NONE', #531, .T. ) ;
#2196 = FACE_OUTER_BOUND ( 'NONE', #1729, .T. ) ;
#2197 = FACE_OUTER_BOUND ( 'NONE', #1673, .T. ) ;
#2198 = FACE_OUTER_BOUND ( 'NONE', #1512, .T. ) ;
#2199 = FACE_OUTER_BOUND ( 'NONE', #1601, .T. ) ;
#2200 = CONICAL_SURFACE ( 'NONE', #331, 8.500000000000000000, 0.7853981633974500600 ) ;
#2201 = FACE_OUTER_BOUND ( 'NONE', #1610, .T. ) ;
#2202 = FACE_BOUND ( 'NONE', #1828, .T. ) ;
#2203 = FACE_OUTER_BOUND ( 'NONE', #1671, .T. ) ;
#2204 = FACE_OUTER_BOUND ( 'NONE', #1625, .T. ) ;
#2205 = FACE_OUTER_BOUND ( 'NONE', #2715, .T. ) ;
#2206 = FACE_OUTER_BOUND ( 'NONE', #1539, .T. ) ;
#2207 = FACE_OUTER_BOUND ( 'NONE', #2739, .T. ) ;
#2208 = FACE_OUTER_BOUND ( 'NONE', #1678, .T. ) ;
#2209 = FACE_BOUND ( 'NONE', #1521, .T. ) ;
#2210 = FACE_OUTER_BOUND ( 'NONE', #540, .T. ) ;
#2211 = FACE_OUTER_BOUND ( 'NONE', #2707, .T. ) ;
#2212 = CONICAL_SURFACE ( 'NONE', #326, 5.900000000006940600, 0.9201635361863493800 ) ;
#2213 = CONICAL_SURFACE ( 'NONE', #342, 10.50000000000000000, 0.7853981633974500600 ) ;
#2214 = CYLINDRICAL_SURFACE ( 'NONE', #350, 5.499999999997270600 ) ;
#2215 = FACE_OUTER_BOUND ( 'NONE', #2724, .T. ) ;
#2216 = CARTESIAN_POINT ( 'NONE',  ( -18.91216064017343600, -5.530143396522938700, 12.20440167117037500 ) ) ;
#2217 = CARTESIAN_POINT ( 'NONE',  ( -17.31708649479757200, -4.872031506712270100, 12.86251356098103900 ) ) ;
#2218 = CARTESIAN_POINT ( 'NONE',  ( -18.64449077095336400, -5.672916683467063200, 10.11802261131272300 ) ) ;
#2219 = CARTESIAN_POINT ( 'NONE',  ( -17.96301316464656100, -6.236798035695932700, 11.49774703199737900 ) ) ;
#2220 = CARTESIAN_POINT ( 'NONE',  ( -16.69930754502755100, -5.495202112821057300, 12.23934295487225100 ) ) ;
#2221 = CARTESIAN_POINT ( 'NONE',  ( -18.08431142708170100, -6.105988791925594400, 9.847352543525428100 ) ) ;
#2222 = CARTESIAN_POINT ( 'NONE',  ( -17.44937294696521600, -6.542825838916117600, 11.19171922877655100 ) ) ;
#2223 = CARTESIAN_POINT ( 'NONE',  ( -16.34919545510762300, -5.765872180608028000, 11.96867288708528500 ) ) ;
#2224 = CARTESIAN_POINT ( 'NONE',  ( -16.87046109368167600, -6.811501370437657200, 9.406407181956353700 ) ) ;
#2225 = CARTESIAN_POINT ( 'NONE',  ( -16.37191627381375300, -7.034765412624198100, 10.69977965506974900 ) ) ;
#2226 = CARTESIAN_POINT ( 'NONE',  ( -15.59053899673312100, -6.206817542177527800, 11.52772752551578400 ) ) ;
#2227 = CARTESIAN_POINT ( 'NONE',  ( -16.21688692115511900, -7.083885568250906300, 9.236167058322362100 ) ) ;
#2228 = CARTESIAN_POINT ( 'NONE',  ( -15.80426399481594600, -7.225044107112863000, 10.50950096057985100 ) ) ;
#2229 = CARTESIAN_POINT ( 'NONE',  ( -15.18205513890377000, -6.377057665811104700, 11.35748740188220500 ) ) ;
#2230 = CARTESIAN_POINT ( 'NONE',  ( -14.86126691505440100, -7.449227908746744100, 9.007828095512914900 ) ) ;
#2231 = CARTESIAN_POINT ( 'NONE',  ( -14.64597246449882200, -7.477580430810744100, 10.25696463688315100 ) ) ;
#2232 = CARTESIAN_POINT ( 'NONE',  ( -14.33479263509081200, -6.605396628620948000, 11.12914843907236000 ) ) ;
#2233 = CARTESIAN_POINT ( 'NONE',  ( -14.15935488831310000, -7.542156912252315800, 8.949747468320946800 ) ) ;
#2234 = CARTESIAN_POINT ( 'NONE',  ( -14.05030409133898100, -7.542156912250984400, 10.19238815544061300 ) ) ;
#2235 = CARTESIAN_POINT ( 'NONE',  ( -13.89609761837750300, -6.663477255811957700, 11.07106781188135300 ) ) ;
#2236 = CARTESIAN_POINT ( 'NONE',  ( -13.45733550181817500, -7.542156912252315800, 8.949747468321708900 ) ) ;
#2237 = CARTESIAN_POINT ( 'NONE',  ( -13.45733550181817000, -7.542156912252317500, 10.19238815544099600 ) ) ;
#2238 = CARTESIAN_POINT ( 'NONE',  ( -13.45733550181817500, -6.663477255811957700, 11.07106781188135300 ) ) ;
#2239 = CARTESIAN_POINT ( 'NONE',  ( -4.457335501818175100, -4.138350989964002300, 13.59619407772930800 ) ) ;
#2240 = PLANE ( 'NONE',  #314 ) ;
#2241 = CARTESIAN_POINT ( 'NONE',  ( -10.25369178522366200, -6.872686697822013400, 10.36396103069441400 ) ) ;
#2242 = CARTESIAN_POINT ( 'NONE',  ( -10.41114261083814100, -6.941497051631009700, 10.79304801606230200 ) ) ;
#2243 = CARTESIAN_POINT ( 'NONE',  ( -10.65414724979797600, -6.663477255812348500, 11.07106781188096200 ) ) ;
#2244 = CARTESIAN_POINT ( 'NONE',  ( -9.553488218783574100, -6.566678425353268600, 10.63171826910680000 ) ) ;
#2245 = CARTESIAN_POINT ( 'NONE',  ( -9.735822735664898500, -6.664423785360301400, 11.07012128233395700 ) ) ;
#2246 = CARTESIAN_POINT ( 'NONE',  ( -10.04148385510019600, -6.395726453041233700, 11.33881861465207700 ) ) ;
#2247 = CARTESIAN_POINT ( 'NONE',  ( -8.897452782730869800, -6.159667178509039300, 10.98785311009348000 ) ) ;
#2248 = CARTESIAN_POINT ( 'NONE',  ( -9.101491353562448000, -6.294742170699192000, 11.43980289699412000 ) ) ;
#2249 = CARTESIAN_POINT ( 'NONE',  ( -9.467438122616977500, -6.039585176413282000, 11.69495989128002800 ) ) ;
#2250 = CARTESIAN_POINT ( 'NONE',  ( -7.727101845955774100, -5.176728305452156700, 11.84792462401782100 ) ) ;
#2251 = CARTESIAN_POINT ( 'NONE',  ( -7.958786677838974200, -5.408640235364354800, 12.32590483232895400 ) ) ;
#2252 = CARTESIAN_POINT ( 'NONE',  ( -8.443381052938379500, -5.179513662488939300, 12.55503140520436900 ) ) ;
#2253 = CARTESIAN_POINT ( 'NONE',  ( -7.212946621438609500, -4.600984635138670100, 12.35170033554359000 ) ) ;
#2254 = CARTESIAN_POINT ( 'NONE',  ( -7.447963188490658300, -4.883541391819342400, 12.85100367587581800 ) ) ;
#2255 = CARTESIAN_POINT ( 'NONE',  ( -7.993500828838334000, -4.675746390000364600, 13.05879867769294500 ) ) ;
#2256 = CARTESIAN_POINT ( 'NONE',  ( -6.790497309778687400, -3.964064704276440800, 12.90900527504678900 ) ) ;
#2257 = CARTESIAN_POINT ( 'NONE',  ( -7.024680572800837900, -4.317138986980515900, 13.41740608071279400 ) ) ;
#2258 = CARTESIAN_POINT ( 'NONE',  ( -7.623852083783623900, -4.118433011459972100, 13.61611205623333700 ) ) ;
#2259 = DIRECTION ( 'NONE',  ( 0.0000000000000000000, 0.0000000000000000000, -1.000000000000000000 ) ) ;
#2260 = DIRECTION ( 'NONE',  ( 0.0000000000000000000, 0.0000000000000000000, 1.000000000000000000 ) ) ;
#2261 = DIRECTION ( 'NONE',  ( 0.0000000000000000000, -0.7071067811865474600, 0.7071067811865476800 ) ) ;
#2262 = DIRECTION ( 'NONE',  ( 0.0000000000000000000, -0.7071067811865476800, -0.7071067811865474600 ) ) ;
#2263 = DIRECTION ( 'NONE',  ( 1.000000000000000000, 0.0000000000000000000, 0.0000000000000000000 ) ) ;
#2264 = CARTESIAN_POINT ( 'NONE',  ( -4.457335501817834000, 0.4578430877476840100, 9.000000000014551900 ) ) ;
#2265 = DIRECTION ( 'NONE',  ( -1.000000000000000000, -0.0000000000000000000, -0.0000000000000000000 ) ) ;
#2266 = CARTESIAN_POINT ( 'NONE',  ( 5.542664498180006800, 0.4578430877476840100, 15.09857142858254500 ) ) ;
#2267 = CARTESIAN_POINT ( 'NONE',  ( -4.457335501817719400, 0.4578430877476840100, 9.000000000014551900 ) ) ;
#2268 = DIRECTION ( 'NONE',  ( 0.0000000000000000000, 0.0000000000000000000, 1.000000000000000000 ) ) ;
#2269 = PLANE ( 'NONE',  #317 ) ;
#2270 = DIRECTION ( 'NONE',  ( 0.0000000000000000000, 0.0000000000000000000, 1.000000000000000000 ) ) ;
#2271 = DIRECTION ( 'NONE',  ( -1.000000000000000000, 0.0000000000000000000, -0.0000000000000000000 ) ) ;
#2272 = DIRECTION ( 'NONE',  ( -0.0000000000000000000, 0.0000000000000000000, 1.000000000000000000 ) ) ;
#2273 = DIRECTION ( 'NONE',  ( -1.000000000000000000, -0.0000000000000000000, -0.0000000000000000000 ) ) ;
#2274 = CARTESIAN_POINT ( 'NONE',  ( 1.038378783889262000, 0.4578430877476840100, 9.000000000014551900 ) ) ;
#2275 = DIRECTION ( 'NONE',  ( -1.000000000000000000, 0.0000000000000000000, 0.0000000000000000000 ) ) ;
#2276 = DIRECTION ( 'NONE',  ( -1.000000000000000000, -4.464361886705018100E-017, 0.0000000000000000000 ) ) ;
#2277 = CARTESIAN_POINT ( 'NONE',  ( -4.457335501818175100, -4.542156912252770500, 8.949747468321254100 ) ) ;
#2278 = DIRECTION ( 'NONE',  ( 0.0000000000000000000, -3.081487911019577400E-033, -1.000000000000000000 ) ) ;
#2279 = DIRECTION ( 'NONE',  ( 1.000000000000000000, 4.464361886705018100E-017, 0.0000000000000000000 ) ) ;
#2280 = CARTESIAN_POINT ( 'NONE',  ( -13.45733550181817500, 0.4578430877476835600, -1.499999999983998600 ) ) ;
#2281 = DIRECTION ( 'NONE',  ( 0.0000000000000000000, 3.081487911019577400E-033, 1.000000000000000000 ) ) ;
#2282 = DIRECTION ( 'NONE',  ( 0.0000000000000000000, -3.081487911019577400E-033, -1.000000000000000000 ) ) ;
#2283 = CARTESIAN_POINT ( 'NONE',  ( -13.45733550181817500, 0.4578430877476835600, -7.999999999964727800 ) ) ;
#2284 = EDGE_CURVE ( 'NONE', #1506, #1715, #4095, .T. ) ;
#2285 = EDGE_CURVE ( 'NONE', #1666, #1684, #131, .T. ) ;
#2286 = EDGE_CURVE ( 'NONE', #1503, #1506, #132, .T. ) ;
#2287 = EDGE_CURVE ( 'NONE', #1605, #1676, #4096, .T. ) ;
#2288 = EDGE_CURVE ( 'NONE', #1662, #1616, #129, .T. ) ;
#2289 = EDGE_CURVE ( 'NONE', #1583, #1514, #4097, .T. ) ;
#2290 = EDGE_CURVE ( 'NONE', #1462, #1498, #125, .T. ) ;
#2291 = EDGE_CURVE ( 'NONE', #2672, #1611, #4098, .T. ) ;
#2292 = EDGE_CURVE ( 'NONE', #1684, #1688, #4099, .T. ) ;
#2293 = EDGE_CURVE ( 'NONE', #1703, #1695, #126, .T. ) ;
#2294 = EDGE_CURVE ( 'NONE', #1482, #1462, #4100, .T. ) ;
#2295 = CARTESIAN_POINT ( 'NONE',  ( -5.657335501816231000, 0.4578430877476829500, 1.614333666744016700E-011 ) ) ;
#2296 = DIRECTION ( 'NONE',  ( 0.0000000000000000000, 3.081487911019577400E-033, 1.000000000000000000 ) ) ;
#2297 = CARTESIAN_POINT ( 'NONE',  ( -13.45733550181735100, 0.4578430877476835600, -8.496085174983333500 ) ) ;
#2298 = DIRECTION ( 'NONE',  ( 0.0000000000000000000, 3.081487911019577400E-033, 1.000000000000000000 ) ) ;
#2299 = DIRECTION ( 'NONE',  ( -1.000000000000000000, -4.594077002051818300E-017, 0.0000000000000000000 ) ) ;
#2300 = DIRECTION ( 'NONE',  ( -0.7957006829151370700, -1.336650506498770900E-016, -0.6056900388881959500 ) ) ;
#2301 = CARTESIAN_POINT ( 'NONE',  ( -7.557335501810410200, 0.4578430877476838400, -8.496085174983333500 ) ) ;
#2302 = DIRECTION ( 'NONE',  ( 0.7957006829151370700, 3.621982120873852100E-017, -0.6056900388881959500 ) ) ;
#2303 = DIRECTION ( 'NONE',  ( 0.0000000000000000000, 3.081487911019577400E-033, 1.000000000000000000 ) ) ;
#2304 = CARTESIAN_POINT ( 'NONE',  ( -13.45733550181735100, 0.4578430877476835600, -7.999999999964727800 ) ) ;
#2305 = DIRECTION ( 'NONE',  ( 0.0000000000000000000, 3.081487911019577400E-033, 1.000000000000000000 ) ) ;
#2306 = DIRECTION ( 'NONE',  ( -1.000000000000000000, -4.865009748331692900E-017, 0.0000000000000000000 ) ) ;
#2307 = CARTESIAN_POINT ( 'NONE',  ( -21.25733550181847100, 0.4578430877476831800, 1.614333666744016700E-011 ) ) ;
#2308 = CARTESIAN_POINT ( 'NONE',  ( -17.55733550181999500, 4.957843087747684200, 9.000000000016143500 ) ) ;
#2309 = DIRECTION ( 'NONE',  ( -1.000000000000000000, 0.0000000000000000000, 0.0000000000000000000 ) ) ;
#2310 = CARTESIAN_POINT ( 'NONE',  ( -13.45733550181735100, 0.4578430877476835600, -6.699999999968866000 ) ) ;
#2311 = DIRECTION ( 'NONE',  ( 0.0000000000000000000, 3.081487911019577400E-033, 1.000000000000000000 ) ) ;
#2312 = DIRECTION ( 'NONE',  ( -1.000000000000000000, -4.865009748331692900E-017, 0.0000000000000000000 ) ) ;
#2313 = CARTESIAN_POINT ( 'NONE',  ( -4.457335501818175100, -6.663477255812316500, 11.07106781188099400 ) ) ;
#2314 = DIRECTION ( 'NONE',  ( -1.000000000000000000, 0.0000000000000000000, 0.0000000000000000000 ) ) ;
#2315 = CARTESIAN_POINT ( 'NONE',  ( -13.45733550181735100, 0.4578430877476835600, -8.496085174983333500 ) ) ;
#2316 = DIRECTION ( 'NONE',  ( 0.0000000000000000000, 3.081487911019577400E-033, 1.000000000000000000 ) ) ;
#2317 = DIRECTION ( 'NONE',  ( -1.000000000000000000, -4.755272686337784700E-017, 0.0000000000000000000 ) ) ;
#2318 = CARTESIAN_POINT ( 'NONE',  ( 2.038378783889261300, 0.4578430877476840100, 9.000000000014551900 ) ) ;
#2319 = DIRECTION ( 'NONE',  ( -1.000000000000000000, -0.0000000000000000000, -0.0000000000000000000 ) ) ;
#2320 = DIRECTION ( 'NONE',  ( 0.0000000000000000000, 0.0000000000000000000, 1.000000000000000000 ) ) ;
#2321 = CARTESIAN_POINT ( 'NONE',  ( -17.55733550181999500, 3.490993265365841800, 5.675845972293372700 ) ) ;
#2322 = CARTESIAN_POINT ( 'NONE',  ( -17.38982259917700500, 3.717425476307630200, 5.882455802977840900 ) ) ;
#2323 = CARTESIAN_POINT ( 'NONE',  ( 5.542664498180006800, 0.4578430877476840100, 9.000000000014551900 ) ) ;
#2324 = DIRECTION ( 'NONE',  ( -1.000000000000000000, -0.0000000000000000000, -0.0000000000000000000 ) ) ;
#2325 = DIRECTION ( 'NONE',  ( 0.0000000000000000000, 0.0000000000000000000, 1.000000000000000000 ) ) ;
#2326 = CARTESIAN_POINT ( 'NONE',  ( -8.144611539457249800, -5.523374522384556500, 11.54460918420219100 ) ) ;
#2327 = CARTESIAN_POINT ( 'NONE',  ( -17.21506791385304400, 3.914813631948638000, 6.104170461606476500 ) ) ;
#2328 = CARTESIAN_POINT ( 'NONE',  ( -16.86284318220728600, 4.262276772639720200, 6.578686638169669400 ) ) ;
#2329 = CARTESIAN_POINT ( 'NONE',  ( -16.68492764970389800, 4.412296167610119100, 6.831209046720539700 ) ) ;
#2330 = CARTESIAN_POINT ( 'NONE',  ( -16.43012051153600300, 4.603179243535143100, 7.242437342382645600 ) ) ;
#2331 = CARTESIAN_POINT ( 'NONE',  ( -16.34702558567846300, 4.661196444751174900, 7.385652868187947600 ) ) ;
#2332 = CARTESIAN_POINT ( 'NONE',  ( -16.19332241815125400, 4.762824367410490600, 7.680366608643261400 ) ) ;
#2333 = CARTESIAN_POINT ( 'NONE',  ( -16.12227729036120000, 4.806773484209701400, 7.832398469590513600 ) ) ;
#2334 = CARTESIAN_POINT ( 'NONE',  ( -15.99933656141607200, 4.879759068699533100, 8.149618918073946000 ) ) ;
#2335 = CARTESIAN_POINT ( 'NONE',  ( -15.94753436226075200, 4.908746131788870300, 8.315776891712152600 ) ) ;
#2336 = CARTESIAN_POINT ( 'NONE',  ( -15.87679478020625700, 4.947591975182967300, 8.652359241236588600 ) ) ;
#2337 = CARTESIAN_POINT ( 'NONE',  ( -15.85733550181826800, 4.957843087747764200, 8.824108781497381300 ) ) ;
#2338 = CARTESIAN_POINT ( 'NONE',  ( -15.85733550181817400, 4.957843087747684200, 9.000000000016143500 ) ) ;
#2339 = CARTESIAN_POINT ( 'NONE',  ( -8.144611539457249800, -5.523374522384556500, 11.54460918420219100 ) ) ;
#2340 = CARTESIAN_POINT ( 'NONE',  ( -8.258147707438780600, -5.624221266232886800, 11.30756440578248600 ) ) ;
#2341 = CARTESIAN_POINT ( 'NONE',  ( -13.45733550181817500, 0.4578430877476840100, 1.614333666744016700E-011 ) ) ;
#2342 = DIRECTION ( 'NONE',  ( 0.0000000000000000000, 0.0000000000000000000, 1.000000000000000000 ) ) ;
#2343 = DIRECTION ( 'NONE',  ( 1.000000000000000000, 0.0000000000000000000, 0.0000000000000000000 ) ) ;
#2344 = CARTESIAN_POINT ( 'NONE',  ( -8.773761842176544000, -6.082207540518054700, 11.05563029333537600 ) ) ;
#2345 = CARTESIAN_POINT ( 'NONE',  ( -8.365270063271106300, -5.713465801254681500, 11.05843404528593200 ) ) ;
#2346 = CARTESIAN_POINT ( 'NONE',  ( -8.551230281899508500, -5.862308445642313800, 10.54204043956154500 ) ) ;
#2347 = CARTESIAN_POINT ( 'NONE',  ( -8.629421165397328500, -5.921529057833359000, 10.27689101655199300 ) ) ;
#2348 = CARTESIAN_POINT ( 'NONE',  ( -8.744593234980351700, -6.007078113473063800, 9.729132019565216900 ) ) ;
#2349 = CARTESIAN_POINT ( 'NONE',  ( -8.781066279434240200, -6.033123784310963500, 9.443654238464361600 ) ) ;
#2350 = CARTESIAN_POINT ( 'NONE',  ( -8.800612580989399800, -6.047160864057882900, 8.879984982414654800 ) ) ;
#2351 = CARTESIAN_POINT ( 'NONE',  ( -8.784649310149770700, -6.035884987988088900, 8.599184658668603400 ) ) ;
#2352 = CARTESIAN_POINT ( 'NONE',  ( -8.703836792166791600, -5.976964647122897200, 8.039579948836284000 ) ) ;
#2353 = CARTESIAN_POINT ( 'NONE',  ( -8.639256772952611700, -5.929368669212998100, 7.764450891561292400 ) ) ;
#2354 = CARTESIAN_POINT ( 'NONE',  ( -8.478339193436793800, -5.804740438795345600, 7.238437284489897600 ) ) ;
#2355 = CARTESIAN_POINT ( 'NONE',  ( -8.381628430756590500, -5.727395517385682300, 6.984542257996296600 ) ) ;
#2356 = CARTESIAN_POINT ( 'NONE',  ( -8.166298936916295000, -5.544232465136335700, 6.491148555675152900 ) ) ;
#2357 = CARTESIAN_POINT ( 'NONE',  ( -20.50951148056393000, 4.428709738314653400, 14.20987320288156000 ) ) ;
#2358 = CARTESIAN_POINT ( 'NONE',  ( -18.13223240786101100, 3.757348902733326200, 14.60425252943340100 ) ) ;
#2359 = CARTESIAN_POINT ( 'NONE',  ( -21.05061495739328900, 2.981868659132092900, 12.12638966769403500 ) ) ;
#2360 = CARTESIAN_POINT ( 'NONE',  ( -20.69714552214855300, 4.048778463281060200, 14.47348648645907000 ) ) ;
#2361 = CARTESIAN_POINT ( 'NONE',  ( -18.20313516015221100, 3.387515626035274800, 14.80615224182029300 ) ) ;
#2362 = CARTESIAN_POINT ( 'NONE',  ( -21.10393868609246900, 2.815846571227803800, 12.17665847820990700 ) ) ;
#2363 = CARTESIAN_POINT ( 'NONE',  ( -20.78860673415893200, 3.843079254766867100, 14.60005926423370500 ) ) ;
#2364 = CARTESIAN_POINT ( 'NONE',  ( -18.23646249261626600, 3.194811417123752500, 14.89950860238900900 ) ) ;
#2365 = CARTESIAN_POINT ( 'NONE',  ( -21.24784378959211000, 2.310102076538835800, 12.31092695026335400 ) ) ;
#2366 = CARTESIAN_POINT ( 'NONE',  ( -21.04563195819784500, 3.186391393787191300, 14.95233449582868300 ) ) ;
#2367 = CARTESIAN_POINT ( 'NONE',  ( -18.32640318042359300, 2.607786556206901800, 15.14886433616327800 ) ) ;
#2368 = CARTESIAN_POINT ( 'NONE',  ( -21.32392138877277400, 1.959078229450836400, 12.37998266894972600 ) ) ;
#2369 = CARTESIAN_POINT ( 'NONE',  ( -21.19032524021185500, 2.702190032263991800, 15.14585819521031100 ) ) ;
#2370 = CARTESIAN_POINT ( 'NONE',  ( -18.37395168319016000, 2.200348162733053700, 15.27711066729380600 ) ) ;
#2371 = CARTESIAN_POINT ( 'NONE',  ( -21.40265667397486000, 1.409731520368926900, 12.45104581878913300 ) ) ;
#2372 = CARTESIAN_POINT ( 'NONE',  ( -21.34564588247517100, 1.903291073179352000, 15.35247200610964800 ) ) ;
#2373 = CARTESIAN_POINT ( 'NONE',  ( -18.42316123340342700, 1.562713590000236900, 15.40908509382262400 ) ) ;
#2374 = CARTESIAN_POINT ( 'NONE',  ( -21.42306156607050800, 1.221575253521143000, 12.46934044965202700 ) ) ;
#2375 = CARTESIAN_POINT ( 'NONE',  ( -21.38697739851386700, 1.622440683696660700, 15.40713499004521800 ) ) ;
#2376 = CARTESIAN_POINT ( 'NONE',  ( -18.43591429165956800, 1.344317923113594400, 15.44306083636783300 ) ) ;
#2377 = CARTESIAN_POINT ( 'NONE',  ( -21.45033169700875700, 0.8426682109073312400, 12.49375468186965700 ) ) ;
#2378 = CARTESIAN_POINT ( 'NONE',  ( -21.44281727440652900, 1.048072708248780000, 15.48089004280986800 ) ) ;
#2379 = CARTESIAN_POINT ( 'NONE',  ( -18.45295812412860300, 0.9045151056077021000, 15.48840155071619200 ) ) ;
#2380 = CARTESIAN_POINT ( 'NONE',  ( -21.45716299965527800, 0.6536389897744665500, 12.49984597994861500 ) ) ;
#2381 = CARTESIAN_POINT ( 'NONE',  ( -21.45697818669078000, 0.7585202855102322100, 15.49952915354977800 ) ) ;
#2382 = CARTESIAN_POINT ( 'NONE',  ( -18.45722768781788000, 0.6851061883147496800, 15.49971396314766100 ) ) ;
#2383 = CARTESIAN_POINT ( 'NONE',  ( -21.45750156013555800, 0.2764069564298380900, 12.50014826664897100 ) ) ;
#2384 = CARTESIAN_POINT ( 'NONE',  ( -21.45767949019140600, 0.1792008679344064000, 15.50045328536239400 ) ) ;
#2385 = CARTESIAN_POINT ( 'NONE',  ( -18.45743928841502400, 0.2472475781820645300, 15.50027535193447100 ) ) ;
#2386 = CARTESIAN_POINT ( 'NONE',  ( -21.45100825918785900, 0.08820419298423116900, 12.49435845676167900 ) ) ;
#2387 = CARTESIAN_POINT ( 'NONE',  ( -21.44421633007240400, -0.1091751036533996100, 15.48273286185737000 ) ) ;
#2388 = CARTESIAN_POINT ( 'NONE',  ( -18.45338097519158500, 0.02879794208784832600, 15.48952284775811000 ) ) ;
#2389 = CARTESIAN_POINT ( 'NONE',  ( -21.42477464006872600, -0.2873754323586419900, 12.47087588473028000 ) ) ;
#2390 = CARTESIAN_POINT ( 'NONE',  ( -21.39046321018602700, -0.6789254814758489700, 15.41174379061454900 ) ) ;
#2391 = CARTESIAN_POINT ( 'NONE',  ( -18.43698496320741100, -0.4071426945663288400, 15.44591235784213800 ) ) ;
#2392 = CARTESIAN_POINT ( 'NONE',  ( -21.40486480558647400, -0.4758640027617789800, 12.45303111201766200 ) ) ;
#2393 = CARTESIAN_POINT ( 'NONE',  ( -21.35008644032780400, -0.9606449485639831900, 15.35835916122549000 ) ) ;
#2394 = CARTESIAN_POINT ( 'NONE',  ( -18.42454131553437700, -0.6259240710169435800, 15.41277206730159800 ) ) ;
#2395 = CARTESIAN_POINT ( 'NONE',  ( -21.32632314901217900, -1.031840525910484800, 12.38216478550404000 ) ) ;
#2396 = CARTESIAN_POINT ( 'NONE',  ( -21.19495862080461300, -1.770297300108042600, 15.15205843852014100 ) ) ;
#2397 = CARTESIAN_POINT ( 'NONE',  ( -18.37545278359241200, -1.271253963544682500, 15.28116316878551100 ) ) ;
#2398 = CARTESIAN_POINT ( 'NONE',  ( -21.24999026392637100, -1.385678133276879100, 12.31290067738766100 ) ) ;
#2399 = CARTESIAN_POINT ( 'NONE',  ( -21.04960843187348000, -2.258931184284954400, 14.95771433452912000 ) ) ;
#2400 = CARTESIAN_POINT ( 'NONE',  ( -18.32774472670416100, -1.681958328955660600, 15.15252982988494600 ) ) ;
#2401 = CARTESIAN_POINT ( 'NONE',  ( -21.10587655802339000, -1.893928456213826300, 12.17848063427465300 ) ) ;
#2402 = CARTESIAN_POINT ( 'NONE',  ( -20.79196747337858400, -2.919571337682103500, 14.60469873164576500 ) ) ;
#2403 = CARTESIAN_POINT ( 'NONE',  ( -18.23767366266225300, -2.271891740343418700, 14.90289260626391200 ) ) ;
#2404 = CARTESIAN_POINT ( 'NONE',  ( -21.05260719184205000, -2.060193855060942000, 12.12827854770581800 ) ) ;
#2405 = CARTESIAN_POINT ( 'NONE',  ( -20.70052186704530700, -3.125762937155444300, 14.47818358331624500 ) ) ;
#2406 = CARTESIAN_POINT ( 'NONE',  ( -18.20438030675318700, -2.464878363737979000, 14.80966016164334500 ) ) ;
#2407 = CARTESIAN_POINT ( 'NONE',  ( -20.93927976245461800, -2.379263214694385300, 12.01971530775802500 ) ) ;
#2408 = CARTESIAN_POINT ( 'NONE',  ( -20.51292074257652600, -3.506587816472953400, 14.21470704833233400 ) ) ;
#2409 = CARTESIAN_POINT ( 'NONE',  ( -18.13355066604586000, -2.835226727575493700, 14.60804271276183300 ) ) ;
#2410 = CARTESIAN_POINT ( 'NONE',  ( -20.87907350899150300, -2.532751432355703900, 11.96122284919532500 ) ) ;
#2411 = CARTESIAN_POINT ( 'NONE',  ( -20.41669865686699100, -3.682364207929213600, 14.07773803152640500 ) ) ;
#2412 = CARTESIAN_POINT ( 'NONE',  ( -18.09592175519214800, -3.013382694129203000, 14.49941386350559600 ) ) ;
#2413 = CARTESIAN_POINT ( 'NONE',  ( -20.68984476973947300, -2.976427171362199700, 11.77357364473653000 ) ) ;
#2414 = CARTESIAN_POINT ( 'NONE',  ( -20.12739834178842800, -4.167442858373489000, 13.65794939684507600 ) ) ;
#2415 = CARTESIAN_POINT ( 'NONE',  ( -17.97765379648769700, -3.528363463776804700, 14.15092248161206900 ) ) ;
#2416 = CARTESIAN_POINT ( 'NONE',  ( -20.55187835485393300, -3.250425893619846900, 11.63207935299085500 ) ) ;
#2417 = CARTESIAN_POINT ( 'NONE',  ( -19.92885882158284600, -4.445542835514221900, 13.36000486716147300 ) ) ;
#2418 = CARTESIAN_POINT ( 'NONE',  ( -17.89141261315517500, -3.846437394456659700, 13.88810767323683000 ) ) ;
#2419 = CARTESIAN_POINT ( 'NONE',  ( -20.40859438061166000, -3.501954886896320800, 11.47487373416948100 ) ) ;
#2420 = CARTESIAN_POINT ( 'NONE',  ( -19.73277754517357300, -4.688322930887116200, 13.04622213680665900 ) ) ;
#2421 = CARTESIAN_POINT ( 'NONE',  ( -17.80187230106410500, -4.138350989964103600, 13.59619407772948400 ) ) ;
#2422 = DIRECTION ( 'NONE',  ( -1.000000000000000000, 0.0000000000000000000, 0.0000000000000000000 ) ) ;
#2423 = CARTESIAN_POINT ( 'NONE',  ( -4.457335501818175100, 0.4578430877476829000, 9.000000000016143500 ) ) ;
#2424 = DIRECTION ( 'NONE',  ( -1.000000000000000000, -0.0000000000000000000, -0.0000000000000000000 ) ) ;
#2425 = DIRECTION ( 'NONE',  ( 0.0000000000000000000, 0.0000000000000000000, 1.000000000000000000 ) ) ;
#2426 = DIRECTION ( 'NONE',  ( -0.0000000000000000000, -0.0000000000000000000, -1.000000000000000000 ) ) ;
#2427 = CARTESIAN_POINT ( 'NONE',  ( -19.73277754517398100, -4.688322930886696000, 13.04622213680661200 ) ) ;
#2428 = CARTESIAN_POINT ( 'NONE',  ( -13.45733550181817500, 0.4578430877476840100, 15.50000000001614400 ) ) ;
#2429 = CARTESIAN_POINT ( 'NONE',  ( -20.40859438061210100, -3.501954886895539700, 11.47487373416969300 ) ) ;
#2430 = DIRECTION ( 'NONE',  ( 0.0000000000000000000, 0.0000000000000000000, 1.000000000000000000 ) ) ;
#2431 = CARTESIAN_POINT ( 'NONE',  ( -13.45733550181817500, 0.4578430877476835600, -1.499999999983998600 ) ) ;
#2432 = CARTESIAN_POINT ( 'NONE',  ( -17.80187230106437800, -4.138350989963973000, 13.59619407772933600 ) ) ;
#2433 = CARTESIAN_POINT ( 'NONE',  ( -20.06109976589928200, -4.111967074720139300, 11.09361611677868400 ) ) ;
#2434 = CARTESIAN_POINT ( 'NONE',  ( -19.34963212250711400, -5.123609454123283100, 12.61093561357027300 ) ) ;
#2435 =( BOUNDED_SURFACE ( )  B_SPLINE_SURFACE ( 3, 2, ( 
 ( #2477, #2475, #2480 ),
 ( #2481, #2482, #2483 ),
 ( #2484, #2485, #2486 ),
 ( #2487, #2488, #2489 ),
 ( #2490, #2491, #2492 ),
 ( #2493, #2494, #2495 ) ),
 .UNSPECIFIED., .F., .F., .F. ) 
 B_SPLINE_SURFACE_WITH_KNOTS ( ( 4, 2, 4 ),
 ( 3, 3 ),
 ( 5.298035735073425700, 5.584603594834644200, 5.871171454595862600 ),
 ( 0.0000000000000000000, 1.000000000000000000 ),
 .UNSPECIFIED. ) 
 GEOMETRIC_REPRESENTATION_ITEM ( )  RATIONAL_B_SPLINE_SURFACE ( (
 ( 1.000000000000000000, 0.8339199971191070300, 1.000000000000000000),
 ( 1.000000000000000000, 0.8507978637273683200, 1.000000000000000000),
 ( 1.000000000000000000, 0.8655450600262222200, 1.000000000000000000),
 ( 1.000000000000000000, 0.8902855847489461500, 1.000000000000000000),
 ( 1.000000000000000000, 0.9002793191376629000, 1.000000000000000000),
 ( 1.000000000000000000, 0.9077261192488739200, 1.000000000000000000) ) ) 
 REPRESENTATION_ITEM ( '' )  SURFACE ( )  );
#2436 =( BOUNDED_SURFACE ( )  B_SPLINE_SURFACE ( 3, 2, ( 
 ( #2048, #2450, #2452 ),
 ( #2453, #2454, #2455 ),
 ( #2456, #2457, #2458 ),
 ( #2459, #2460, #2461 ),
 ( #2462, #2463, #2464 ),
 ( #2465, #2466, #2467 ) ),
 .UNSPECIFIED., .F., .F., .F. ) 
 B_SPLINE_SURFACE_WITH_KNOTS ( ( 4, 2, 4 ),
 ( 3, 3 ),
 ( -8.256199543477116300E-017, 0.001597802526254573500, 0.003195605052509229400 ),
 ( 0.0000000000000000000, 1.000000000000000000 ),
 .UNSPECIFIED. ) 
 GEOMETRIC_REPRESENTATION_ITEM ( )  RATIONAL_B_SPLINE_SURFACE ( (
 ( 1.000000000000000000, 0.9077261192488452800, 1.000000000000000000),
 ( 1.000000000000000000, 0.9386365407523884500, 1.000000000000000000),
 ( 1.000000000000000000, 0.9615010958336555100, 1.000000000000000000),
 ( 1.000000000000000000, 0.9921838304500360000, 1.000000000000000000),
 ( 1.000000000000000000, 0.9999975335296175100, 1.000000000000000000),
 ( 1.000000000000000000, 1.000000000000000000, 1.000000000000000000) ) ) 
 REPRESENTATION_ITEM ( '' )  SURFACE ( )  );
#2437 =( BOUNDED_SURFACE ( )  B_SPLINE_SURFACE ( 3, 2, ( 
 ( #2241, #2242, #2243 ),
 ( #2244, #2245, #2246 ),
 ( #2247, #2248, #2249 ),
 ( #2250, #2251, #2252 ),
 ( #2253, #2254, #2255 ),
 ( #2256, #2257, #2258 ) ),
 .UNSPECIFIED., .F., .F., .F. ) 
 B_SPLINE_SURFACE_WITH_KNOTS ( ( 4, 2, 4 ),
 ( 3, 3 ),
 ( 0.4120138525835647100, 0.6985817123448860900, 0.9851495721062074600 ),
 ( 0.0000000000000000000, 1.000000000000000000 ),
 .UNSPECIFIED. ) 
 GEOMETRIC_REPRESENTATION_ITEM ( )  RATIONAL_B_SPLINE_SURFACE ( (
 ( 1.000000000000000000, 0.9077261192488862400, 1.000000000000000000),
 ( 1.000000000000000000, 0.9002793191375488800, 1.000000000000000000),
 ( 1.000000000000000000, 0.8902855847491243400, 1.000000000000000000),
 ( 1.000000000000000000, 0.8655450600260582400, 1.000000000000000000),
 ( 1.000000000000000000, 0.8507978637274918900, 1.000000000000000000),
 ( 1.000000000000000000, 0.8339199971190992500, 1.000000000000000000) ) ) 
 REPRESENTATION_ITEM ( '' )  SURFACE ( )  );
#2438 =( BOUNDED_SURFACE ( )  B_SPLINE_SURFACE ( 3, 2, ( 
 ( #2429, #2427, #2432 ),
 ( #2433, #2434, #1254 ),
 ( #1253, #2216, #2217 ),
 ( #2218, #2219, #2220 ),
 ( #2221, #2222, #2223 ),
 ( #2224, #2225, #2226 ),
 ( #2227, #2228, #2229 ),
 ( #2230, #2231, #2232 ),
 ( #2233, #2234, #2235 ),
 ( #2236, #2237, #2238 ) ),
 .UNSPECIFIED., .F., .F., .T. ) 
 B_SPLINE_SURFACE_WITH_KNOTS ( ( 4, 2, 2, 2, 4 ),
 ( 3, 3 ),
 ( 5.230194748644130700, 5.493442388277994600, 5.756690027911858500, 6.019937667545722300, 6.283185307179586200 ),
 ( 0.0000000000000000000, 1.000000000000000000 ),
 .UNSPECIFIED. ) 
 GEOMETRIC_REPRESENTATION_ITEM ( )  RATIONAL_B_SPLINE_SURFACE ( (
 ( 1.000000000000000000, 0.8215838362577103600, 1.000000000000000000),
 ( 1.000000000000000000, 0.8379916976659532700, 1.000000000000000000),
 ( 1.000000000000000000, 0.8526670458023268800, 1.000000000000000000),
 ( 1.000000000000000000, 0.8781263617797980800, 1.000000000000000000),
 ( 1.000000000000000000, 0.8889086243980685000, 1.000000000000000000),
 ( 1.000000000000000000, 0.9062770482361411900, 1.000000000000000000),
 ( 1.000000000000000000, 0.9128635343217125200, 1.000000000000000000),
 ( 1.000000000000000000, 0.9216647086971224700, 1.000000000000000000),
 ( 1.000000000000000000, 0.9238795325112866300, 1.000000000000000000),
 ( 1.000000000000000000, 0.9238795325112866300, 1.000000000000000000) ) ) 
 REPRESENTATION_ITEM ( '' )  SURFACE ( )  );
#2439 =( BOUNDED_SURFACE ( )  B_SPLINE_SURFACE ( 3, 2, ( 
 ( #1252, #1245, #1255 ),
 ( #1256, #1257, #1258 ),
 ( #1259, #1260, #1261 ),
 ( #1262, #1263, #2112 ),
 ( #2142, #2357, #2358 ),
 ( #2359, #2360, #2361 ),
 ( #2362, #2363, #2364 ),
 ( #2365, #2366, #2367 ),
 ( #2368, #2369, #2370 ),
 ( #2371, #2372, #2373 ),
 ( #2374, #2375, #2376 ),
 ( #2377, #2378, #2379 ),
 ( #2380, #2381, #2382 ),
 ( #2383, #2384, #2385 ),
 ( #2386, #2387, #2388 ),
 ( #2389, #2390, #2391 ),
 ( #2392, #2393, #2394 ),
 ( #2395, #2396, #2397 ),
 ( #2398, #2399, #2400 ),
 ( #2401, #2402, #2403 ),
 ( #2404, #2405, #2406 ),
 ( #2407, #2408, #2409 ),
 ( #2410, #2411, #2412 ),
 ( #2413, #2414, #2415 ),
 ( #2416, #2417, #2418 ),
 ( #2419, #2420, #2421 ) ),
 .UNSPECIFIED., .F., .F., .T. ) 
 B_SPLINE_SURFACE_WITH_KNOTS ( ( 4, 2, 2, 2, 2, 2, 2, 2, 2, 2, 2, 2, 4 ),
 ( 3, 3 ),
 ( 4.172009959724221100E-016, 0.0007075693078308104400, 0.001061353961746007200, 0.001415138615661203700, 0.002122707923491597100, 0.002476492577406793700, 0.002830277231321990200, 0.003184061885237186700, 0.003537846539152383200, 0.004245415846982776200, 0.004599200500897972700, 0.004952985154813169300, 0.005660554462643563100 ),
 ( 0.0000000000000000000, 1.000000000000000000 ),
 .UNSPECIFIED. ) 
 GEOMETRIC_REPRESENTATION_ITEM ( )  RATIONAL_B_SPLINE_SURFACE ( (
 ( 1.000000000000000000, 0.8215838362577211300, 1.000000000000000000),
 ( 1.000000000000000000, 0.8081123225146315000, 1.000000000000000000),
 ( 1.000000000000000000, 0.7944114505718461400, 1.000000000000000000),
 ( 1.000000000000000000, 0.7745707745598726700, 1.000000000000000000),
 ( 1.000000000000000000, 0.7680767913401880300, 1.000000000000000000),
 ( 1.000000000000000000, 0.7555511745166623200, 1.000000000000000000),
 ( 1.000000000000000000, 0.7495125472129502400, 1.000000000000000000),
 ( 1.000000000000000000, 0.7329016178442644400, 1.000000000000000000),
 ( 1.000000000000000000, 0.7236697356754257000, 1.000000000000000000),
 ( 1.000000000000000000, 0.7139669857846803200, 1.000000000000000000),
 ( 1.000000000000000000, 0.7114156572975184300, 1.000000000000000000),
 ( 1.000000000000000000, 0.7079937388934131000, 1.000000000000000000),
 ( 1.000000000000000000, 0.7071285628817654000, 1.000000000000000000),
 ( 1.000000000000000000, 0.7070858131492991900, 1.000000000000000000),
 ( 1.000000000000000000, 0.7079082209547059600, 1.000000000000000000),
 ( 1.000000000000000000, 0.7112012640851285200, 1.000000000000000000),
 ( 1.000000000000000000, 0.7136925901275856800, 1.000000000000000000),
 ( 1.000000000000000000, 0.7233780397681765000, 1.000000000000000000),
 ( 1.000000000000000000, 0.7326474343212509000, 1.000000000000000000),
 ( 1.000000000000000000, 0.7492919679063976300, 1.000000000000000000),
 ( 1.000000000000000000, 0.7553275800975809400, 1.000000000000000000),
 ( 1.000000000000000000, 0.7678474080071608900, 1.000000000000000000),
 ( 1.000000000000000000, 0.7743497113495687600, 1.000000000000000000),
 ( 1.000000000000000000, 0.7942489492995787900, 1.000000000000000000),
 ( 1.000000000000000000, 0.8080606603928776100, 1.000000000000000000),
 ( 1.000000000000000000, 0.8215838362577134700, 1.000000000000000000) ) ) 
 REPRESENTATION_ITEM ( '' )  SURFACE ( )  );
#2440 = ADVANCED_BREP_SHAPE_REPRESENTATION ( '', ( #2441, #3016 ), #3015 ) ;
#2441 = MANIFOLD_SOLID_BREP ( 'ÄÆ-µ¹Ãâ4', #1432 ) ;
#2442 =( BOUNDED_SURFACE ( )  B_SPLINE_SURFACE ( 3, 2, ( 
 ( #2479, #2478, #2498 ),
 ( #2499, #2500, #2501 ),
 ( #2502, #2503, #2504 ),
 ( #2505, #2506, #2507 ),
 ( #2508, #2509, #2510 ),
 ( #2511, #2512, #2513 ),
 ( #2514, #2515, #2516 ),
 ( #2517, #2518, #2519 ),
 ( #2049, #1044, #1045 ),
 ( #1046, #1047, #1048 ) ),
 .UNSPECIFIED., .F., .F., .T. ) 
 B_SPLINE_SURFACE_WITH_KNOTS ( ( 4, 2, 2, 2, 4 ),
 ( 3, 3 ),
 ( 0.0000000000000000000, 0.2632476396338467900, 0.5264952792676935700, 0.7897429189015403600, 1.052990558535387100 ),
 ( 0.0000000000000000000, 1.000000000000000000 ),
 .UNSPECIFIED. ) 
 GEOMETRIC_REPRESENTATION_ITEM ( )  RATIONAL_B_SPLINE_SURFACE ( (
 ( 1.000000000000000000, 0.9238795325112866300, 1.000000000000000000),
 ( 1.000000000000000000, 0.9238813555295711800, 1.000000000000000000),
 ( 1.000000000000000000, 0.9216647086971294600, 1.000000000000000000),
 ( 1.000000000000000000, 0.9128635343217075300, 1.000000000000000000),
 ( 1.000000000000000000, 0.9062770482361221000, 1.000000000000000000),
 ( 1.000000000000000000, 0.8889086243980942600, 1.000000000000000000),
 ( 1.000000000000000000, 0.8781263617797928600, 1.000000000000000000),
 ( 1.000000000000000000, 0.8526670458023483100, 1.000000000000000000),
 ( 1.000000000000000000, 0.8379916976659549400, 1.000000000000000000),
 ( 1.000000000000000000, 0.8215838362577232400, 1.000000000000000000) ) ) 
 REPRESENTATION_ITEM ( '' )  SURFACE ( )  );
#2443 =( BOUNDED_SURFACE ( )  B_SPLINE_SURFACE ( 3, 2, ( 
 ( #1059, #1057, #1062 ),
 ( #1063, #1064, #1065 ),
 ( #1066, #1067, #1068 ),
 ( #1069, #1070, #1071 ),
 ( #1072, #1073, #1074 ),
 ( #1075, #1076, #1077 ) ),
 .UNSPECIFIED., .F., .F., .T. ) 
 B_SPLINE_SURFACE_WITH_KNOTS ( ( 4, 2, 4 ),
 ( 3, 3 ),
 ( -3.794707603699265500E-019, 0.001597802526254119000, 0.003195605052508238400 ),
 ( 0.0000000000000000000, 1.000000000000000000 ),
 .UNSPECIFIED. ) 
 GEOMETRIC_REPRESENTATION_ITEM ( )  RATIONAL_B_SPLINE_SURFACE ( (
 ( 1.000000000000000000, 0.9077261192488783600, 1.000000000000000000),
 ( 1.000000000000000000, 0.9386365407524125400, 1.000000000000000000),
 ( 1.000000000000000000, 0.9615010958336518400, 1.000000000000000000),
 ( 1.000000000000000000, 0.9921838304500219000, 1.000000000000000000),
 ( 1.000000000000000000, 0.9999975335295681100, 1.000000000000000000),
 ( 1.000000000000000000, 1.000000000000000000, 1.000000000000000000) ) ) 
 REPRESENTATION_ITEM ( '' )  SURFACE ( )  );
#2444 = UNCERTAINTY_MEASURE_WITH_UNIT (LENGTH_MEASURE( 1.000000000000000100E-005 ), #3425, 'distance_accuracy_value', 'NONE');
#2445 = B_SPLINE_CURVE_WITH_KNOTS ( 'NONE', 3,
 ( #9, #5, #10, #11, #12, #13 ),
 .UNSPECIFIED., .F., .F.,
 ( 4, 2, 4 ),
 ( 0.01100514527944024600, 0.01232722598963891300, 0.01364930669983757800 ),
 .UNSPECIFIED. ) ;
#2446 = B_SPLINE_CURVE_WITH_KNOTS ( 'NONE', 3,
 ( #14, #15, #20, #21, #22, #23 ),
 .UNSPECIFIED., .F., .F.,
 ( 4, 2, 4 ),
 ( 0.006438612280117871400, 0.007769544136140177900, 0.009100475992162484300 ),
 .UNSPECIFIED. ) ;
#2447 = B_SPLINE_CURVE_WITH_KNOTS ( 'NONE', 3,
 ( #8, #19, #27, #28, #29, #30 ),
 .UNSPECIFIED., .F., .F.,
 ( 4, 2, 4 ),
 ( 0.01100514527942827800, 0.01232722598962834300, 0.01364930669982840900 ),
 .UNSPECIFIED. ) ;
#2448 = DIRECTION ( 'NONE',  ( 0.0000000000000000000, 0.7071067811865473500, 0.7071067811865477900 ) ) ;
#2449 = DIRECTION ( 'NONE',  ( 0.0000000000000000000, -0.7071067811865477900, 0.7071067811865473500 ) ) ;
#2450 = CARTESIAN_POINT ( 'NONE',  ( -10.41114261083701500, 7.857183227125913700, 10.79304801606311900 ) ) ;
#2451 = DIRECTION ( 'NONE',  ( -1.000000000000000000, -0.0000000000000000000, -0.0000000000000000000 ) ) ;
#2452 = CARTESIAN_POINT ( 'NONE',  ( -10.65414724979696000, 7.579163431307158300, 11.07106781188178800 ) ) ;
#2453 = CARTESIAN_POINT ( 'NONE',  ( -10.77902507576708900, 8.017958011717755800, 10.16307402782751100 ) ) ;
#2454 = CARTESIAN_POINT ( 'NONE',  ( -10.90993136493967700, 8.062179302638997000, 10.51171351000952800 ) ) ;
#2455 = CARTESIAN_POINT ( 'NONE',  ( -11.11383690069926200, 7.880509018680016600, 10.76972222450902600 ) ) ;
#2456 = CARTESIAN_POINT ( 'NONE',  ( -11.30584132262733200, 8.182303629498624900, 9.936051572356515000 ) ) ;
#2457 = CARTESIAN_POINT ( 'NONE',  ( -11.42247731139904400, 8.213338953082960400, 10.20552070652170000 ) ) ;
#2458 = CARTESIAN_POINT ( 'NONE',  ( -11.57477809509949800, 8.096197549515908400, 10.42920362487833900 ) ) ;
#2459 = CARTESIAN_POINT ( 'NONE',  ( -12.37185017344826600, 8.402523035112018600, 9.457499965118987700 ) ) ;
#2460 = CARTESIAN_POINT ( 'NONE',  ( -12.43196544517444100, 8.408216158556559300, 9.589144561233741400 ) ) ;
#2461 = CARTESIAN_POINT ( 'NONE',  ( -12.50753583942119300, 8.385235517943089100, 9.711376213013110700 ) ) ;
#2462 = CARTESIAN_POINT ( 'NONE',  ( -12.91302726028140500, 8.457843087747770400, 9.204323985238675100 ) ) ;
#2463 = CARTESIAN_POINT ( 'NONE',  ( -12.94701048677988300, 8.457843087669072400, 9.267990588450773600 ) ) ;
#2464 = CARTESIAN_POINT ( 'NONE',  ( -12.98108000054442500, 8.457843087747770400, 9.331600850309968100 ) ) ;
#2465 = CARTESIAN_POINT ( 'NONE',  ( -13.45733550181817500, 8.457843087747770400, 8.949747468321806600 ) ) ;
#2466 = CARTESIAN_POINT ( 'NONE',  ( -13.45733550181817500, 8.457843087747770400, 8.949747468321806600 ) ) ;
#2467 = CARTESIAN_POINT ( 'NONE',  ( -13.45733550181817500, 8.457843087747770400, 8.949747468321806600 ) ) ;
#2468 = DIRECTION ( 'NONE',  ( 0.0000000000000000000, 0.0000000000000000000, 1.000000000000000000 ) ) ;
#2469 = CARTESIAN_POINT ( 'NONE',  ( 11.04266449818000800, 0.4578430877476840100, 9.000000000014551900 ) ) ;
#2470 = DIRECTION ( 'NONE',  ( 0.0000000000000000000, 0.0000000000000000000, 1.000000000000000000 ) ) ;
#2471 = DIRECTION ( 'NONE',  ( -1.000000000000000000, -0.0000000000000000000, -0.0000000000000000000 ) ) ;
#2472 = DIRECTION ( 'NONE',  ( 0.0000000000000000000, 0.0000000000000000000, 1.000000000000000000 ) ) ;
#2473 = CARTESIAN_POINT ( 'NONE',  ( -4.457335501818175100, 0.4578430877476829000, 9.000000000016143500 ) ) ;
#2474 = DIRECTION ( 'NONE',  ( -1.000000000000000000, -0.0000000000000000000, -0.0000000000000000000 ) ) ;
#2475 = CARTESIAN_POINT ( 'NONE',  ( -7.024680572801047500, 5.232825162476169500, 13.41740608071277700 ) ) ;
#2476 = CARTESIAN_POINT ( 'NONE',  ( 5.542664498180006800, 0.4578430877476840100, 9.000000000014551900 ) ) ;
#2477 = CARTESIAN_POINT ( 'NONE',  ( -6.790497309778895200, 4.879750879772122300, 12.90900527504678200 ) ) ;
#2478 = CARTESIAN_POINT ( 'NONE',  ( -13.45733550181817000, 8.457843087747685100, 10.19238815544126600 ) ) ;
#2479 = CARTESIAN_POINT ( 'NONE',  ( -13.45733550181817500, 8.457843087747683300, 8.949747468321977100 ) ) ;
#2480 = CARTESIAN_POINT ( 'NONE',  ( -7.623852083783806000, 5.034119186955615000, 13.61611205623333000 ) ) ;
#2481 = CARTESIAN_POINT ( 'NONE',  ( -7.212946621438017100, 5.516670810633079300, 12.35170033554367200 ) ) ;
#2482 = CARTESIAN_POINT ( 'NONE',  ( -7.447963188490271100, 5.799227567314576800, 12.85100367587658900 ) ) ;
#2483 = CARTESIAN_POINT ( 'NONE',  ( -7.993500828837484900, 5.591432565495602500, 13.05879867769334300 ) ) ;
#2484 = CARTESIAN_POINT ( 'NONE',  ( -7.727101845956960700, 6.092414480948467500, 11.84792462401836700 ) ) ;
#2485 = CARTESIAN_POINT ( 'NONE',  ( -7.958786677841276400, 6.324326410859917800, 12.32590483232937800 ) ) ;
#2486 = CARTESIAN_POINT ( 'NONE',  ( -8.443381052939690400, 6.095199837984375300, 12.55503140520457000 ) ) ;
#2487 = CARTESIAN_POINT ( 'NONE',  ( -8.897452782729017100, 7.075353354002906800, 10.98785311009396000 ) ) ;
#2488 = CARTESIAN_POINT ( 'NONE',  ( -9.101491353559790600, 7.210428346194044400, 11.43980289699456200 ) ) ;
#2489 = CARTESIAN_POINT ( 'NONE',  ( -9.467438122615082100, 6.955271351908093500, 11.69495989128085400 ) ) ;
#2490 = CARTESIAN_POINT ( 'NONE',  ( -9.553488218782906200, 7.482364600848215200, 10.63171826910482700 ) ) ;
#2491 = CARTESIAN_POINT ( 'NONE',  ( -9.735822735664156000, 7.580109960854372300, 11.07012128232953600 ) ) ;
#2492 = CARTESIAN_POINT ( 'NONE',  ( -10.04148385509954300, 7.311412628537369500, 11.33881861465157900 ) ) ;
#2493 = CARTESIAN_POINT ( 'NONE',  ( -10.25369178522251600, 7.788372873316880900, 10.36396103069511900 ) ) ;
#2494 = CARTESIAN_POINT ( 'NONE',  ( -10.41114261083704500, 7.857183227125928800, 10.79304801606302000 ) ) ;
#2495 = CARTESIAN_POINT ( 'NONE',  ( -10.65414724979697400, 7.579163431307279100, 11.07106781188166900 ) ) ;
#2496 = CARTESIAN_POINT ( 'NONE',  ( -8.757335501818175800, 0.4578430877476831800, 1.614333666744016700E-011 ) ) ;
#2497 = CARTESIAN_POINT ( 'NONE',  ( -7.100000000000560100, -5.510924902689856400E-013, 15.00000000000000000 ) ) ;
#2498 = CARTESIAN_POINT ( 'NONE',  ( -13.45733550181817500, 7.579163431307326200, 11.07106781188162100 ) ) ;
#2499 = CARTESIAN_POINT ( 'NONE',  ( -14.15935488831280300, 8.457843087747683300, 8.949747468322739200 ) ) ;
#2500 = CARTESIAN_POINT ( 'NONE',  ( -14.05030292128275000, 8.457843087748065300, 10.19238815544126500 ) ) ;
#2501 = CARTESIAN_POINT ( 'NONE',  ( -13.89609761837734300, 7.579163431306565000, 11.07106781188238300 ) ) ;
#2502 = CARTESIAN_POINT ( 'NONE',  ( -14.86126691505460500, 8.364914084242043300, 9.007828095513000100 ) ) ;
#2503 = CARTESIAN_POINT ( 'NONE',  ( -14.64597246449946700, 8.393266606305728000, 10.25696463688322200 ) ) ;
#2504 = CARTESIAN_POINT ( 'NONE',  ( -14.33479263509091900, 7.521082804116302300, 11.12914843907264400 ) ) ;
#2505 = CARTESIAN_POINT ( 'NONE',  ( -16.21688692115459700, 7.999571743746431100, 9.236167058322763500 ) ) ;
#2506 = CARTESIAN_POINT ( 'NONE',  ( -15.80426399481502700, 8.140730282608682700, 10.50950096058026500 ) ) ;
#2507 = CARTESIAN_POINT ( 'NONE',  ( -15.18205513890346300, 7.292743841306539700, 11.35748740188240700 ) ) ;
#2508 = CARTESIAN_POINT ( 'NONE',  ( -16.87046109368273900, 7.727187545932381800, 9.406407181955987800 ) ) ;
#2509 = CARTESIAN_POINT ( 'NONE',  ( -16.37191627381492500, 7.950451588119380000, 10.69977965506935500 ) ) ;
#2510 = CARTESIAN_POINT ( 'NONE',  ( -15.59053899673361700, 7.122503717673103200, 11.52772752551584500 ) ) ;
#2511 = CARTESIAN_POINT ( 'NONE',  ( -18.08431142708017700, 7.021674967421878600, 9.847352543526158200 ) ) ;
#2512 = CARTESIAN_POINT ( 'NONE',  ( -17.44937294696357800, 7.458512014411878600, 11.19171922877728400 ) ) ;
#2513 = CARTESIAN_POINT ( 'NONE',  ( -16.34919545510683400, 6.681558356103356500, 11.96867288708558900 ) ) ;
#2514 = CARTESIAN_POINT ( 'NONE',  ( -18.64449077095377700, 6.588602858961958300, 10.11802261131286200 ) ) ;
#2515 = CARTESIAN_POINT ( 'NONE',  ( -17.96301316464840900, 7.152484211191514300, 11.49774703199742700 ) ) ;
#2516 = CARTESIAN_POINT ( 'NONE',  ( -16.69930754502788900, 6.410888288316440900, 12.23934295487250300 ) ) ;
#2517 = CARTESIAN_POINT ( 'NONE',  ( -19.63293709058398300, 5.591529889189092600, 10.74119321742128900 ) ) ;
#2518 = CARTESIAN_POINT ( 'NONE',  ( -18.91216064017089900, 6.445829572018539900, 12.20440167117040400 ) ) ;
#2519 = CARTESIAN_POINT ( 'NONE',  ( -17.31708649479684300, 5.787717682208012500, 12.86251356098093100 ) ) ;
#2520 = PRODUCT ( 'FIT-L10X13(-BK)', 'FIT-L10X13(-BK)', '', ( #3462 ) ) ;
#2521 = PERSON ( 'UNSPECIFIED', 'UNSPECIFIED', 'UNSPECIFIED', ('UNSPECIFIED'), ('UNSPECIFIED'), ('UNSPECIFIED') ) ;
#2522 = PRODUCT ( '10X13-NUT', '10X13-NUT', '', ( #3480 ) ) ;
#2523 = PRODUCT ( 'FIT-L10X13(-BK) assy', 'FIT-L10X13(-BK) assy', '', ( #3498 ) ) ;
#2524 = PERSON ( 'NAUO-PER1', 'UNSPECIFIED', 'UNSPECIFIED', ('UNSPECIFIED'), ('UNSPECIFIED'), ('UNSPECIFIED') ) ;
#2525 = PERSON ( 'NAUO-PER2', 'UNSPECIFIED', 'UNSPECIFIED', ('UNSPECIFIED'), ('UNSPECIFIED'), ('UNSPECIFIED') ) ;
#2526 = EDGE_CURVE ( 'NONE', #1598, #1685, #4101, .T. ) ;
#2527 = EDGE_CURVE ( 'NONE', #2720, #1685, #122, .T. ) ;
#2528 = EDGE_CURVE ( 'NONE', #2727, #2720, #3661, .T. ) ;
#2529 = EDGE_CURVE ( 'NONE', #1642, #2656, #4102, .T. ) ;
#2530 = EDGE_CURVE ( 'NONE', #2656, #2733, #4103, .T. ) ;
#2531 = EDGE_CURVE ( 'NONE', #2727, #1642, #123, .T. ) ;
#2532 = EDGE_CURVE ( 'NONE', #2670, #2728, #133, .T. ) ;
#2533 = EDGE_CURVE ( 'NONE', #1626, #2728, #4104, .T. ) ;
#2534 = EDGE_CURVE ( 'NONE', #2709, #2712, #703, .T. ) ;
#2535 = EDGE_CURVE ( 'NONE', #2733, #2662, #705, .T. ) ;
#2536 = EDGE_CURVE ( 'NONE', #2669, #2659, #4105, .T. ) ;
#2537 = EDGE_CURVE ( 'NONE', #2705, #2727, #4106, .T. ) ;
#2538 = EDGE_CURVE ( 'NONE', #2705, #2733, #706, .T. ) ;
#2539 = EDGE_CURVE ( 'NONE', #2693, #2696, #707, .T. ) ;
#2540 = EDGE_CURVE ( 'NONE', #2737, #1629, #4107, .T. ) ;
#2541 = EDGE_CURVE ( 'NONE', #1629, #2692, #4108, .T. ) ;
#2542 = EDGE_CURVE ( 'NONE', #2685, #2722, #709, .T. ) ;
#2543 = EDGE_CURVE ( 'NONE', #1645, #2737, #710, .T. ) ;
#2544 = EDGE_CURVE ( 'NONE', #2716, #1645, #711, .T. ) ;
#2545 = EDGE_CURVE ( 'NONE', #2679, #2737, #708, .T. ) ;
#2546 = EDGE_CURVE ( 'NONE', #2730, #1645, #4109, .T. ) ;
#2547 = EDGE_CURVE ( 'NONE', #2732, #2730, #4110, .T. ) ;
#2548 = EDGE_CURVE ( 'NONE', #1716, #2655, #714, .T. ) ;
#2549 = EDGE_CURVE ( 'NONE', #2652, #2661, #712, .T. ) ;
#2550 = EDGE_CURVE ( 'NONE', #2694, #1595, #717, .T. ) ;
#2551 = EDGE_CURVE ( 'NONE', #2656, #2649, #716, .T. ) ;
#2552 = EDGE_CURVE ( 'NONE', #2649, #2730, #718, .T. ) ;
#2553 = EDGE_CURVE ( 'NONE', #2730, #1629, #720, .T. ) ;
#2554 = EDGE_CURVE ( 'NONE', #1629, #1626, #721, .T. ) ;
#2555 = EDGE_CURVE ( 'NONE', #1626, #1598, #722, .T. ) ;
#2556 = EDGE_CURVE ( 'NONE', #1598, #2656, #723, .T. ) ;
#2557 = EDGE_CURVE ( 'NONE', #1599, #2657, #724, .T. ) ;
#2558 = EDGE_CURVE ( 'NONE', #2658, #2646, #719, .T. ) ;
#2559 = EDGE_CURVE ( 'NONE', #2644, #2712, #725, .T. ) ;
#2560 = EDGE_CURVE ( 'NONE', #2690, #2709, #726, .T. ) ;
#2561 = EDGE_CURVE ( 'NONE', #2673, #1598, #4111, .T. ) ;
#2562 = EDGE_CURVE ( 'NONE', #2713, #2673, #727, .T. ) ;
#2563 = EDGE_CURVE ( 'NONE', #2709, #2693, #732, .T. ) ;
#2564 = EDGE_CURVE ( 'NONE', #2690, #2644, #729, .T. ) ;
#2565 = EDGE_CURVE ( 'NONE', #2691, #1683, #735, .T. ) ;
#2566 = EDGE_CURVE ( 'NONE', #2722, #2657, #733, .T. ) ;
#2567 = EDGE_CURVE ( 'NONE', #1683, #2643, #736, .T. ) ;
#2568 = EDGE_CURVE ( 'NONE', #2652, #2669, #740, .T. ) ;
#2569 = EDGE_CURVE ( 'NONE', #2661, #2652, #741, .T. ) ;
#2570 = EDGE_CURVE ( 'NONE', #1648, #2683, #743, .T. ) ;
#2571 = EDGE_CURVE ( 'NONE', #1595, #2694, #738, .T. ) ;
#2572 = EDGE_CURVE ( 'NONE', #2646, #2658, #745, .T. ) ;
#2573 = EDGE_CURVE ( 'NONE', #2716, #1648, #4112, .T. ) ;
#2574 = EDGE_CURVE ( 'NONE', #2646, #2694, #744, .T. ) ;
#2575 = EDGE_CURVE ( 'NONE', #2729, #2679, #4113, .T. ) ;
#2576 = EDGE_CURVE ( 'NONE', #2657, #2646, #746, .T. ) ;
#2577 = EDGE_CURVE ( 'NONE', #2722, #2685, #750, .T. ) ;
#2578 = EDGE_CURVE ( 'NONE', #2657, #1599, #751, .T. ) ;
#2579 = EDGE_CURVE ( 'NONE', #2714, #2729, #752, .T. ) ;
#2580 = EDGE_CURVE ( 'NONE', #2719, #2714, #4114, .T. ) ;
#2581 = EDGE_CURVE ( 'NONE', #2661, #2719, #749, .T. ) ;
#2582 = EDGE_CURVE ( 'NONE', #2700, #1716, #755, .T. ) ;
#2583 = EDGE_CURVE ( 'NONE', #1599, #2658, #754, .T. ) ;
#2584 = EDGE_CURVE ( 'NONE', #2679, #2716, #758, .T. ) ;
#2585 = EDGE_CURVE ( 'NONE', #2655, #1716, #760, .T. ) ;
#2586 = EDGE_CURVE ( 'NONE', #2691, #2655, #761, .T. ) ;
#2587 = EDGE_CURVE ( 'NONE', #2683, #2669, #4115, .T. ) ;
#2588 = EDGE_CURVE ( 'NONE', #2658, #1595, #756, .T. ) ;
#2589 = EDGE_CURVE ( 'NONE', #2685, #1599, #765, .T. ) ;
#2590 = EDGE_CURVE ( 'NONE', #2700, #2691, #766, .T. ) ;
#2591 = AXIS2_PLACEMENT_3D ( 'NONE', #268, #267, #266 ) ;
#2592 = AXIS2_PLACEMENT_3D ( 'NONE', #271, #272, #273 ) ;
#2593 = AXIS2_PLACEMENT_3D ( 'NONE', #276, #277, #278 ) ;
#2594 = AXIS2_PLACEMENT_3D ( 'NONE', #274, #279, #280 ) ;
#2595 = AXIS2_PLACEMENT_3D ( 'NONE', #281, #285, #286 ) ;
#2596 = AXIS2_PLACEMENT_3D ( 'NONE', #298, #297, #294 ) ;
#2597 = AXIS2_PLACEMENT_3D ( 'NONE', #288, #287, #284 ) ;
#2598 = AXIS2_PLACEMENT_3D ( 'NONE', #291, #289, #282 ) ;
#2599 = AXIS2_PLACEMENT_3D ( 'NONE', #290, #295, #296 ) ;
#2600 = AXIS2_PLACEMENT_3D ( 'NONE', #301, #299, #292 ) ;
#2601 = AXIS2_PLACEMENT_3D ( 'NONE', #308, #307, #304 ) ;
#2602 = AXIS2_PLACEMENT_3D ( 'NONE', #300, #305, #306 ) ;
#2603 = AXIS2_PLACEMENT_3D ( 'NONE', #310, #309, #302 ) ;
#2604 = AXIS2_PLACEMENT_3D ( 'NONE', #2059, #2057, #2055 ) ;
#2605 = AXIS2_PLACEMENT_3D ( 'NONE', #2056, #2054, #2050 ) ;
#2606 = AXIS2_PLACEMENT_3D ( 'NONE', #2051, #2052, #2053 ) ;
#2607 = AXIS2_PLACEMENT_3D ( 'NONE', #2074, #2072, #2070 ) ;
#2608 = AXIS2_PLACEMENT_3D ( 'NONE', #2071, #2069, #2067 ) ;
#2609 = AXIS2_PLACEMENT_3D ( 'NONE', #2062, #2060, #2058 ) ;
#2610 = AXIS2_PLACEMENT_3D ( 'NONE', #2065, #2063, #2061 ) ;
#2611 = AXIS2_PLACEMENT_3D ( 'NONE', #2068, #2066, #2064 ) ;
#2612 = AXIS2_PLACEMENT_3D ( 'NONE', #2093, #2091, #2089 ) ;
#2613 = AXIS2_PLACEMENT_3D ( 'NONE', #2073, #2078, #2079 ) ;
#2614 = AXIS2_PLACEMENT_3D ( 'NONE', #2081, #2080, #2077 ) ;
#2615 = AXIS2_PLACEMENT_3D ( 'NONE', #2084, #2082, #2075 ) ;
#2616 = AXIS2_PLACEMENT_3D ( 'NONE', #2087, #2085, #2083 ) ;
#2617 = AXIS2_PLACEMENT_3D ( 'NONE', #2090, #2088, #2086 ) ;
#2618 = AXIS2_PLACEMENT_3D ( 'NONE', #2100, #2099, #2096 ) ;
#2619 = AXIS2_PLACEMENT_3D ( 'NONE', #2092, #2097, #2098 ) ;
#2620 = AXIS2_PLACEMENT_3D ( 'NONE', #2103, #2101, #2094 ) ;
#2621 = AXIS2_PLACEMENT_3D ( 'NONE', #2106, #2104, #2102 ) ;
#2622 = AXIS2_PLACEMENT_3D ( 'NONE', #2109, #2107, #2105 ) ;
#2623 = AXIS2_PLACEMENT_3D ( 'NONE', #2108, #2113, #2114 ) ;
#2624 = AXIS2_PLACEMENT_3D ( 'NONE', #1198, #1199, #1200 ) ;
#2625 = AXIS2_PLACEMENT_3D ( 'NONE', #1213, #1211, #1209 ) ;
#2626 = AXIS2_PLACEMENT_3D ( 'NONE', #1203, #1204, #1205 ) ;
#2627 = AXIS2_PLACEMENT_3D ( 'NONE', #1207, #1206, #1197 ) ;
#2628 = AXIS2_PLACEMENT_3D ( 'NONE', #1210, #1208, #1202 ) ;
#2629 = AXIS2_PLACEMENT_3D ( 'NONE', #1226, #1225, #1222 ) ;
#2630 = AXIS2_PLACEMENT_3D ( 'NONE', #1216, #1214, #1212 ) ;
#2631 = AXIS2_PLACEMENT_3D ( 'NONE', #1219, #1217, #1215 ) ;
#2632 = AXIS2_PLACEMENT_3D ( 'NONE', #1218, #1223, #1224 ) ;
#2633 = AXIS2_PLACEMENT_3D ( 'NONE', #1229, #1227, #1220 ) ;
#2634 = AXIS2_PLACEMENT_3D ( 'NONE', #1232, #1230, #1228 ) ;
#2635 = AXIS2_PLACEMENT_3D ( 'NONE', #1238, #1236, #1234 ) ;
#2636 = AXIS2_PLACEMENT_3D ( 'NONE', #1235, #1233, #1231 ) ;
#2637 = AXIS2_PLACEMENT_3D ( 'NONE', #1244, #1242, #1240 ) ;
#2638 = AXIS2_PLACEMENT_3D ( 'NONE', #1241, #1239, #1237 ) ;
#2639 = AXIS2_PLACEMENT_3D ( 'NONE', #1243, #1248, #1249 ) ;
#2640 = AXIS2_PLACEMENT_3D ( 'NONE', #3044, #3045, #3046 ) ;
#2641 = AXIS2_PLACEMENT_3D ( 'NONE', #1251, #1250, #1247 ) ;
#2642 = VERTEX_POINT ( 'NONE', #861 ) ;
#2643 = VERTEX_POINT ( 'NONE', #860 ) ;
#2644 = VERTEX_POINT ( 'NONE', #866 ) ;
#2645 = EDGE_LOOP ( 'NONE', ( #1569, #1404 ) ) ;
#2646 = VERTEX_POINT ( 'NONE', #847 ) ;
#2647 = EDGE_LOOP ( 'NONE', ( #490, #516, #534, #498 ) ) ;
#2648 = VERTEX_POINT ( 'NONE', #867 ) ;
#2649 = VERTEX_POINT ( 'NONE', #857 ) ;
#2650 = VERTEX_POINT ( 'NONE', #868 ) ;
#2651 = EDGE_LOOP ( 'NONE', ( #1545, #1397, #1394, #1407 ) ) ;
#2652 = VERTEX_POINT ( 'NONE', #862 ) ;
#2653 = EDGE_LOOP ( 'NONE', ( #493, #559, #545, #548 ) ) ;
#2654 = EDGE_LOOP ( 'NONE', ( #530, #554, #506, #475 ) ) ;
#2655 = VERTEX_POINT ( 'NONE', #869 ) ;
#2656 = VERTEX_POINT ( 'NONE', #870 ) ;
#2657 = VERTEX_POINT ( 'NONE', #871 ) ;
#2658 = VERTEX_POINT ( 'NONE', #872 ) ;
#2659 = VERTEX_POINT ( 'NONE', #873 ) ;
#2660 = VERTEX_POINT ( 'NONE', #874 ) ;
#2661 = VERTEX_POINT ( 'NONE', #875 ) ;
#2662 = VERTEX_POINT ( 'NONE', #876 ) ;
#2663 = EDGE_LOOP ( 'NONE', ( #3755, #3778, #3756, #1492 ) ) ;
#2664 = EDGE_LOOP ( 'NONE', ( #3736, #3765, #3752, #3759 ) ) ;
#2665 = VERTEX_POINT ( 'NONE', #877 ) ;
#2666 = EDGE_LOOP ( 'NONE', ( #3727, #3751 ) ) ;
#2667 = EDGE_LOOP ( 'NONE', ( #1422, #1438, #1439, #1428 ) ) ;
#2668 = EDGE_LOOP ( 'NONE', ( #1467, #1520, #1486, #1464 ) ) ;
#2669 = VERTEX_POINT ( 'NONE', #878 ) ;
#2670 = VERTEX_POINT ( 'NONE', #879 ) ;
#2671 = EDGE_LOOP ( 'NONE', ( #1500, #1460, #1403, #1525 ) ) ;
#2672 = VERTEX_POINT ( 'NONE', #880 ) ;
#2673 = VERTEX_POINT ( 'NONE', #881 ) ;
#2674 = EDGE_LOOP ( 'NONE', ( #494, #562, #557, #504 ) ) ;
#2675 = EDGE_LOOP ( 'NONE', ( #549, #3762 ) ) ;
#2676 = EDGE_LOOP ( 'NONE', ( #3775, #3772, #3797, #3760 ) ) ;
#2677 = EDGE_LOOP ( 'NONE', ( #1585, #1395, #1392, #1478 ) ) ;
#2678 = EDGE_LOOP ( 'NONE', ( #1497, #1470, #1473, #1518 ) ) ;
#2679 = VERTEX_POINT ( 'NONE', #882 ) ;
#2680 = EDGE_LOOP ( 'NONE', ( #483, #3766 ) ) ;
#2681 = EDGE_LOOP ( 'NONE', ( #561, #501, #478, #522 ) ) ;
#2682 = EDGE_LOOP ( 'NONE', ( #1475, #1489, #1487, #1516 ) ) ;
#2683 = VERTEX_POINT ( 'NONE', #883 ) ;
#2684 = EDGE_LOOP ( 'NONE', ( #3773, #3771, #555, #3796, #3799, #3768, #476 ) ) ;
#2685 = VERTEX_POINT ( 'NONE', #884 ) ;
#2686 = EDGE_LOOP ( 'NONE', ( #1474, #1523, #1550, #1529 ) ) ;
#2687 = EDGE_LOOP ( 'NONE', ( #3777, #3764 ) ) ;
#2688 = EDGE_LOOP ( 'NONE', ( #3770, #3753, #3769, #3754 ) ) ;
#2689 = EDGE_LOOP ( 'NONE', ( #3757, #3767 ) ) ;
#2690 = VERTEX_POINT ( 'NONE', #885 ) ;
#2691 = VERTEX_POINT ( 'NONE', #886 ) ;
#2692 = VERTEX_POINT ( 'NONE', #887 ) ;
#2693 = VERTEX_POINT ( 'NONE', #888 ) ;
#2694 = VERTEX_POINT ( 'NONE', #889 ) ;
#2695 = VERTEX_POINT ( 'NONE', #890 ) ;
#2696 = VERTEX_POINT ( 'NONE', #891 ) ;
#2697 = VERTEX_POINT ( 'NONE', #892 ) ;
#2698 = VERTEX_POINT ( 'NONE', #893 ) ;
#2699 = VERTEX_POINT ( 'NONE', #894 ) ;
#2700 = VERTEX_POINT ( 'NONE', #895 ) ;
#2701 = EDGE_LOOP ( 'NONE', ( #1442, #1454, #1393, #1418 ) ) ;
#2702 = EDGE_LOOP ( 'NONE', ( #1577, #1566 ) ) ;
#2703 = EDGE_LOOP ( 'NONE', ( #1553, #1406 ) ) ;
#2704 = EDGE_LOOP ( 'NONE', ( #1461, #1537, #1547, #1551 ) ) ;
#2705 = VERTEX_POINT ( 'NONE', #896 ) ;
#2706 = EDGE_LOOP ( 'NONE', ( #1491, #1496, #1480, #1517 ) ) ;
#2707 = EDGE_LOOP ( 'NONE', ( #1555, #1586, #1584, #1582, #1572, #1567 ) ) ;
#2708 = EDGE_LOOP ( 'NONE', ( #1507, #1465, #1490, #1402 ) ) ;
#2709 = VERTEX_POINT ( 'NONE', #897 ) ;
#2710 = VERTEX_POINT ( 'NONE', #898 ) ;
#2711 = EDGE_LOOP ( 'NONE', ( #3798, #511, #547, #484 ) ) ;
#2712 = VERTEX_POINT ( 'NONE', #899 ) ;
#2713 = VERTEX_POINT ( 'NONE', #900 ) ;
#2714 = VERTEX_POINT ( 'NONE', #901 ) ;
#2715 = EDGE_LOOP ( 'NONE', ( #1444, #1426, #1425, #1437 ) ) ;
#2716 = VERTEX_POINT ( 'NONE', #902 ) ;
#2717 = VERTEX_POINT ( 'NONE', #903 ) ;
#2718 = VERTEX_POINT ( 'NONE', #904 ) ;
#2719 = VERTEX_POINT ( 'NONE', #905 ) ;
#2720 = VERTEX_POINT ( 'NONE', #906 ) ;
#2721 = EDGE_LOOP ( 'NONE', ( #1427, #1431 ) ) ;
#2722 = VERTEX_POINT ( 'NONE', #907 ) ;
#2723 = VERTEX_POINT ( 'NONE', #908 ) ;
#2724 = EDGE_LOOP ( 'NONE', ( #1479, #1509, #1510, #1434 ) ) ;
#2725 = VERTEX_POINT ( 'NONE', #909 ) ;
#2726 = VERTEX_POINT ( 'NONE', #910 ) ;
#2727 = VERTEX_POINT ( 'NONE', #911 ) ;
#2728 = VERTEX_POINT ( 'NONE', #912 ) ;
#2729 = VERTEX_POINT ( 'NONE', #913 ) ;
#2730 = VERTEX_POINT ( 'NONE', #914 ) ;
#2731 = EDGE_LOOP ( 'NONE', ( #1542, #1471, #1398, #1552 ) ) ;
#2732 = VERTEX_POINT ( 'NONE', #915 ) ;
#2733 = VERTEX_POINT ( 'NONE', #916 ) ;
#2734 = VERTEX_POINT ( 'NONE', #917 ) ;
#2735 = VERTEX_POINT ( 'NONE', #918 ) ;
#2736 = VERTEX_POINT ( 'NONE', #919 ) ;
#2737 = VERTEX_POINT ( 'NONE', #920 ) ;
#2738 = VERTEX_POINT ( 'NONE', #921 ) ;
#2739 = EDGE_LOOP ( 'NONE', ( #1544, #1533, #1556, #1534 ) ) ;
#2740 = EDGE_LOOP ( 'NONE', ( #1546, #1588, #1396, #1554 ) ) ;
#2741 = SHAPE_REPRESENTATION ( 'FIT-L10X13(-BK) assy', ( #3014 ), #3013 ) ;
#2742 = SHAPE_REPRESENTATION ( '10X13-NUT', ( #3016 ), #3015 ) ;
#2743 = SHAPE_REPRESENTATION ( 'FIT-L10X13(-BK)', ( #3021, #3018, #3019 ), #3020 ) ;
#2744 = EDGE_CURVE ( 'NONE', #2660, #1604, #775, .T. ) ;
#2745 = EDGE_CURVE ( 'NONE', #1649, #2736, #772, .T. ) ;
#2746 = EDGE_CURVE ( 'NONE', #1667, #2644, #774, .T. ) ;
#2747 = EDGE_CURVE ( 'NONE', #2717, #1649, #769, .T. ) ;
#2748 = EDGE_CURVE ( 'NONE', #1617, #2717, #770, .T. ) ;
#2749 = EDGE_CURVE ( 'NONE', #2642, #2723, #4116, .T. ) ;
#2750 = EDGE_CURVE ( 'NONE', #2650, #1682, #771, .T. ) ;
#2751 = EDGE_CURVE ( 'NONE', #2725, #1667, #776, .T. ) ;
#2752 = EDGE_CURVE ( 'NONE', #1607, #2642, #780, .T. ) ;
#2753 = EDGE_CURVE ( 'NONE', #1621, #2735, #781, .T. ) ;
#2754 = EDGE_CURVE ( 'NONE', #2650, #1615, #4117, .T. ) ;
#2755 = EDGE_CURVE ( 'NONE', #1604, #1609, #785, .T. ) ;
#2756 = EDGE_CURVE ( 'NONE', #2726, #2736, #783, .T. ) ;
#2757 = EDGE_CURVE ( 'NONE', #2718, #1706, #4118, .T. ) ;
#2758 = EDGE_CURVE ( 'NONE', #2695, #1611, #786, .T. ) ;
#2759 = EDGE_CURVE ( 'NONE', #2735, #1646, #4119, .T. ) ;
#2760 = EDGE_CURVE ( 'NONE', #1653, #2648, #789, .T. ) ;
#2761 = EDGE_CURVE ( 'NONE', #1607, #1652, #778, .T. ) ;
#2762 = EDGE_CURVE ( 'NONE', #1710, #2672, #791, .T. ) ;
#2763 = EDGE_CURVE ( 'NONE', #1652, #1646, #792, .T. ) ;
#2764 = EDGE_CURVE ( 'NONE', #1721, #1711, #788, .T. ) ;
#2765 = EDGE_CURVE ( 'NONE', #2699, #2734, #793, .T. ) ;
#2766 = EDGE_CURVE ( 'NONE', #1443, #1705, #4120, .T. ) ;
#2767 = EDGE_CURVE ( 'NONE', #1727, #2665, #795, .T. ) ;
#2768 = EDGE_CURVE ( 'NONE', #1706, #2735, #796, .T. ) ;
#2769 = EDGE_CURVE ( 'NONE', #1621, #1443, #4121, .T. ) ;
#2770 = EDGE_CURVE ( 'NONE', #1660, #2726, #797, .T. ) ;
#2771 = EDGE_CURVE ( 'NONE', #1443, #1691, #798, .T. ) ;
#2772 = EDGE_CURVE ( 'NONE', #2642, #2710, #799, .T. ) ;
#2773 = EDGE_CURVE ( 'NONE', #2710, #1709, #802, .T. ) ;
#2774 = EDGE_CURVE ( 'NONE', #2723, #1621, #4122, .T. ) ;
#2775 = EDGE_CURVE ( 'NONE', #1711, #1710, #4123, .T. ) ;
#2776 = EDGE_CURVE ( 'NONE', #2738, #1609, #801, .T. ) ;
#2777 = EDGE_CURVE ( 'NONE', #2695, #2672, #4124, .T. ) ;
#2778 = EDGE_CURVE ( 'NONE', #2734, #2665, #805, .T. ) ;
#2779 = EDGE_CURVE ( 'NONE', #1721, #2718, #4125, .T. ) ;
#2780 = EDGE_CURVE ( 'NONE', #1597, #2735, #4126, .T. ) ;
#2781 = EDGE_CURVE ( 'NONE', #1651, #2648, #804, .T. ) ;
#2782 = EDGE_CURVE ( 'NONE', #1646, #1711, #4127, .T. ) ;
#2783 = EDGE_CURVE ( 'NONE', #1689, #1653, #810, .T. ) ;
#2784 = EDGE_CURVE ( 'NONE', #1705, #1597, #807, .T. ) ;
#2785 = EDGE_CURVE ( 'NONE', #1607, #2736, #811, .T. ) ;
#2786 = EDGE_CURVE ( 'NONE', #2699, #1727, #809, .T. ) ;
#2787 = EDGE_CURVE ( 'NONE', #1652, #1649, #812, .T. ) ;
#2788 = EDGE_CURVE ( 'NONE', #1617, #1660, #815, .T. ) ;
#2789 = EDGE_CURVE ( 'NONE', #2717, #2726, #817, .T. ) ;
#2790 = EDGE_CURVE ( 'NONE', #2660, #1615, #818, .T. ) ;
#2791 = EDGE_CURVE ( 'NONE', #1689, #1651, #819, .T. ) ;
#2792 = EDGE_CURVE ( 'NONE', #1706, #1705, #4128, .T. ) ;
#2793 = EDGE_CURVE ( 'NONE', #2718, #1709, #822, .T. ) ;
#2794 = EDGE_CURVE ( 'NONE', #1691, #2723, #4129, .T. ) ;
#2795 = EDGE_CURVE ( 'NONE', #1705, #1691, #4073, .T. ) ;
#2796 = EDGE_CURVE ( 'NONE', #2736, #1649, #825, .T. ) ;
#2797 = EDGE_CURVE ( 'NONE', #1653, #1689, #824, .T. ) ;
#2798 = EDGE_CURVE ( 'NONE', #1702, #1699, #826, .T. ) ;
#2799 = EDGE_CURVE ( 'NONE', #1609, #1604, #820, .T. ) ;
#2800 = EDGE_CURVE ( 'NONE', #1652, #1607, #828, .T. ) ;
#2801 = EDGE_CURVE ( 'NONE', #1700, #1702, #829, .T. ) ;
#2802 = EDGE_CURVE ( 'NONE', #1627, #1632, #830, .T. ) ;
#2803 = EDGE_CURVE ( 'NONE', #1611, #1696, #4058, .T. ) ;
#2804 = EDGE_CURVE ( 'NONE', #1624, #2738, #4130, .T. ) ;
#2805 = EDGE_CURVE ( 'NONE', #1713, #1714, #833, .T. ) ;
#2806 = EDGE_CURVE ( 'NONE', #1660, #1617, #831, .T. ) ;
#2807 = EDGE_CURVE ( 'NONE', #1632, #1592, #834, .T. ) ;
#2808 = EDGE_CURVE ( 'NONE', #1686, #1700, #832, .T. ) ;
#2809 = EDGE_CURVE ( 'NONE', #1696, #1711, #836, .T. ) ;
#2810 = EDGE_CURVE ( 'NONE', #2696, #2693, #838, .T. ) ;
#2811 = EDGE_CURVE ( 'NONE', #1718, #1708, #840, .T. ) ;
#2812 = EDGE_CURVE ( 'NONE', #1650, #1701, #3835, .T. ) ;
#2813 = EDGE_CURVE ( 'NONE', #1708, #1701, #3838, .T. ) ;
#2814 = EDGE_CURVE ( 'NONE', #1667, #2725, #3837, .T. ) ;
#2815 = EDGE_CURVE ( 'NONE', #1718, #1707, #3841, .T. ) ;
#2816 = EDGE_CURVE ( 'NONE', #1719, #1702, #3840, .T. ) ;
#2817 = EDGE_CURVE ( 'NONE', #2712, #2709, #3839, .T. ) ;
#2818 = EDGE_CURVE ( 'NONE', #1627, #1603, #3845, .T. ) ;
#2819 = EDGE_CURVE ( 'NONE', #1679, #1674, #3843, .T. ) ;
#2820 = EDGE_CURVE ( 'NONE', #1603, #1592, #3846, .T. ) ;
#2821 = EDGE_CURVE ( 'NONE', #1718, #1650, #3850, .T. ) ;
#2822 = EDGE_CURVE ( 'NONE', #1713, #1603, #3848, .T. ) ;
#2823 = EDGE_CURVE ( 'NONE', #1680, #2660, #3851, .T. ) ;
#2824 = EDGE_CURVE ( 'NONE', #1714, #1592, #3854, .T. ) ;
#2825 = EDGE_CURVE ( 'NONE', #1717, #1707, #3855, .T. ) ;
#2826 = EDGE_CURVE ( 'NONE', #2644, #2690, #3857, .T. ) ;
#2827 = EDGE_CURVE ( 'NONE', #1686, #1719, #3858, .T. ) ;
#2828 = EDGE_CURVE ( 'NONE', #1650, #1717, #3859, .T. ) ;
#2829 = EDGE_CURVE ( 'NONE', #2726, #2717, #3860, .T. ) ;
#2830 = EDGE_CURVE ( 'NONE', #2648, #1651, #3862, .T. ) ;
#2831 = EDGE_CURVE ( 'NONE', #1690, #1699, #3863, .T. ) ;
#2832 = EDGE_CURVE ( 'NONE', #1700, #1690, #3852, .T. ) ;
#2833 = EDGE_CURVE ( 'NONE', #1643, #1677, #3864, .T. ) ;
#2834 = EDGE_CURVE ( 'NONE', #1643, #1690, #3867, .T. ) ;
#2835 = EDGE_CURVE ( 'NONE', #1677, #1699, #3868, .T. ) ;
#2836 = EDGE_CURVE ( 'NONE', #1695, #1703, #3870, .T. ) ;
#2837 = EDGE_CURVE ( 'NONE', #1695, #1698, #3872, .T. ) ;
#2838 = EDGE_CURVE ( 'NONE', #1698, #1655, #3865, .T. ) ;
#2839 = EDGE_CURVE ( 'NONE', #1703, #1655, #3875, .T. ) ;
#2840 = EDGE_CURVE ( 'NONE', #1697, #1679, #3876, .T. ) ;
#2841 = EDGE_CURVE ( 'NONE', #1624, #1720, #3878, .T. ) ;
#2842 = EDGE_CURVE ( 'NONE', #2665, #1727, #3879, .T. ) ;
#2843 = EDGE_CURVE ( 'NONE', #1611, #1710, #3881, .T. ) ;
#2844 = EDGE_CURVE ( 'NONE', #2734, #2699, #3882, .T. ) ;
#2845 = EDGE_CURVE ( 'NONE', #1680, #1720, #2143, .T. ) ;
#2846 = EDGE_CURVE ( 'NONE', #1709, #2710, #3885, .T. ) ;
#2847 = EDGE_CURVE ( 'NONE', #1712, #2642, #2144, .T. ) ;
#2848 = EDGE_CURVE ( 'NONE', #1712, #2695, #2145, .T. ) ;
#2849 = EDGE_CURVE ( 'NONE', #1696, #1712, #2146, .T. ) ;
#2850 = EDGE_CURVE ( 'NONE', #1415, #1674, #3886, .T. ) ;
#2851 = EDGE_CURVE ( 'NONE', #2670, #2719, #2147, .T. ) ;
#2852 = EDGE_CURVE ( 'NONE', #2697, #1626, #2148, .T. ) ;
#2853 = EDGE_CURVE ( 'NONE', #2700, #2643, #3884, .T. ) ;
#2854 = EDGE_CURVE ( 'NONE', #2643, #1683, #3873, .T. ) ;
#2855 = EDGE_CURVE ( 'NONE', #2691, #2700, #3889, .T. ) ;
#2856 = EDGE_CURVE ( 'NONE', #1648, #2732, #3890, .T. ) ;
#2857 = EDGE_CURVE ( 'NONE', #2683, #2698, #3887, .T. ) ;
#2858 = EDGE_CURVE ( 'NONE', #2698, #2732, #3891, .T. ) ;
#2859 = EDGE_CURVE ( 'NONE', #2649, #2698, #2149, .T. ) ;
#2860 = EDGE_CURVE ( 'NONE', #2659, #2662, #3896, .T. ) ;
#2861 = EDGE_CURVE ( 'NONE', #2662, #2649, #2150, .T. ) ;
#2862 = EDGE_CURVE ( 'NONE', #2659, #2705, #3898, .T. ) ;
#2863 = EDGE_CURVE ( 'NONE', #2712, #2696, #3893, .T. ) ;
#2864 = EDGE_CURVE ( 'NONE', #2692, #2697, #3899, .T. ) ;
#2865 = EDGE_CURVE ( 'NONE', #2714, #2697, #3901, .T. ) ;
#2866 = EDGE_CURVE ( 'NONE', #2729, #2692, #3895, .T. ) ;
#2867 = EDGE_CURVE ( 'NONE', #2728, #2673, #3902, .T. ) ;
#2868 = EDGE_CURVE ( 'NONE', #2713, #2670, #3906, .T. ) ;
#2869 = EDGE_CURVE ( 'NONE', #2720, #2713, #2151, .T. ) ;
#2870 = EDGE_CURVE ( 'NONE', #1685, #1642, #3908, .T. ) ;
#2871 = DIRECTION ( 'NONE',  ( 0.0000000000000000000, 3.081487911019577400E-033, 1.000000000000000000 ) ) ;
#2872 = CARTESIAN_POINT ( 'NONE',  ( -13.45733550181817500, 0.4578430877476835600, -11.99608517498327800 ) ) ;
#2873 = DIRECTION ( 'NONE',  ( 0.0000000000000000000, -3.081487911019577400E-033, -1.000000000000000000 ) ) ;
#2874 = DIRECTION ( 'NONE',  ( 1.000000000000000000, 5.019454502247705400E-017, 0.0000000000000000000 ) ) ;
#2875 = CARTESIAN_POINT ( 'NONE',  ( -18.15733550181817400, 0.4578430877476833400, -11.99708517498512500 ) ) ;
#2876 = CARTESIAN_POINT ( 'NONE',  ( 11.54266449818000600, 0.4578430877476840100, 9.000000000014551900 ) ) ;
#2877 = DIRECTION ( 'NONE',  ( -1.000000000000000000, -0.0000000000000000000, -0.0000000000000000000 ) ) ;
#2878 = DIRECTION ( 'NONE',  ( 0.0000000000000000000, 0.0000000000000000000, 1.000000000000000000 ) ) ;
#2879 = CARTESIAN_POINT ( 'NONE',  ( -6.857335501813319700, 0.4578430877476830600, -11.49608517498327700 ) ) ;
#2880 = CARTESIAN_POINT ( 'NONE',  ( -21.65733550181984400, 0.4578430877476822300, 1.614333666744016700E-011 ) ) ;
#2881 = DIRECTION ( 'NONE',  ( 0.7071067811865474600, -5.440852605961882300E-017, 0.7071067811865475700 ) ) ;
#2882 = CARTESIAN_POINT ( 'NONE',  ( -7.757335501814775800, 0.4578430877476831200, 1.614333666744016700E-011 ) ) ;
#2883 = CARTESIAN_POINT ( 'NONE',  ( 9.942664498174187000, 0.4578430877476840100, 9.000000000014551900 ) ) ;
#2884 = DIRECTION ( 'NONE',  ( -1.000000000000000000, -0.0000000000000000000, -0.0000000000000000000 ) ) ;
#2885 = DIRECTION ( 'NONE',  ( 0.0000000000000000000, 0.0000000000000000000, 1.000000000000000000 ) ) ;
#2886 = DIRECTION ( 'NONE',  ( 0.0000000000000000000, 3.081487911019577400E-033, 1.000000000000000000 ) ) ;
#2887 = DIRECTION ( 'NONE',  ( -0.7071067811865474600, -1.187826851874798100E-016, -0.7071067811865475700 ) ) ;
#2888 = DIRECTION ( 'NONE',  ( 0.0000000000000000000, 3.081487911019577400E-033, 1.000000000000000000 ) ) ;
#2889 = DIRECTION ( 'NONE',  ( 0.0000000000000000000, 3.081487911019577400E-033, 1.000000000000000000 ) ) ;
#2890 = CARTESIAN_POINT ( 'NONE',  ( -13.45733550181735100, 0.4578430877476835600, -0.1999999999839872900 ) ) ;
#2891 = DIRECTION ( 'NONE',  ( 0.0000000000000000000, 3.081487911019577400E-033, 1.000000000000000000 ) ) ;
#2892 = DIRECTION ( 'NONE',  ( -1.000000000000000000, -4.517509052021524600E-017, 0.0000000000000000000 ) ) ;
#2893 = CARTESIAN_POINT ( 'NONE',  ( -21.85733550181997100, 0.4578430877476831800, 1.614333666744016700E-011 ) ) ;
#2894 = CARTESIAN_POINT ( 'NONE',  ( -13.45733550181817500, 0.4578430877476835600, -10.78364960968506700 ) ) ;
#2895 = DIRECTION ( 'NONE',  ( 0.0000000000000000000, -3.081487911019577400E-033, -1.000000000000000000 ) ) ;
#2896 = DIRECTION ( 'NONE',  ( 1.000000000000000000, 4.613626265895764500E-017, 0.0000000000000000000 ) ) ;
#2897 = CARTESIAN_POINT ( 'NONE',  ( -5.057335501814730300, 0.4578430877476829000, 1.614333666744016700E-011 ) ) ;
#2898 = CARTESIAN_POINT ( 'NONE',  ( -17.55733550181999500, 0.4578430877476840100, 9.000000000014551900 ) ) ;
#2899 = DIRECTION ( 'NONE',  ( 1.000000000000000000, 0.0000000000000000000, 0.0000000000000000000 ) ) ;
#2900 = DIRECTION ( 'NONE',  ( 0.0000000000000000000, 0.0000000000000000000, -1.000000000000000000 ) ) ;
#2901 = CARTESIAN_POINT ( 'NONE',  ( -13.45733550181817500, 0.4578430877476835600, 1.614333666744016700E-011 ) ) ;
#2902 = DIRECTION ( 'NONE',  ( 0.0000000000000000000, 3.081487911019577400E-033, 1.000000000000000000 ) ) ;
#2903 = DIRECTION ( 'NONE',  ( -1.000000000000000000, -4.613626265895764500E-017, 0.0000000000000000000 ) ) ;
#2904 = CARTESIAN_POINT ( 'NONE',  ( -8.757335501818175800, 0.4578430877476831800, -11.99708517498512500 ) ) ;
#2905 = DIRECTION ( 'NONE',  ( 0.0000000000000000000, 3.081487911019577400E-033, 1.000000000000000000 ) ) ;
#2906 = CARTESIAN_POINT ( 'NONE',  ( 11.04266449818000800, 0.4578430877476840100, 9.000000000014551900 ) ) ;
#2907 = DIRECTION ( 'NONE',  ( -1.000000000000000000, -0.0000000000000000000, -0.0000000000000000000 ) ) ;
#2908 = DIRECTION ( 'NONE',  ( 0.0000000000000000000, 0.0000000000000000000, 1.000000000000000000 ) ) ;
#2909 = CARTESIAN_POINT ( 'NONE',  ( -13.45733550181735100, 0.4578430877476835600, -11.99608517498512600 ) ) ;
#2910 = DIRECTION ( 'NONE',  ( 0.0000000000000000000, 3.081487911019577400E-033, 1.000000000000000000 ) ) ;
#2911 = DIRECTION ( 'NONE',  ( -1.000000000000000000, -4.443451526578346800E-017, 0.0000000000000000000 ) ) ;
#2912 = CARTESIAN_POINT ( 'NONE',  ( -8.048773508832294300, -5.439249669397257800, 6.254299937300356000 ) ) ;
#2913 = CARTESIAN_POINT ( 'NONE',  ( 1.038378783889262000, 0.4578430877476840100, 9.000000000014551900 ) ) ;
#2914 = DIRECTION ( 'NONE',  ( -1.000000000000000000, -0.0000000000000000000, -0.0000000000000000000 ) ) ;
#2915 = DIRECTION ( 'NONE',  ( 0.0000000000000000000, 0.0000000000000000000, 1.000000000000000000 ) ) ;
#2916 = DIRECTION ( 'NONE',  ( 0.0000000000000000000, 3.081487911019577400E-033, 1.000000000000000000 ) ) ;
#2917 = CARTESIAN_POINT ( 'NONE',  ( 5.542664498180006800, 0.4578430877476840100, 9.000000000014551900 ) ) ;
#2918 = DIRECTION ( 'NONE',  ( -1.000000000000000000, -0.0000000000000000000, -0.0000000000000000000 ) ) ;
#2919 = DIRECTION ( 'NONE',  ( 0.0000000000000000000, 0.0000000000000000000, 1.000000000000000000 ) ) ;
#2920 = CARTESIAN_POINT ( 'NONE',  ( -20.05733550182137700, 0.4578430877476832300, 1.614333666744016700E-011 ) ) ;
#2921 = CARTESIAN_POINT ( 'NONE',  ( -13.45733550181735100, 0.4578430877476835600, -9.028927531818652600 ) ) ;
#2922 = DIRECTION ( 'NONE',  ( 0.0000000000000000000, 3.081487911019577400E-033, 1.000000000000000000 ) ) ;
#2923 = AXIS2_PLACEMENT_3D ( 'NONE', #3047, #3048, #3049 ) ;
#2924 = AXIS2_PLACEMENT_3D ( 'NONE', #3050, #3051, #3052 ) ;
#2925 = AXIS2_PLACEMENT_3D ( 'NONE', #3053, #3054, #3055 ) ;
#2926 = AXIS2_PLACEMENT_3D ( 'NONE', #3057, #3058, #3059 ) ;
#2927 = AXIS2_PLACEMENT_3D ( 'NONE', #3060, #3061, #3062 ) ;
#2928 = AXIS2_PLACEMENT_3D ( 'NONE', #3063, #3064, #3065 ) ;
#2929 = AXIS2_PLACEMENT_3D ( 'NONE', #3068, #3069, #3070 ) ;
#2930 = AXIS2_PLACEMENT_3D ( 'NONE', #3083, #3084, #3085 ) ;
#2931 = AXIS2_PLACEMENT_3D ( 'NONE', #3089, #3090, #3091 ) ;
#2932 = AXIS2_PLACEMENT_3D ( 'NONE', #3092, #3093, #3094 ) ;
#2933 = AXIS2_PLACEMENT_3D ( 'NONE', #3096, #3097, #3098 ) ;
#2934 = AXIS2_PLACEMENT_3D ( 'NONE', #3099, #3100, #3101 ) ;
#2935 = AXIS2_PLACEMENT_3D ( 'NONE', #3104, #3105, #3106 ) ;
#2936 = AXIS2_PLACEMENT_3D ( 'NONE', #3128, #3129, #3130 ) ;
#2937 = AXIS2_PLACEMENT_3D ( 'NONE', #3132, #3133, #3134 ) ;
#2938 = AXIS2_PLACEMENT_3D ( 'NONE', #3137, #3138, #3139 ) ;
#2939 = AXIS2_PLACEMENT_3D ( 'NONE', #843, #844, #845 ) ;
#2940 = AXIS2_PLACEMENT_3D ( 'NONE', #848, #849, #850 ) ;
#2941 = AXIS2_PLACEMENT_3D ( 'NONE', #863, #864, #865 ) ;
#2942 = AXIS2_PLACEMENT_3D ( 'NONE', #928, #929, #930 ) ;
#2943 = AXIS2_PLACEMENT_3D ( 'NONE', #971, #972, #973 ) ;
#2944 = AXIS2_PLACEMENT_3D ( 'NONE', #3528, #3529, #3530 ) ;
#2945 = AXIS2_PLACEMENT_3D ( 'NONE', #3542, #3543, #3544 ) ;
#2946 = AXIS2_PLACEMENT_3D ( 'NONE', #3561, #3562, #3563 ) ;
#2947 = AXIS2_PLACEMENT_3D ( 'NONE', #3564, #3565, #3566 ) ;
#2948 = AXIS2_PLACEMENT_3D ( 'NONE', #3568, #3569, #3570 ) ;
#2949 = AXIS2_PLACEMENT_3D ( 'NONE', #3573, #3574, #3575 ) ;
#2950 = AXIS2_PLACEMENT_3D ( 'NONE', #3584, #3585, #3586 ) ;
#2951 = AXIS2_PLACEMENT_3D ( 'NONE', #3588, #3589, #3590 ) ;
#2952 = AXIS2_PLACEMENT_3D ( 'NONE', #3598, #3599, #3600 ) ;
#2953 = AXIS2_PLACEMENT_3D ( 'NONE', #3603, #3604, #3605 ) ;
#2954 = AXIS2_PLACEMENT_3D ( 'NONE', #3648, #3150, #3151 ) ;
#2955 = AXIS2_PLACEMENT_3D ( 'NONE', #3164, #3165, #3166 ) ;
#2956 = AXIS2_PLACEMENT_3D ( 'NONE', #3169, #3170, #3171 ) ;
#2957 = AXIS2_PLACEMENT_3D ( 'NONE', #3174, #3175, #3176 ) ;
#2958 = AXIS2_PLACEMENT_3D ( 'NONE', #3179, #3180, #3181 ) ;
#2959 = AXIS2_PLACEMENT_3D ( 'NONE', #3183, #3184, #3185 ) ;
#2960 = AXIS2_PLACEMENT_3D ( 'NONE', #3203, #3204, #3205 ) ;
#2961 = AXIS2_PLACEMENT_3D ( 'NONE', #3206, #3207, #3208 ) ;
#2962 = AXIS2_PLACEMENT_3D ( 'NONE', #3209, #3210, #3211 ) ;
#2963 = AXIS2_PLACEMENT_3D ( 'NONE', #3213, #3214, #3215 ) ;
#2964 = AXIS2_PLACEMENT_3D ( 'NONE', #3217, #3218, #3219 ) ;
#2965 = AXIS2_PLACEMENT_3D ( 'NONE', #3221, #3222, #3223 ) ;
#2966 = AXIS2_PLACEMENT_3D ( 'NONE', #3249, #3250, #3251 ) ;
#2967 = AXIS2_PLACEMENT_3D ( 'NONE', #3254, #3255, #3256 ) ;
#2968 = AXIS2_PLACEMENT_3D ( 'NONE', #3262, #3263, #3264 ) ;
#2969 = AXIS2_PLACEMENT_3D ( 'NONE', #2872, #2873, #2874 ) ;
#2970 = AXIS2_PLACEMENT_3D ( 'NONE', #2876, #2877, #2878 ) ;
#2971 = AXIS2_PLACEMENT_3D ( 'NONE', #2883, #2884, #2885 ) ;
#2972 = AXIS2_PLACEMENT_3D ( 'NONE', #2890, #2891, #2892 ) ;
#2973 = AXIS2_PLACEMENT_3D ( 'NONE', #2894, #2895, #2896 ) ;
#2974 = AXIS2_PLACEMENT_3D ( 'NONE', #2898, #2899, #2900 ) ;
#2975 = AXIS2_PLACEMENT_3D ( 'NONE', #2901, #2902, #2903 ) ;
#2976 = AXIS2_PLACEMENT_3D ( 'NONE', #2906, #2907, #2908 ) ;
#2977 = AXIS2_PLACEMENT_3D ( 'NONE', #2909, #2910, #2911 ) ;
#2978 = AXIS2_PLACEMENT_3D ( 'NONE', #2913, #2914, #2915 ) ;
#2979 = AXIS2_PLACEMENT_3D ( 'NONE', #2917, #2918, #2919 ) ;
#2980 = AXIS2_PLACEMENT_3D ( 'NONE', #2921, #2922, #3643 ) ;
#2981 = AXIS2_PLACEMENT_3D ( 'NONE', #2297, #2298, #2299 ) ;
#2982 = AXIS2_PLACEMENT_3D ( 'NONE', #2304, #2305, #2306 ) ;
#2983 = AXIS2_PLACEMENT_3D ( 'NONE', #2310, #2311, #2312 ) ;
#2984 = AXIS2_PLACEMENT_3D ( 'NONE', #2315, #2316, #2317 ) ;
#2985 = AXIS2_PLACEMENT_3D ( 'NONE', #2318, #2319, #2320 ) ;
#2986 = AXIS2_PLACEMENT_3D ( 'NONE', #2323, #2324, #2325 ) ;
#2987 = AXIS2_PLACEMENT_3D ( 'NONE', #2341, #2342, #2343 ) ;
#2988 = AXIS2_PLACEMENT_3D ( 'NONE', #428, #429, #430 ) ;
#2989 = AXIS2_PLACEMENT_3D ( 'NONE', #446, #447, #448 ) ;
#2990 = AXIS2_PLACEMENT_3D ( 'NONE', #450, #451, #452 ) ;
#2991 = AXIS2_PLACEMENT_3D ( 'NONE', #457, #458, #459 ) ;
#2992 = AXIS2_PLACEMENT_3D ( 'NONE', #3278, #3279, #3280 ) ;
#2993 = AXIS2_PLACEMENT_3D ( 'NONE', #3282, #3283, #3284 ) ;
#2994 = AXIS2_PLACEMENT_3D ( 'NONE', #3286, #3287, #3288 ) ;
#2995 = AXIS2_PLACEMENT_3D ( 'NONE', #3291, #3292, #3293 ) ;
#2996 = AXIS2_PLACEMENT_3D ( 'NONE', #3305, #3306, #3307 ) ;
#2997 = AXIS2_PLACEMENT_3D ( 'NONE', #3337, #3338, #3339 ) ;
#2998 = AXIS2_PLACEMENT_3D ( 'NONE', #3344, #3345, #3346 ) ;
#2999 = AXIS2_PLACEMENT_3D ( 'NONE', #3347, #3348, #3349 ) ;
#3000 = AXIS2_PLACEMENT_3D ( 'NONE', #3352, #3353, #3354 ) ;
#3001 = AXIS2_PLACEMENT_3D ( 'NONE', #3355, #3356, #3357 ) ;
#3002 = AXIS2_PLACEMENT_3D ( 'NONE', #3358, #3359, #3360 ) ;
#3003 = AXIS2_PLACEMENT_3D ( 'NONE', #3361, #3362, #3363 ) ;
#3004 = AXIS2_PLACEMENT_3D ( 'NONE', #3364, #3365, #3366 ) ;
#3005 = AXIS2_PLACEMENT_3D ( 'NONE', #3369, #3370, #3371 ) ;
#3006 = AXIS2_PLACEMENT_3D ( 'NONE', #3377, #3378, #3379 ) ;
#3007 = AXIS2_PLACEMENT_3D ( 'NONE', #3395, #3396, #3397 ) ;
#3008 = AXIS2_PLACEMENT_3D ( 'NONE', #3399, #3400, #3401 ) ;
#3009 = AXIS2_PLACEMENT_3D ( 'NONE', #3404, #3405, #3406 ) ;
#3010 = AXIS2_PLACEMENT_3D ( 'NONE', #3416, #3417, #3418 ) ;
#3011 = AXIS2_PLACEMENT_3D ( 'NONE', #3426, #3427, #3428 ) ;
#3012 = AXIS2_PLACEMENT_3D ( 'NONE', #3430, #3431, #3432 ) ;
#3013 =( GEOMETRIC_REPRESENTATION_CONTEXT ( 3 ) GLOBAL_UNCERTAINTY_ASSIGNED_CONTEXT ( ( #2160 ) ) GLOBAL_UNIT_ASSIGNED_CONTEXT ( ( #3429, #3433, #3434 ) ) REPRESENTATION_CONTEXT ( 'NONE', 'WORKASPACE' ) );
#3014 = AXIS2_PLACEMENT_3D ( 'NONE', #3435, #3436, #3437 ) ;
#3015 =( GEOMETRIC_REPRESENTATION_CONTEXT ( 3 ) GLOBAL_UNCERTAINTY_ASSIGNED_CONTEXT ( ( #2444 ) ) GLOBAL_UNIT_ASSIGNED_CONTEXT ( ( #3425, #3438, #3439 ) ) REPRESENTATION_CONTEXT ( 'NONE', 'WORKASPACE' ) );
#3016 = AXIS2_PLACEMENT_3D ( 'NONE', #3440, #3441, #3442 ) ;
#3017 = AXIS2_PLACEMENT_3D ( 'NONE', #3443, #3444, #3445 ) ;
#3018 = AXIS2_PLACEMENT_3D ( 'NONE', #3446, #3447, #3448 ) ;
#3019 = AXIS2_PLACEMENT_3D ( 'NONE', #3449, #3450, #3451 ) ;
#3020 =( GEOMETRIC_REPRESENTATION_CONTEXT ( 3 ) GLOBAL_UNCERTAINTY_ASSIGNED_CONTEXT ( ( #2163 ) ) GLOBAL_UNIT_ASSIGNED_CONTEXT ( ( #3452, #3453, #3454 ) ) REPRESENTATION_CONTEXT ( 'NONE', 'WORKASPACE' ) );
#3021 = AXIS2_PLACEMENT_3D ( 'NONE', #3455, #3456, #3457 ) ;
#3022 = CC_DESIGN_PERSON_AND_ORGANIZATION_ASSIGNMENT ( #3989, #3481, ( #2522 ) ) ;
#3023 = CC_DESIGN_PERSON_AND_ORGANIZATION_ASSIGNMENT ( #4023, #3499, ( #2523 ) ) ;
#3024 = SECURITY_CLASSIFICATION ( '', '', #3516 ) ;
#3025 = CC_DESIGN_PERSON_AND_ORGANIZATION_ASSIGNMENT ( #3955, #3463, ( #2520 ) ) ;
#3026 = PRODUCT_DEFINITION ( 'UNKNOWN', '', #3031, #3684 ) ;
#3027 = APPROVAL ( #3466, 'UNSPECIFIED' ) ;
#3028 = CC_DESIGN_APPROVAL ( #3027, ( #3026 ) ) ;
#3029 = CC_DESIGN_PERSON_AND_ORGANIZATION_ASSIGNMENT ( #3963, #3468, ( #3026 ) ) ;
#3030 = CC_DESIGN_DATE_AND_TIME_ASSIGNMENT ( #3967, #3469, ( #3026 ) ) ;
#3031 = PRODUCT_DEFINITION_FORMATION_WITH_SPECIFIED_SOURCE ( 'ANY', '', #2520, .NOT_KNOWN. ) ;
#3032 = APPROVAL ( #3470, 'UNSPECIFIED' ) ;
#3033 = CC_DESIGN_APPROVAL ( #3032, ( #3031 ) ) ;
#3034 = CARTESIAN_POINT ( 'NONE',  ( 5.250000000000254000, -9.093266739737044800, 0.0000000000000000000 ) ) ;
#3035 = CARTESIAN_POINT ( 'NONE',  ( -2.736075255249659200E-013, -5.519619894963801500E-013, 15.00000000000000000 ) ) ;
#3036 = DIRECTION ( 'NONE',  ( -0.0000000000000000000, -0.0000000000000000000, -1.000000000000000000 ) ) ;
#3037 = DIRECTION ( 'NONE',  ( 1.000000000000000000, 0.0000000000000000000, 0.0000000000000000000 ) ) ;
#3038 = CARTESIAN_POINT ( 'NONE',  ( 0.0000000000000000000, 0.0000000000000000000, 15.00000000000000000 ) ) ;
#3039 = DIRECTION ( 'NONE',  ( 0.0000000000000000000, 0.0000000000000000000, 1.000000000000000000 ) ) ;
#3040 = DIRECTION ( 'NONE',  ( 1.000000000000000000, 0.0000000000000000000, 0.0000000000000000000 ) ) ;
#3041 = CARTESIAN_POINT ( 'NONE',  ( 0.0000000000000000000, 0.0000000000000000000, 0.0000000000000000000 ) ) ;
#3042 = DIRECTION ( 'NONE',  ( 0.0000000000000000000, 0.0000000000000000000, 1.000000000000000000 ) ) ;
#3043 = DIRECTION ( 'NONE',  ( 1.000000000000000000, 0.0000000000000000000, 0.0000000000000000000 ) ) ;
#3044 = CARTESIAN_POINT ( 'NONE',  ( 0.0000000000000000000, 0.0000000000000000000, 0.0000000000000000000 ) ) ;
#3045 = DIRECTION ( 'NONE',  ( 0.0000000000000000000, 0.0000000000000000000, -1.000000000000000000 ) ) ;
#3046 = DIRECTION ( 'NONE',  ( -1.000000000000000000, 0.0000000000000000000, 0.0000000000000000000 ) ) ;
#3047 = CARTESIAN_POINT ( 'NONE',  ( 0.0000000000000000000, 0.0000000000000000000, 0.0000000000000000000 ) ) ;
#3048 = DIRECTION ( 'NONE',  ( 0.0000000000000000000, 0.0000000000000000000, -1.000000000000000000 ) ) ;
#3049 = DIRECTION ( 'NONE',  ( -1.000000000000000000, 0.0000000000000000000, 0.0000000000000000000 ) ) ;
#3050 = CARTESIAN_POINT ( 'NONE',  ( 0.0000000000000000000, 0.0000000000000000000, 0.0000000000000000000 ) ) ;
#3051 = DIRECTION ( 'NONE',  ( 0.0000000000000000000, 0.0000000000000000000, -1.000000000000000000 ) ) ;
#3052 = DIRECTION ( 'NONE',  ( -1.000000000000000000, 0.0000000000000000000, 0.0000000000000000000 ) ) ;
#3053 = CARTESIAN_POINT ( 'NONE',  ( 0.0000000000000000000, 0.0000000000000000000, 0.0000000000000000000 ) ) ;
#3054 = DIRECTION ( 'NONE',  ( 0.0000000000000000000, 0.0000000000000000000, -1.000000000000000000 ) ) ;
#3055 = DIRECTION ( 'NONE',  ( -1.000000000000000000, 0.0000000000000000000, 0.0000000000000000000 ) ) ;
#3056 = DIRECTION ( 'NONE',  ( -1.000000000000000000, -0.0000000000000000000, -0.0000000000000000000 ) ) ;
#3057 = CARTESIAN_POINT ( 'NONE',  ( 0.0000000000000000000, 0.0000000000000000000, 0.0000000000000000000 ) ) ;
#3058 = DIRECTION ( 'NONE',  ( 0.0000000000000000000, 0.0000000000000000000, -1.000000000000000000 ) ) ;
#3059 = DIRECTION ( 'NONE',  ( -1.000000000000000000, 0.0000000000000000000, 0.0000000000000000000 ) ) ;
#3060 = CARTESIAN_POINT ( 'NONE',  ( 0.0000000000000000000, 0.0000000000000000000, 0.0000000000000000000 ) ) ;
#3061 = DIRECTION ( 'NONE',  ( 0.0000000000000000000, 0.0000000000000000000, -1.000000000000000000 ) ) ;
#3062 = DIRECTION ( 'NONE',  ( -1.000000000000000000, 0.0000000000000000000, 0.0000000000000000000 ) ) ;
#3063 = CARTESIAN_POINT ( 'NONE',  ( 0.0000000000000000000, 0.0000000000000000000, 12.00000000000000000 ) ) ;
#3064 = DIRECTION ( 'NONE',  ( 0.0000000000000000000, 0.0000000000000000000, -1.000000000000000000 ) ) ;
#3065 = DIRECTION ( 'NONE',  ( -1.000000000000000000, 0.0000000000000000000, 0.0000000000000000000 ) ) ;
#3066 = CARTESIAN_POINT ( 'NONE',  ( -4.457335501817719400, 0.4578430877476840100, 14.50000000001182300 ) ) ;
#3067 = CARTESIAN_POINT ( 'NONE',  ( -4.457335501817719400, 0.4578430877476846700, 3.500000000017280800 ) ) ;
#3068 = CARTESIAN_POINT ( 'NONE',  ( 0.0000000000000000000, 0.0000000000000000000, 0.7000000000000130600 ) ) ;
#3069 = DIRECTION ( 'NONE',  ( 0.0000000000000000000, 0.0000000000000000000, -1.000000000000000000 ) ) ;
#3070 = DIRECTION ( 'NONE',  ( 1.000000000000000000, 0.0000000000000000000, 0.0000000000000000000 ) ) ;
#3071 = CARTESIAN_POINT ( 'NONE',  ( -7.531157573513426400, 7.776239800603876000, 0.2603619570726751800 ) ) ;
#3072 = DIRECTION ( 'NONE',  ( -1.000000000000000000, -0.0000000000000000000, -0.0000000000000000000 ) ) ;
#3073 = CARTESIAN_POINT ( 'NONE',  ( -8.625277766347414500, 7.144549212745523000, 0.6999999999995371000 ) ) ;
#3074 = CARTESIAN_POINT ( 'NONE',  ( 7.742664498179823200, 0.4578430877476840100, 15.09857142858254500 ) ) ;
#3075 = CARTESIAN_POINT ( 'NONE',  ( -8.625277766347306100, 7.144549212745432400, 15.00000000000000000 ) ) ;
#3076 = CARTESIAN_POINT ( 'NONE',  ( -6.410122774967817300, 8.423469543315121700, -6.801470730258663300E-013 ) ) ;
#3077 = CARTESIAN_POINT ( 'NONE',  ( -5.249999999999652700, 9.093266739736005600, 0.0000000000000000000 ) ) ;
#3078 = DIRECTION ( 'NONE',  ( -0.0000000000000000000, -0.0000000000000000000, -1.000000000000000000 ) ) ;
#3079 = DIRECTION ( 'NONE',  ( -0.0000000000000000000, -0.0000000000000000000, -1.000000000000000000 ) ) ;
#3080 = DIRECTION ( 'NONE',  ( -0.9649226981603467000, 0.0000000000000000000, 0.2625341626816525300 ) ) ;
#3081 = CARTESIAN_POINT ( 'NONE',  ( 6.900000000000000400, -5.511169832049685300E-013, 15.00000000000000000 ) ) ;
#3082 = CARTESIAN_POINT ( 'NONE',  ( 8.300000000000000700, 1.016456843292303000E-015, 12.00000000000000000 ) ) ;
#3083 = CARTESIAN_POINT ( 'NONE',  ( 11.04266449818000800, 0.4578430877476840100, 9.000000000014551900 ) ) ;
#3084 = DIRECTION ( 'NONE',  ( -1.000000000000000000, -0.0000000000000000000, -0.0000000000000000000 ) ) ;
#3085 = DIRECTION ( 'NONE',  ( 0.0000000000000000000, 0.0000000000000000000, 1.000000000000000000 ) ) ;
#3086 = DIRECTION ( 'NONE',  ( 0.7071067811865487900, 0.0000000000000000000, -0.7071067811865463500 ) ) ;
#3087 = DIRECTION ( 'NONE',  ( 0.5165333288666428300, 6.325708878494612900E-017, -0.8562670846003275200 ) ) ;
#3088 = CARTESIAN_POINT ( 'NONE',  ( 9.799999999999982900, 0.0000000000000000000, 15.00000000000000000 ) ) ;
#3089 = CARTESIAN_POINT ( 'NONE',  ( -2.736075255249659200E-013, -5.519619894963801500E-013, 14.30000000000000100 ) ) ;
#3090 = DIRECTION ( 'NONE',  ( 0.0000000000000000000, 0.0000000000000000000, -1.000000000000000000 ) ) ;
#3091 = DIRECTION ( 'NONE',  ( -1.000000000000000000, 0.0000000000000000000, 0.0000000000000000000 ) ) ;
#3092 = CARTESIAN_POINT ( 'NONE',  ( 0.0000000000000000000, 0.0000000000000000000, 15.00000000000000000 ) ) ;
#3093 = DIRECTION ( 'NONE',  ( 0.0000000000000000000, 0.0000000000000000000, 1.000000000000000000 ) ) ;
#3094 = DIRECTION ( 'NONE',  ( 1.000000000000000000, 0.0000000000000000000, 0.0000000000000000000 ) ) ;
#3095 = CARTESIAN_POINT ( 'NONE',  ( 1.874722233653267200, -11.04198426672723700, 13.59999999999973000 ) ) ;
#3096 = CARTESIAN_POINT ( 'NONE',  ( 0.0000000000000000000, 0.0000000000000000000, 13.59999999999969100 ) ) ;
#3097 = DIRECTION ( 'NONE',  ( -0.0000000000000000000, -0.0000000000000000000, 1.000000000000000000 ) ) ;
#3098 = DIRECTION ( 'NONE',  ( -1.000000000000000000, 0.0000000000000000000, 0.0000000000000000000 ) ) ;
#3099 = CARTESIAN_POINT ( 'NONE',  ( 0.0000000000000000000, 0.0000000000000000000, 0.0000000000000000000 ) ) ;
#3100 = DIRECTION ( 'NONE',  ( 0.0000000000000000000, 0.0000000000000000000, 1.000000000000000000 ) ) ;
#3101 = DIRECTION ( 'NONE',  ( 1.000000000000000000, 0.0000000000000000000, 0.0000000000000000000 ) ) ;
#3102 = CARTESIAN_POINT ( 'NONE',  ( 2.967537912164313500, -10.41104684056424100, 14.03911386457039800 ) ) ;
#3103 = CARTESIAN_POINT ( 'NONE',  ( -6.412797373153539500, -8.421925363333750500, 14.29938839687275900 ) ) ;
#3104 = CARTESIAN_POINT ( 'NONE',  ( 0.0000000000000000000, 0.0000000000000000000, 0.7000000000000130600 ) ) ;
#3105 = DIRECTION ( 'NONE',  ( 0.0000000000000000000, 0.0000000000000000000, -1.000000000000000000 ) ) ;
#3106 = DIRECTION ( 'NONE',  ( 1.000000000000000000, 0.0000000000000000000, 0.0000000000000000000 ) ) ;
#3107 = CARTESIAN_POINT ( 'NONE',  ( 8.300000000000000700, 1.016456843292303000E-015, 0.7000000000000130600 ) ) ;
#3108 = CARTESIAN_POINT ( 'NONE',  ( 4.087202626846751800, -9.764608116140204100, 14.29938839687252100 ) ) ;
#3109 = CARTESIAN_POINT ( 'NONE',  ( 5.535512515109374500, -8.928426012281788000, 14.30015153427022600 ) ) ;
#3110 = CARTESIAN_POINT ( 'NONE',  ( 5.825073894912677000, -8.761247671705430000, 14.28416248352479700 ) ) ;
#3111 = CARTESIAN_POINT ( 'NONE',  ( 6.397116055345225800, -8.430978976391884300, 14.22189088954609200 ) ) ;
#3112 = CARTESIAN_POINT ( 'NONE',  ( 6.680702295412261900, -8.267250384350711900, 14.17562818327142600 ) ) ;
#3113 = CARTESIAN_POINT ( 'NONE',  ( 7.524773393626912100, -7.779925708581298900, 13.99529193605999400 ) ) ;
#3114 = CARTESIAN_POINT ( 'NONE',  ( 8.078571677307472500, -7.460190120421572100, 13.81967677465004000 ) ) ;
#3115 = CARTESIAN_POINT ( 'NONE',  ( 8.625277766347688100, -7.144549212746595900, 13.59999999999955200 ) ) ;
#3116 = CARTESIAN_POINT ( 'NONE',  ( -7.532462087835966700, -7.775486638909724100, 14.03911386457064300 ) ) ;
#3117 = DIRECTION ( 'NONE',  ( 0.7071067811865483500, 8.659560562354942700E-017, -0.7071067811865466800 ) ) ;
#3118 = CARTESIAN_POINT ( 'NONE',  ( -8.625277766347004200, -7.144549212746737200, 13.59999999999998700 ) ) ;
#3119 = CARTESIAN_POINT ( 'NONE',  ( -4.964487484890934600, -9.258107467192163000, 14.30015153427043900 ) ) ;
#3120 = CARTESIAN_POINT ( 'NONE',  ( -4.674926105087635600, -9.425285807768521100, 14.28416248352500900 ) ) ;
#3121 = CARTESIAN_POINT ( 'NONE',  ( -4.102883944655096600, -9.755554503082059600, 14.22189088954629600 ) ) ;
#3122 = CARTESIAN_POINT ( 'NONE',  ( -3.819297704588066300, -9.919283095123233800, 14.17562818327162700 ) ) ;
#3123 = CARTESIAN_POINT ( 'NONE',  ( -2.975226606373430300, -10.40660777089264100, 13.99529193606018600 ) ) ;
#3124 = CARTESIAN_POINT ( 'NONE',  ( -2.421428322692877400, -10.72634335905235600, 13.81967677465023500 ) ) ;
#3125 = CARTESIAN_POINT ( 'NONE',  ( -1.874722233652322200, -11.04198426672689400, 13.60000000000022900 ) ) ;
#3126 = CARTESIAN_POINT ( 'NONE',  ( 8.300000000000000700, 1.016456843292303000E-015, 12.00000000000000000 ) ) ;
#3127 = DIRECTION ( 'NONE',  ( -0.0000000000000000000, -0.0000000000000000000, -1.000000000000000000 ) ) ;
#3128 = CARTESIAN_POINT ( 'NONE',  ( 0.0000000000000000000, 0.0000000000000000000, 14.30000000000000100 ) ) ;
#3129 = DIRECTION ( 'NONE',  ( 0.0000000000000000000, 0.0000000000000000000, -1.000000000000000000 ) ) ;
#3130 = DIRECTION ( 'NONE',  ( -1.000000000000000000, 0.0000000000000000000, 0.0000000000000000000 ) ) ;
#3131 = CARTESIAN_POINT ( 'NONE',  ( -8.300000000000000700, 0.0000000000000000000, 12.00000000000000000 ) ) ;
#3132 = CARTESIAN_POINT ( 'NONE',  ( 0.0000000000000000000, 0.0000000000000000000, 12.00000000000000000 ) ) ;
#3133 = DIRECTION ( 'NONE',  ( 0.0000000000000000000, 0.0000000000000000000, -1.000000000000000000 ) ) ;
#3134 = DIRECTION ( 'NONE',  ( -1.000000000000000000, 0.0000000000000000000, 0.0000000000000000000 ) ) ;
#3135 = CARTESIAN_POINT ( 'NONE',  ( -10.49999999999973400, -0.6599855868191979400, 14.30000000000025300 ) ) ;
#3136 = CARTESIAN_POINT ( 'NONE',  ( -10.49999999999973200, -1.317161267758722800, 14.23728056104579700 ) ) ;
#3137 = CARTESIAN_POINT ( 'NONE',  ( 0.0000000000000000000, 0.0000000000000000000, 13.60000000000055000 ) ) ;
#3138 = DIRECTION ( 'NONE',  ( -0.0000000000000000000, -0.0000000000000000000, 1.000000000000000000 ) ) ;
#3139 = DIRECTION ( 'NONE',  ( -1.000000000000000000, 8.881784197001252300E-016, 0.0000000000000000000 ) ) ;
#3140 = CARTESIAN_POINT ( 'NONE',  ( -10.49999999999973200, -1.285879165211237700E-015, 14.30000000000025100 ) ) ;
#3141 = CARTESIAN_POINT ( 'NONE',  ( -10.49999999999973200, -2.626307845262856300, 13.99566656202861700 ) ) ;
#3142 = CARTESIAN_POINT ( 'NONE',  ( -10.49999999999973200, -3.272069318174577500, 13.81761806609762300 ) ) ;
#3143 = CARTESIAN_POINT ( 'NONE',  ( -10.49999999999931300, -3.897435053981250300, 13.60000000000055000 ) ) ;
#3144 = CARTESIAN_POINT ( 'NONE',  ( -9.799999999999982900, -1.200153863164404000E-015, 15.00000000000000000 ) ) ;
#3145 = DIRECTION ( 'NONE',  ( -0.7071067811865487900, -8.659560562354948900E-017, -0.7071067811865463500 ) ) ;
#3146 = CARTESIAN_POINT ( 'NONE',  ( -6.900000000000547500, -5.511169832049685300E-013, 14.79999999999997800 ) ) ;
#3147 = CARTESIAN_POINT ( 'NONE',  ( 10.50000000000023800, -3.897435053981281000, 13.59999999999986600 ) ) ;
#3148 = DIRECTION ( 'NONE',  ( -0.7071067811865322500, 8.659560562354745500E-017, 0.7071067811865627800 ) ) ;
#3149 = DIRECTION ( 'NONE',  ( -0.0000000000000000000, -0.0000000000000000000, -1.000000000000000000 ) ) ;
#3150 = DIRECTION ( 'NONE',  ( -1.000000000000000000, -0.0000000000000000000, -0.0000000000000000000 ) ) ;
#3151 = DIRECTION ( 'NONE',  ( 0.0000000000000000000, 0.0000000000000000000, 1.000000000000000000 ) ) ;
#3152 = CARTESIAN_POINT ( 'NONE',  ( -18.44133930342898600, -0.3980498936734002100, 15.45777861600592500 ) ) ;
#3153 = CARTESIAN_POINT ( 'NONE',  ( -18.37814784793037900, -1.242529887768001300, 15.28841706577415500 ) ) ;
#3154 = CARTESIAN_POINT ( 'NONE',  ( -18.33178444686585000, -1.649874332219279300, 15.16351355465680100 ) ) ;
#3155 = CARTESIAN_POINT ( 'NONE',  ( -18.24299505459078900, -2.239518233336913700, 14.91773477936242800 ) ) ;
#3156 = CARTESIAN_POINT ( 'NONE',  ( -18.21000651046530500, -2.433287834739507300, 14.82549965512460200 ) ) ;
#3157 = CARTESIAN_POINT ( 'NONE',  ( -18.13924350130449200, -2.807312805861961200, 14.62439696618563900 ) ) ;
#3158 = CARTESIAN_POINT ( 'NONE',  ( -18.10142501936888200, -2.988082436120572000, 14.51542134340440900 ) ) ;
#3159 = CARTESIAN_POINT ( 'NONE',  ( -17.98189438141124100, -3.512332820180359000, 14.16379748875499600 ) ) ;
#3160 = CARTESIAN_POINT ( 'NONE',  ( -17.89357608108569800, -3.839384175809897700, 13.89516089188359500 ) ) ;
#3161 = CARTESIAN_POINT ( 'NONE',  ( -17.80187230106410800, -4.138350989964002300, 13.59619407772930800 ) ) ;
#3162 = CARTESIAN_POINT ( 'NONE',  ( -4.457335501817834000, 0.4578430877476840100, 2.500000000014778400 ) ) ;
#3163 = DIRECTION ( 'NONE',  ( 0.2588190451025387800, 0.0000000000000000000, -0.9659258262890634300 ) ) ;
#3164 = CARTESIAN_POINT ( 'NONE',  ( 7.742664498179823200, 0.4578430877476840100, 9.000000000014551900 ) ) ;
#3165 = DIRECTION ( 'NONE',  ( -1.000000000000000000, -0.0000000000000000000, -0.0000000000000000000 ) ) ;
#3166 = DIRECTION ( 'NONE',  ( 0.0000000000000000000, 0.0000000000000000000, 1.000000000000000000 ) ) ;
#3167 = CARTESIAN_POINT ( 'NONE',  ( -4.457335501817834000, 0.4578430877476847800, 15.50000000001432500 ) ) ;
#3168 = CARTESIAN_POINT ( 'NONE',  ( -4.457335501817719400, 0.4578430877476840100, 14.50000000001182300 ) ) ;
#3169 = CARTESIAN_POINT ( 'NONE',  ( -13.45733550181817500, 5.457843087747856500, 8.949747468321806600 ) ) ;
#3170 = DIRECTION ( 'NONE',  ( 1.000000000000000000, -0.0000000000000000000, -0.0000000000000000000 ) ) ;
#3171 = DIRECTION ( 'NONE',  ( 0.0000000000000000000, 1.734723475976807700E-015, 1.000000000000000000 ) ) ;
#3172 = DIRECTION ( 'NONE',  ( -1.000000000000000000, -0.0000000000000000000, -0.0000000000000000000 ) ) ;
#3173 = DIRECTION ( 'NONE',  ( 0.2588190451025387800, 1.182917971378663900E-016, 0.9659258262890634300 ) ) ;
#3174 = CARTESIAN_POINT ( 'NONE',  ( 2.038378783889261300, 0.4578430877476840100, 9.000000000014551900 ) ) ;
#3175 = DIRECTION ( 'NONE',  ( -1.000000000000000000, -0.0000000000000000000, -0.0000000000000000000 ) ) ;
#3176 = DIRECTION ( 'NONE',  ( 0.0000000000000000000, 0.0000000000000000000, 1.000000000000000000 ) ) ;
#3177 = CARTESIAN_POINT ( 'NONE',  ( 5.542664498180006800, 0.4578430877476840100, 15.09857142858254500 ) ) ;
#3178 = DIRECTION ( 'NONE',  ( -0.9649226981605367700, 0.0000000000000000000, 0.2625341626809536400 ) ) ;
#3179 = CARTESIAN_POINT ( 'NONE',  ( 1.038378783889262000, 0.4578430877476840100, 9.000000000014551900 ) ) ;
#3180 = DIRECTION ( 'NONE',  ( -1.000000000000000000, -0.0000000000000000000, -0.0000000000000000000 ) ) ;
#3181 = DIRECTION ( 'NONE',  ( 0.0000000000000000000, 0.0000000000000000000, 1.000000000000000000 ) ) ;
#3182 = CARTESIAN_POINT ( 'NONE',  ( -18.95039255002240700, 6.977453074737783600, 9.874991226453165200 ) ) ;
#3183 = CARTESIAN_POINT ( 'NONE',  ( -17.55733550181999500, 0.4578430877476840100, 9.000000000014551900 ) ) ;
#3184 = DIRECTION ( 'NONE',  ( 1.000000000000000000, 0.0000000000000000000, 0.0000000000000000000 ) ) ;
#3185 = DIRECTION ( 'NONE',  ( 0.0000000000000000000, 0.0000000000000000000, -1.000000000000000000 ) ) ;
#3186 = CARTESIAN_POINT ( 'NONE',  ( -20.40859438061182700, 4.417641062391385100, 11.47487373416966200 ) ) ;
#3187 = CARTESIAN_POINT ( 'NONE',  ( -10.25369178522250000, 7.788372873316873800, 10.36396103069512600 ) ) ;
#3188 = CARTESIAN_POINT ( 'NONE',  ( -9.482610488018226000, 7.451389077461371400, 10.65882185206868900 ) ) ;
#3189 = CARTESIAN_POINT ( 'NONE',  ( -16.40334808110008400, 8.457843087747683300, 8.949747468321978900 ) ) ;
#3190 = CARTESIAN_POINT ( 'NONE',  ( -13.45733550181817500, 8.457843087747855600, 8.949747468321806600 ) ) ;
#3191 = CARTESIAN_POINT ( 'NONE',  ( -21.45733550181817500, 0.4578430877476840100, 15.50000000001614400 ) ) ;
#3192 = DIRECTION ( 'NONE',  ( -0.0000000000000000000, -0.0000000000000000000, -1.000000000000000000 ) ) ;
#3193 = CARTESIAN_POINT ( 'NONE',  ( -12.91186369196023000, 8.457843087747685100, 9.204868220876887700 ) ) ;
#3194 = CARTESIAN_POINT ( 'NONE',  ( -13.45733550181817500, 8.457843087747855600, 8.949747468321806600 ) ) ;
#3195 = CARTESIAN_POINT ( 'NONE',  ( -8.773761842176066100, 6.997893716013035900, 11.05563029333598000 ) ) ;
#3196 = CARTESIAN_POINT ( 'NONE',  ( -8.144611539457040200, 6.439060697879740200, 11.54460918420262100 ) ) ;
#3197 = CARTESIAN_POINT ( 'NONE',  ( -12.36772864924123800, 8.401983742973270000, 9.459407284564386800 ) ) ;
#3198 = CARTESIAN_POINT ( 'NONE',  ( -11.30113189781648100, 8.181016001860165000, 9.938108159180425000 ) ) ;
#3199 = CARTESIAN_POINT ( 'NONE',  ( -10.77546172962615100, 8.016400731165273200, 10.16443665507784100 ) ) ;
#3200 = CARTESIAN_POINT ( 'NONE',  ( -10.25369178522250000, 7.788372873316873800, 10.36396103069512600 ) ) ;
#3201 = CARTESIAN_POINT ( 'NONE',  ( -6.857335501813320600, 0.4578430877476830600, 1.614333666744016700E-011 ) ) ;
#3202 = DIRECTION ( 'NONE',  ( 0.0000000000000000000, 3.081487911019577400E-033, 1.000000000000000000 ) ) ;
#3203 = CARTESIAN_POINT ( 'NONE',  ( -3.787462520740159500, 0.4578430877476840100, 9.000000000014551900 ) ) ;
#3204 = DIRECTION ( 'NONE',  ( -1.000000000000000000, -0.0000000000000000000, -0.0000000000000000000 ) ) ;
#3205 = DIRECTION ( 'NONE',  ( 0.0000000000000000000, 0.0000000000000000000, 1.000000000000000000 ) ) ;
#3206 = CARTESIAN_POINT ( 'NONE',  ( 7.742664498179823200, 0.4578430877476840100, 9.000000000014551900 ) ) ;
#3207 = DIRECTION ( 'NONE',  ( -1.000000000000000000, -0.0000000000000000000, -0.0000000000000000000 ) ) ;
#3208 = DIRECTION ( 'NONE',  ( 0.0000000000000000000, 0.0000000000000000000, 1.000000000000000000 ) ) ;
#3209 = CARTESIAN_POINT ( 'NONE',  ( 11.54266449818000600, 0.4578430877476840100, 9.000000000014551900 ) ) ;
#3210 = DIRECTION ( 'NONE',  ( 1.000000000000000000, 0.0000000000000000000, 0.0000000000000000000 ) ) ;
#3211 = DIRECTION ( 'NONE',  ( 0.0000000000000000000, 0.0000000000000000000, -1.000000000000000000 ) ) ;
#3212 = CARTESIAN_POINT ( 'NONE',  ( -10.65414724979795700, -6.663477255812316500, 11.07106781188099400 ) ) ;
#3213 = CARTESIAN_POINT ( 'NONE',  ( -4.457335501818175100, 0.4578430877476829000, 9.000000000016143500 ) ) ;
#3214 = DIRECTION ( 'NONE',  ( 1.000000000000000000, 0.0000000000000000000, 0.0000000000000000000 ) ) ;
#3215 = DIRECTION ( 'NONE',  ( 0.0000000000000000000, 0.0000000000000000000, -1.000000000000000000 ) ) ;
#3216 = CARTESIAN_POINT ( 'NONE',  ( -11.05733550181817500, 4.957843087747684200, 9.000000000016143500 ) ) ;
#3217 = CARTESIAN_POINT ( 'NONE',  ( -13.45733550181735100, 0.4578430877476835600, -11.49608517498327700 ) ) ;
#3218 = DIRECTION ( 'NONE',  ( 0.0000000000000000000, 3.081487911019577400E-033, 1.000000000000000000 ) ) ;
#3219 = DIRECTION ( 'NONE',  ( -1.000000000000000000, -4.928191693112919400E-017, 0.0000000000000000000 ) ) ;
#3220 = CARTESIAN_POINT ( 'NONE',  ( -9.419282204232304800, -6.123807169230569300, 11.61073789846274300 ) ) ;
#3221 = CARTESIAN_POINT ( 'NONE',  ( -13.45733550181735100, 0.4578430877476835600, 1.614333666744016700E-011 ) ) ;
#3222 = DIRECTION ( 'NONE',  ( 0.0000000000000000000, 3.081487911019577400E-033, 1.000000000000000000 ) ) ;
#3223 = DIRECTION ( 'NONE',  ( -1.000000000000000000, -4.627692199631844700E-017, 0.0000000000000000000 ) ) ;
#3224 = CARTESIAN_POINT ( 'NONE',  ( -11.05733550181828700, 4.957843087747743700, 8.837734663267369200 ) ) ;
#3225 = CARTESIAN_POINT ( 'NONE',  ( -8.385839619169267700, -5.258860982182359800, 12.47568408551095200 ) ) ;
#3226 = CARTESIAN_POINT ( 'NONE',  ( -7.637112138406182600, -4.138350989964002300, 13.59619407772930800 ) ) ;
#3227 = CARTESIAN_POINT ( 'NONE',  ( -11.04078889936324100, 4.949111894045831400, 8.679075863372613500 ) ) ;
#3228 = CARTESIAN_POINT ( 'NONE',  ( -10.98017968011364500, 4.915969600898543000, 8.367864109048436900 ) ) ;
#3229 = CARTESIAN_POINT ( 'NONE',  ( -10.93571299002098000, 4.891273052026456000, 8.214082760345119600 ) ) ;
#3230 = CARTESIAN_POINT ( 'NONE',  ( -10.77439271108144500, 4.796891755635946300, 7.769339494109246400 ) ) ;
#3231 = CARTESIAN_POINT ( 'NONE',  ( -10.63340045594002700, 4.708844150475902000, 7.497272920415411200 ) ) ;
#3232 = CARTESIAN_POINT ( 'NONE',  ( -10.32692975604542200, 4.488498002955407400, 6.979351671980003500 ) ) ;
#3233 = CARTESIAN_POINT ( 'NONE',  ( -10.16220478931313500, 4.356745035357249700, 6.736675599728177300 ) ) ;
#3234 = CARTESIAN_POINT ( 'NONE',  ( -9.835753527034148300, 4.055546078474831600, 6.283272754132428700 ) ) ;
#3235 = CARTESIAN_POINT ( 'NONE',  ( -9.672528244667489600, 3.885303169956189500, 6.070921386281789000 ) ) ;
#3236 = CARTESIAN_POINT ( 'NONE',  ( -9.356052704174054200, 3.499508421518255900, 5.672049258507438900 ) ) ;
#3237 = CARTESIAN_POINT ( 'NONE',  ( -9.203078346218683600, 3.283664765777675400, 5.486193889965888600 ) ) ;
#3238 = CARTESIAN_POINT ( 'NONE',  ( -8.926665823014083400, 2.815173010257247200, 5.156161141336860400 ) ) ;
#3239 = CARTESIAN_POINT ( 'NONE',  ( -8.800957611220084700, 2.559381133497885800, 5.009298288557353400 ) ) ;
#3240 = CARTESIAN_POINT ( 'NONE',  ( -8.588383494313317700, 2.004330580875487200, 4.763192388007337500 ) ) ;
#3241 = CARTESIAN_POINT ( 'NONE',  ( -8.504161564458202700, 1.712565790411335200, 4.666994144370887600 ) ) ;
#3242 = CARTESIAN_POINT ( 'NONE',  ( -8.416879232083097400, 1.250538408453429200, 4.567568237433578200 ) ) ;
#3243 = CARTESIAN_POINT ( 'NONE',  ( -8.394378728937248000, 1.091643935636140500, 4.542019019572513200 ) ) ;
#3244 = CARTESIAN_POINT ( 'NONE',  ( -8.364748377779703100, 0.7753193591799648600, 4.508395970957167300 ) ) ;
#3245 = CARTESIAN_POINT ( 'NONE',  ( -8.357335501818177200, 0.6167730845832889400, 4.500000000014553700 ) ) ;
#3246 = CARTESIAN_POINT ( 'NONE',  ( -8.357335501818173600, 0.4578430877476840100, 4.500000000014551900 ) ) ;
#3247 = DIRECTION ( 'NONE',  ( 0.7071067811865474600, 3.218707956393049300E-017, -0.7071067811865475700 ) ) ;
#3248 = CARTESIAN_POINT ( 'NONE',  ( -5.257335501814860200, 0.4578430877476839500, 1.614333666744016700E-011 ) ) ;
#3249 = CARTESIAN_POINT ( 'NONE',  ( -13.45733550181735100, 0.4578430877476835600, -1.499999999983998600 ) ) ;
#3250 = DIRECTION ( 'NONE',  ( 0.0000000000000000000, 3.081487911019577400E-033, 1.000000000000000000 ) ) ;
#3251 = DIRECTION ( 'NONE',  ( -1.000000000000000000, -4.517509052021524600E-017, 0.0000000000000000000 ) ) ;
#3252 = DIRECTION ( 'NONE',  ( -0.5000000000000010000, -8.399204218361403400E-017, -0.8660254037844380400 ) ) ;
#3253 = CARTESIAN_POINT ( 'NONE',  ( -20.05733550182138100, 0.4578430877476832300, -11.49608517498327700 ) ) ;
#3254 = CARTESIAN_POINT ( 'NONE',  ( 2.038378783889261300, 0.4578430877476840100, 9.000000000014551900 ) ) ;
#3255 = DIRECTION ( 'NONE',  ( -1.000000000000000000, -0.0000000000000000000, -0.0000000000000000000 ) ) ;
#3256 = DIRECTION ( 'NONE',  ( 0.0000000000000000000, 0.0000000000000000000, 1.000000000000000000 ) ) ;
#3257 = CARTESIAN_POINT ( 'NONE',  ( -18.85733550181817400, 0.4578430877476826200, -11.99608517498327800 ) ) ;
#3258 = DIRECTION ( 'NONE',  ( -0.7071067811865474600, -3.218707956393049300E-017, 0.7071067811865475700 ) ) ;
#3259 = CARTESIAN_POINT ( 'NONE',  ( -4.457335501818175100, -4.138350989964002300, 13.59619407772930800 ) ) ;
#3260 = DIRECTION ( 'NONE',  ( -1.000000000000000000, 0.0000000000000000000, 0.0000000000000000000 ) ) ;
#3261 = CARTESIAN_POINT ( 'NONE',  ( -8.057335501818174700, 0.4578430877476838400, -11.99608517498327800 ) ) ;
#3262 = CARTESIAN_POINT ( 'NONE',  ( 7.742664498179823200, 0.4578430877476840100, 9.000000000014551900 ) ) ;
#3263 = DIRECTION ( 'NONE',  ( -1.000000000000000000, -0.0000000000000000000, -0.0000000000000000000 ) ) ;
#3264 = DIRECTION ( 'NONE',  ( 0.0000000000000000000, 0.0000000000000000000, 1.000000000000000000 ) ) ;
#3265 = CARTESIAN_POINT ( 'NONE',  ( -19.35733550182429100, 0.4578430877476825600, -8.496085174983333500 ) ) ;
#3266 = DIRECTION ( 'NONE',  ( 0.5000000000000010000, 2.275970222624624100E-017, -0.8660254037844380400 ) ) ;
#3267 = CARTESIAN_POINT ( 'NONE',  ( 10.49999999999913700, 3.897435053980424300, 15.00000000000000000 ) ) ;
#3268 = CARTESIAN_POINT ( 'NONE',  ( 10.49999999999913500, 3.897435053981196600, 0.6999999999986793500 ) ) ;
#3269 = DIRECTION ( 'NONE',  ( -0.0000000000000000000, -0.0000000000000000000, -1.000000000000000000 ) ) ;
#3270 = CARTESIAN_POINT ( 'NONE',  ( 7.742664498179823200, 0.4578430877476847300, 2.901428571446557700 ) ) ;
#3271 = DIRECTION ( 'NONE',  ( -0.9649226981603467000, 3.215116219949162500E-017, -0.2625341626816525300 ) ) ;
#3272 = CARTESIAN_POINT ( 'NONE',  ( 10.49999999999922400, 3.270849987439211800, 0.4819576247634444500 ) ) ;
#3273 = CARTESIAN_POINT ( 'NONE',  ( 10.49999999999931400, 2.633653492070100900, 0.3063422214050349200 ) ) ;
#3274 = CARTESIAN_POINT ( 'NONE',  ( 10.49999999999949700, 1.331830100844952200, 0.06478456511767354000 ) ) ;
#3275 = CARTESIAN_POINT ( 'NONE',  ( 10.49999999999959300, 0.6620329089607419600, -3.151267495647008800E-013 ) ) ;
#3276 = CARTESIAN_POINT ( 'NONE',  ( 10.49999999999968700, 1.486167596396598200E-012, 0.0000000000000000000 ) ) ;
#3277 = DIRECTION ( 'NONE',  ( -0.0000000000000000000, -0.0000000000000000000, -1.000000000000000000 ) ) ;
#3278 = CARTESIAN_POINT ( 'NONE',  ( 0.0000000000000000000, 0.0000000000000000000, 13.60000000000055200 ) ) ;
#3279 = DIRECTION ( 'NONE',  ( -0.0000000000000000000, -0.0000000000000000000, 1.000000000000000000 ) ) ;
#3280 = DIRECTION ( 'NONE',  ( -1.000000000000000000, 0.0000000000000000000, 0.0000000000000000000 ) ) ;
#3281 = CARTESIAN_POINT ( 'NONE',  ( -8.625277766347004200, -7.144549212746737200, 15.00000000000000000 ) ) ;
#3282 = CARTESIAN_POINT ( 'NONE',  ( 0.0000000000000000000, 0.0000000000000000000, 0.6999999999994330800 ) ) ;
#3283 = DIRECTION ( 'NONE',  ( -0.0000000000000000000, -0.0000000000000000000, -1.000000000000000000 ) ) ;
#3284 = DIRECTION ( 'NONE',  ( 1.000000000000000000, -3.552713678800500900E-015, 0.0000000000000000000 ) ) ;
#3285 = DIRECTION ( 'NONE',  ( -0.0000000000000000000, -0.0000000000000000000, -1.000000000000000000 ) ) ;
#3286 = CARTESIAN_POINT ( 'NONE',  ( 0.0000000000000000000, 0.0000000000000000000, 0.6999999999995371000 ) ) ;
#3287 = DIRECTION ( 'NONE',  ( -0.0000000000000000000, -0.0000000000000000000, -1.000000000000000000 ) ) ;
#3288 = DIRECTION ( 'NONE',  ( 1.000000000000000000, 0.0000000000000000000, 0.0000000000000000000 ) ) ;
#3289 = CARTESIAN_POINT ( 'NONE',  ( -1.874722233652880200, 11.04198426672607300, 13.60000000000094300 ) ) ;
#3290 = CARTESIAN_POINT ( 'NONE',  ( -2.967537912163939100, 10.41104684056307100, 14.03911386457164000 ) ) ;
#3291 = CARTESIAN_POINT ( 'NONE',  ( 0.0000000000000000000, 0.0000000000000000000, 13.60000000000044700 ) ) ;
#3292 = DIRECTION ( 'NONE',  ( -0.0000000000000000000, -0.0000000000000000000, 1.000000000000000000 ) ) ;
#3293 = DIRECTION ( 'NONE',  ( -1.000000000000000000, 1.065814103640150100E-014, 0.0000000000000000000 ) ) ;
#3294 = CARTESIAN_POINT ( 'NONE',  ( -13.45733550181817500, -7.542156912252771400, 8.949747468321406900 ) ) ;
#3295 = CARTESIAN_POINT ( 'NONE',  ( -4.087202626846395700, 9.764608116139028100, 14.29938839687376600 ) ) ;
#3296 = CARTESIAN_POINT ( 'NONE',  ( -5.535512515109053000, 8.928426012280585400, 14.30015153427140900 ) ) ;
#3297 = CARTESIAN_POINT ( 'NONE',  ( -5.825073894912356400, 8.761247671704234500, 14.28416248352597700 ) ) ;
#3298 = CARTESIAN_POINT ( 'NONE',  ( -6.397116055344904200, 8.430978976390679900, 14.22189088954724300 ) ) ;
#3299 = CARTESIAN_POINT ( 'NONE',  ( -6.680702295411939500, 8.267250384349504000, 14.17562818327255800 ) ) ;
#3300 = CARTESIAN_POINT ( 'NONE',  ( -7.524773393626592400, 7.779925708580092800, 13.99529193606107600 ) ) ;
#3301 = CARTESIAN_POINT ( 'NONE',  ( -8.078571677307154500, 7.460190120420371300, 13.81967677465109600 ) ) ;
#3302 = CARTESIAN_POINT ( 'NONE',  ( -8.625277766347414500, 7.144549212745523000, 13.60000000000044700 ) ) ;
#3303 = CARTESIAN_POINT ( 'NONE',  ( -8.357335501818173600, 0.4578430877476840100, 4.500000000014551900 ) ) ;
#3304 = CARTESIAN_POINT ( 'NONE',  ( -8.357335501818173600, 0.1405006164825506900, 4.500000000014552800 ) ) ;
#3305 = CARTESIAN_POINT ( 'NONE',  ( 0.0000000000000000000, 0.0000000000000000000, 0.6999999999995371000 ) ) ;
#3306 = DIRECTION ( 'NONE',  ( -0.0000000000000000000, -0.0000000000000000000, -1.000000000000000000 ) ) ;
#3307 = DIRECTION ( 'NONE',  ( 1.000000000000000000, 5.329070518200750600E-015, 0.0000000000000000000 ) ) ;
#3308 = CARTESIAN_POINT ( 'NONE',  ( -16.40334808110027300, -7.542156912252316700, 8.949747468321708900 ) ) ;
#3309 = CARTESIAN_POINT ( 'NONE',  ( -8.388103037613854300, -0.1825415022121113000, 4.534788382178561500 ) ) ;
#3310 = CARTESIAN_POINT ( 'NONE',  ( -8.474921612051913300, -0.6420907197446025200, 4.633686059982937700 ) ) ;
#3311 = CARTESIAN_POINT ( 'NONE',  ( -8.510500102277596600, -0.7920051034689322700, 4.674294217209880900 ) ) ;
#3312 = CARTESIAN_POINT ( 'NONE',  ( -8.594106071877110500, -1.085627185043585900, 4.770159513957557900 ) ) ;
#3313 = CARTESIAN_POINT ( 'NONE',  ( -8.642387885024955800, -1.229795504475150500, 4.825712798375724000 ) ) ;
#3314 = CARTESIAN_POINT ( 'NONE',  ( -8.801110501933539600, -1.643810316631757900, 5.009480784829309000 ) ) ;
#3315 = CARTESIAN_POINT ( 'NONE',  ( -8.926055798150692100, -1.898674127045909300, 5.155415626346829100 ) ) ;
#3316 = CARTESIAN_POINT ( 'NONE',  ( -9.205815362515050300, -2.372394648130236900, 5.489479134347861900 ) ) ;
#3317 = CARTESIAN_POINT ( 'NONE',  ( -9.356506824494042400, -2.584291898334445800, 5.672642138533940500 ) ) ;
#3318 = CARTESIAN_POINT ( 'NONE',  ( -9.670687339733799300, -2.967456433592299700, 6.068580753129212200 ) ) ;
#3319 = CARTESIAN_POINT ( 'NONE',  ( -9.834783082769279300, -3.139026271549517400, 6.281878235107470200 ) ) ;
#3320 = CARTESIAN_POINT ( 'NONE',  ( -10.16469491124571800, -3.443294330739739500, 6.740180989830343500 ) ) ;
#3321 = CARTESIAN_POINT ( 'NONE',  ( -10.32737888271386800, -3.573058514871807000, 6.980329375815944800 ) ) ;
#3322 = CARTESIAN_POINT ( 'NONE',  ( -10.63021630962560800, -3.790944179298252800, 7.491675127966262300 ) ) ;
#3323 = CARTESIAN_POINT ( 'NONE',  ( -10.77200729764852100, -3.879759060591081900, 7.763934791493134000 ) ) ;
#3324 = CARTESIAN_POINT ( 'NONE',  ( -10.93461187664564000, -3.974967589615139300, 8.210473624327404400 ) ) ;
#3325 = CARTESIAN_POINT ( 'NONE',  ( -10.97888139890198300, -3.999565615855147400, 8.362623263294198100 ) ) ;
#3326 = CARTESIAN_POINT ( 'NONE',  ( -11.04034467254702000, -4.033190470625656100, 8.675409437873460300 ) ) ;
#3327 = CARTESIAN_POINT ( 'NONE',  ( -11.05733550181828300, -4.042156912252371700, 8.837446782718148000 ) ) ;
#3328 = CARTESIAN_POINT ( 'NONE',  ( -11.05733550181817500, -4.042156912252314900, 9.000000000016143500 ) ) ;
#3329 = CARTESIAN_POINT ( 'NONE',  ( 11.04266449818000800, 0.4578430877476840100, 14.50000000001182300 ) ) ;
#3330 = DIRECTION ( 'NONE',  ( -0.7071067811865463500, 0.0000000000000000000, 0.7071067811865487900 ) ) ;
#3331 = CARTESIAN_POINT ( 'NONE',  ( -4.457335501818175100, 7.579163431307158300, 11.07106781188178800 ) ) ;
#3332 = DIRECTION ( 'NONE',  ( -1.000000000000000000, 0.0000000000000000000, 0.0000000000000000000 ) ) ;
#3333 = CARTESIAN_POINT ( 'NONE',  ( -18.95039255002272000, -6.061766899242242900, 9.874991226453005300 ) ) ;
#3334 = CARTESIAN_POINT ( 'NONE',  ( -20.40859438061202300, -3.501954886895683100, 11.47487373416987200 ) ) ;
#3335 = CARTESIAN_POINT ( 'NONE',  ( -9.207335501818599600, -6.903372844419309700, -7.999999999964727800 ) ) ;
#3336 = CARTESIAN_POINT ( 'NONE',  ( -8.428502025858199100, -6.453713127419676200, -7.999999999965568000 ) ) ;
#3337 = CARTESIAN_POINT ( 'NONE',  ( -13.45733550181817500, 0.4578430877476835600, -1.899999999983805300 ) ) ;
#3338 = DIRECTION ( 'NONE',  ( 0.0000000000000000000, -3.081487911019577400E-033, -1.000000000000000000 ) ) ;
#3339 = DIRECTION ( 'NONE',  ( 1.000000000000000000, 4.263716408650951800E-017, 0.0000000000000000000 ) ) ;
#3340 = CARTESIAN_POINT ( 'NONE',  ( -7.668399371291732400, -6.014867655193977900, -7.855272431674267300 ) ) ;
#3341 = CARTESIAN_POINT ( 'NONE',  ( -6.922603570057599900, -5.584282248590958500, -7.599999999964918400 ) ) ;
#3342 = CARTESIAN_POINT ( 'NONE',  ( -19.99206743358080400, 6.499968424083338200, -1.499999999964727500 ) ) ;
#3343 = DIRECTION ( 'NONE',  ( 0.0000000000000000000, -3.081487911019578000E-033, -1.000000000000000000 ) ) ;
#3344 = CARTESIAN_POINT ( 'NONE',  ( -13.45733550181817500, 0.4578430877476835600, -1.499999999983998600 ) ) ;
#3345 = DIRECTION ( 'NONE',  ( 0.0000000000000000000, 3.081487911019577400E-033, 1.000000000000000000 ) ) ;
#3346 = DIRECTION ( 'NONE',  ( -1.000000000000000000, -4.464361886705018100E-017, 0.0000000000000000000 ) ) ;
#3347 = CARTESIAN_POINT ( 'NONE',  ( -13.45733550181735100, 0.4578430877476835600, -0.1999999999839872900 ) ) ;
#3348 = DIRECTION ( 'NONE',  ( 0.0000000000000000000, 3.081487911019577400E-033, 1.000000000000000000 ) ) ;
#3349 = DIRECTION ( 'NONE',  ( -1.000000000000000000, -4.517509052021524600E-017, 0.0000000000000000000 ) ) ;
#3350 = CARTESIAN_POINT ( 'NONE',  ( -4.957335501818441500, 3.096024279401105700, -1.499999999964727500 ) ) ;
#3351 = DIRECTION ( 'NONE',  ( 0.0000000000000000000, -3.081487911019578000E-033, -1.000000000000000000 ) ) ;
#3352 = CARTESIAN_POINT ( 'NONE',  ( -13.45733550181735100, 0.4578430877476835600, 1.614333666744016700E-011 ) ) ;
#3353 = DIRECTION ( 'NONE',  ( 0.0000000000000000000, 3.081487911019577400E-033, 1.000000000000000000 ) ) ;
#3354 = DIRECTION ( 'NONE',  ( -1.000000000000000000, -4.627692199631844700E-017, 0.0000000000000000000 ) ) ;
#3355 = CARTESIAN_POINT ( 'NONE',  ( -13.45733550181817500, 0.4578430877476835600, -1.899999999983897200 ) ) ;
#3356 = DIRECTION ( 'NONE',  ( 0.0000000000000000000, -3.081487911019577400E-033, -1.000000000000000000 ) ) ;
#3357 = DIRECTION ( 'NONE',  ( 1.000000000000000000, 4.263716408650907400E-017, 0.0000000000000000000 ) ) ;
#3358 = CARTESIAN_POINT ( 'NONE',  ( -13.45733550181817500, 0.4578430877476835600, -1.899999999985118500 ) ) ;
#3359 = DIRECTION ( 'NONE',  ( 0.0000000000000000000, -3.081487911019577400E-033, -1.000000000000000000 ) ) ;
#3360 = DIRECTION ( 'NONE',  ( 1.000000000000000000, 4.263716408650321900E-017, 0.0000000000000000000 ) ) ;
#3361 = CARTESIAN_POINT ( 'NONE',  ( -13.45733550181735100, 0.4578430877476835600, -9.028927531818652600 ) ) ;
#3362 = DIRECTION ( 'NONE',  ( 0.0000000000000000000, 3.081487911019577400E-033, 1.000000000000000000 ) ) ;
#3363 = DIRECTION ( 'NONE',  ( -1.000000000000000000, -4.928191693112921300E-017, 0.0000000000000000000 ) ) ;
#3364 = CARTESIAN_POINT ( 'NONE',  ( -13.45733550181817500, 0.4578430877476835600, -7.999999999964727800 ) ) ;
#3365 = DIRECTION ( 'NONE',  ( 0.0000000000000000000, -3.081487911019577400E-033, -1.000000000000000000 ) ) ;
#3366 = DIRECTION ( 'NONE',  ( 1.000000000000000000, 4.464361886705018100E-017, 0.0000000000000000000 ) ) ;
#3367 = CARTESIAN_POINT ( 'NONE',  ( -17.70733550181935100, -6.903372844422086100, -1.499999999983998600 ) ) ;
#3368 = CARTESIAN_POINT ( 'NONE',  ( -18.48616897777877100, -6.453713127423021100, -1.499999999986314700 ) ) ;
#3369 = CARTESIAN_POINT ( 'NONE',  ( -13.45733550181817500, 0.4578430877476835600, -1.899999999981756500 ) ) ;
#3370 = DIRECTION ( 'NONE',  ( 0.0000000000000000000, -3.081487911019577400E-033, -1.000000000000000000 ) ) ;
#3371 = DIRECTION ( 'NONE',  ( 1.000000000000000000, 4.263716408651932900E-017, 0.0000000000000000000 ) ) ;
#3372 = CARTESIAN_POINT ( 'NONE',  ( -21.95733550181745700, -2.180338103908871200, -1.899999999983897200 ) ) ;
#3373 = CARTESIAN_POINT ( 'NONE',  ( -19.24627163234466200, -6.014867655197655000, -1.644727568277293300 ) ) ;
#3374 = CARTESIAN_POINT ( 'NONE',  ( -19.99206743357821000, -5.584282248594972100, -1.899999999986138600 ) ) ;
#3375 = CARTESIAN_POINT ( 'NONE',  ( -15.42260357006624700, -8.222463440243400300, -1.899999999981756500 ) ) ;
#3376 = CARTESIAN_POINT ( 'NONE',  ( -16.16796440102228500, -7.792129163850000300, -1.644876450745439200 ) ) ;
#3377 = CARTESIAN_POINT ( 'NONE',  ( -13.45733550181817500, 0.4578430877476835600, -1.499999999983998600 ) ) ;
#3378 = DIRECTION ( 'NONE',  ( 0.0000000000000000000, 3.081487911019577400E-033, 1.000000000000000000 ) ) ;
#3379 = DIRECTION ( 'NONE',  ( -1.000000000000000000, -4.464361886705018100E-017, 0.0000000000000000000 ) ) ;
#3380 = CARTESIAN_POINT ( 'NONE',  ( -21.95733550181910600, -1.752985377304338500, -1.773322030824689500 ) ) ;
#3381 = CARTESIAN_POINT ( 'NONE',  ( -16.92904730739687100, -7.352717742979011800, -1.499999999986389100 ) ) ;
#3382 = CARTESIAN_POINT ( 'NONE',  ( -17.70733550181935100, -6.903372844422086100, -1.499999999983998600 ) ) ;
#3383 = CARTESIAN_POINT ( 'NONE',  ( -9.986168977776387100, 8.268718736912413500, -7.999999999965890400 ) ) ;
#3384 = CARTESIAN_POINT ( 'NONE',  ( -9.207335501818766600, 7.819059019914391200, -7.999999999964727800 ) ) ;
#3385 = CARTESIAN_POINT ( 'NONE',  ( -21.95733550181910200, -1.319943859272017000, -1.673043460548928800 ) ) ;
#3386 = CARTESIAN_POINT ( 'NONE',  ( -21.95733550181909900, -0.4401212776435515800, -1.536246039161112400 ) ) ;
#3387 = CARTESIAN_POINT ( 'NONE',  ( -21.95733550181910200, 0.01043451368307819800, -1.499999999985018400 ) ) ;
#3388 = CARTESIAN_POINT ( 'NONE',  ( -21.95733550181910200, 0.4578430877476831800, -1.499999999964727500 ) ) ;
#3389 = CARTESIAN_POINT ( 'NONE',  ( -6.922603570059557400, 6.499968424087077400, -1.499999999964727500 ) ) ;
#3390 = DIRECTION ( 'NONE',  ( 0.0000000000000000000, -3.081487911019578000E-033, -1.000000000000000000 ) ) ;
#3391 = CARTESIAN_POINT ( 'NONE',  ( -10.74627163234022500, 8.707564209136593900, -7.855272431675635900 ) ) ;
#3392 = CARTESIAN_POINT ( 'NONE',  ( -11.49206743357053500, 9.138149615739873600, -7.599999999965985100 ) ) ;
#3393 = CARTESIAN_POINT ( 'NONE',  ( -4.957335501820030500, -2.180338103908748200, -1.499999999964727500 ) ) ;
#3394 = DIRECTION ( 'NONE',  ( 0.0000000000000000000, -3.081487911019578000E-033, -1.000000000000000000 ) ) ;
#3395 = CARTESIAN_POINT ( 'NONE',  ( -13.45733550181735100, 0.4578430877476835600, -11.49608517498327700 ) ) ;
#3396 = DIRECTION ( 'NONE',  ( 0.0000000000000000000, 3.081487911019577400E-033, 1.000000000000000000 ) ) ;
#3397 = DIRECTION ( 'NONE',  ( -1.000000000000000000, -4.928191693112919400E-017, 0.0000000000000000000 ) ) ;
#3398 = CARTESIAN_POINT ( 'NONE',  ( -11.49206743357864000, -8.222463440247098600, -1.499999999964727500 ) ) ;
#3399 = CARTESIAN_POINT ( 'NONE',  ( -13.45733550181817500, 0.4578430877476835600, -11.99608517498327800 ) ) ;
#3400 = DIRECTION ( 'NONE',  ( 0.0000000000000000000, -3.081487911019577400E-033, -1.000000000000000000 ) ) ;
#3401 = DIRECTION ( 'NONE',  ( 1.000000000000000000, 5.019454502247705400E-017, 0.0000000000000000000 ) ) ;
#3402 = CARTESIAN_POINT ( 'NONE',  ( -9.207335501818599600, -6.903372844419309700, -1.499999999983998600 ) ) ;
#3403 = CARTESIAN_POINT ( 'NONE',  ( -9.986168977778657300, -7.353032561418736200, -1.499999999983159000 ) ) ;
#3404 = CARTESIAN_POINT ( 'NONE',  ( -13.45733550181735100, 0.4578430877476835600, -1.499999999983998600 ) ) ;
#3405 = DIRECTION ( 'NONE',  ( 0.0000000000000000000, 3.081487911019577400E-033, 1.000000000000000000 ) ) ;
#3406 = DIRECTION ( 'NONE',  ( -1.000000000000000000, -4.517509052021524600E-017, 0.0000000000000000000 ) ) ;
#3407 = DIRECTION ( 'NONE',  ( 0.0000000000000000000, -3.081487911019578000E-033, -1.000000000000000000 ) ) ;
#3408 = CARTESIAN_POINT ( 'NONE',  ( -10.74627163234480200, -7.791878033644251500, -1.644727568274328100 ) ) ;
#3409 = CARTESIAN_POINT ( 'NONE',  ( -11.49206743357864000, -8.222463440247098600, -1.899999999983479100 ) ) ;
#3410 = CARTESIAN_POINT ( 'NONE',  ( -21.95733550181910200, 3.096024279400375600, -1.499999999964727500 ) ) ;
#3411 = DIRECTION ( 'NONE',  ( 0.0000000000000000000, -3.081487911019578000E-033, -1.000000000000000000 ) ) ;
#3412 = CARTESIAN_POINT ( 'NONE',  ( -15.42260357005976000, 9.138149615739479300, -1.499999999964727500 ) ) ;
#3413 = DIRECTION ( 'NONE',  ( 0.0000000000000000000, -3.081487911019578000E-033, -1.000000000000000000 ) ) ;
#3414 = CARTESIAN_POINT ( 'NONE',  ( -6.922603570057599000, -5.584282248590958500, -1.499999999964727500 ) ) ;
#3415 = DIRECTION ( 'NONE',  ( 0.0000000000000000000, -3.081487911019578000E-033, -1.000000000000000000 ) ) ;
#3416 = CARTESIAN_POINT ( 'NONE',  ( -13.45733550181817500, 0.4578430877476835600, -1.499999999983998600 ) ) ;
#3417 = DIRECTION ( 'NONE',  ( 0.0000000000000000000, 3.081487911019577400E-033, 1.000000000000000000 ) ) ;
#3418 = DIRECTION ( 'NONE',  ( -1.000000000000000000, -4.464361886705018100E-017, 0.0000000000000000000 ) ) ;
#3419 = CARTESIAN_POINT ( 'NONE',  ( -19.15733550181992200, 0.4578430877476832900, 1.614333666744016700E-011 ) ) ;
#3420 = DIRECTION ( 'NONE',  ( 0.0000000000000000000, 3.081487911019577400E-033, 1.000000000000000000 ) ) ;
#3421 = CARTESIAN_POINT ( 'NONE',  ( -19.99206743357821000, -5.584282248594972100, -1.499999999964727500 ) ) ;
#3422 = DIRECTION ( 'NONE',  ( 0.0000000000000000000, -3.081487911019578000E-033, -1.000000000000000000 ) ) ;
#3423 = CARTESIAN_POINT ( 'NONE',  ( -21.95733550181910200, -2.180338103909380500, -1.499999999964727500 ) ) ;
#3424 = DIRECTION ( 'NONE',  ( 0.0000000000000000000, -3.081487911019578000E-033, -1.000000000000000000 ) ) ;
#3425 =( LENGTH_UNIT ( ) NAMED_UNIT ( * ) SI_UNIT ( .MILLI., .METRE. ) );
#3426 = CARTESIAN_POINT ( 'NONE',  ( -13.45733550181817500, 0.4578430877476835600, 1.614333666744016700E-011 ) ) ;
#3427 = DIRECTION ( 'NONE',  ( 0.0000000000000000000, 3.081487911019577400E-033, 1.000000000000000000 ) ) ;
#3428 = DIRECTION ( 'NONE',  ( -1.000000000000000000, -4.613626265895764500E-017, 0.0000000000000000000 ) ) ;
#3429 =( LENGTH_UNIT ( ) NAMED_UNIT ( * ) SI_UNIT ( .MILLI., .METRE. ) );
#3430 = CARTESIAN_POINT ( 'NONE',  ( -13.45733550181817500, 0.4578430877476835600, -1.899999999982741900 ) ) ;
#3431 = DIRECTION ( 'NONE',  ( 0.0000000000000000000, -3.081487911019577400E-033, -1.000000000000000000 ) ) ;
#3432 = DIRECTION ( 'NONE',  ( 1.000000000000000000, 4.263716408651460900E-017, 0.0000000000000000000 ) ) ;
#3433 =( NAMED_UNIT ( * ) PLANE_ANGLE_UNIT ( ) SI_UNIT ( $, .RADIAN. ) );
#3434 =( NAMED_UNIT ( * ) SI_UNIT ( $, .STERADIAN. ) SOLID_ANGLE_UNIT ( ) );
#3435 = CARTESIAN_POINT ( 'NONE',  ( 0.0000000000000000000, 0.0000000000000000000, 0.0000000000000000000 ) ) ;
#3436 = DIRECTION ( 'NONE',  ( 0.0000000000000000000, 0.0000000000000000000, 1.000000000000000000 ) ) ;
#3437 = DIRECTION ( 'NONE',  ( 1.000000000000000000, 0.0000000000000000000, 0.0000000000000000000 ) ) ;
#3438 =( NAMED_UNIT ( * ) PLANE_ANGLE_UNIT ( ) SI_UNIT ( $, .RADIAN. ) );
#3439 =( NAMED_UNIT ( * ) SI_UNIT ( $, .STERADIAN. ) SOLID_ANGLE_UNIT ( ) );
#3440 = CARTESIAN_POINT ( 'NONE',  ( 0.0000000000000000000, 0.0000000000000000000, 0.0000000000000000000 ) ) ;
#3441 = DIRECTION ( 'NONE',  ( 0.0000000000000000000, 0.0000000000000000000, 1.000000000000000000 ) ) ;
#3442 = DIRECTION ( 'NONE',  ( 1.000000000000000000, 0.0000000000000000000, 0.0000000000000000000 ) ) ;
#3443 = CARTESIAN_POINT ( 'NONE',  ( 0.0000000000000000000, 0.0000000000000000000, 0.0000000000000000000 ) ) ;
#3444 = DIRECTION ( 'NONE',  ( 0.0000000000000000000, 0.0000000000000000000, 1.000000000000000000 ) ) ;
#3445 = DIRECTION ( 'NONE',  ( 1.000000000000000000, 0.0000000000000000000, 0.0000000000000000000 ) ) ;
#3446 = CARTESIAN_POINT ( 'NONE',  ( 5.143227901236283400, -1.980398601600191100, -3.001957412514259200 ) ) ;
#3447 = DIRECTION ( 'NONE',  ( 0.0000000000000000000, 0.0000000000000000000, 1.000000000000000000 ) ) ;
#3448 = DIRECTION ( 'NONE',  ( 1.000000000000000000, 0.0000000000000000000, 0.0000000000000000000 ) ) ;
#3449 = CARTESIAN_POINT ( 'NONE',  ( 1.134823049259005000, -1.522555513851980200, 5.998042587499969400 ) ) ;
#3450 = DIRECTION ( 'NONE',  ( 1.000000000000000000, 0.0000000000000000000, 0.0000000000000000000 ) ) ;
#3451 = DIRECTION ( 'NONE',  ( 0.0000000000000000000, -0.09354013962248433600, -0.9956155092601792800 ) ) ;
#3452 =( LENGTH_UNIT ( ) NAMED_UNIT ( * ) SI_UNIT ( .MILLI., .METRE. ) );
#3453 =( NAMED_UNIT ( * ) PLANE_ANGLE_UNIT ( ) SI_UNIT ( $, .RADIAN. ) );
#3454 =( NAMED_UNIT ( * ) SI_UNIT ( $, .STERADIAN. ) SOLID_ANGLE_UNIT ( ) );
#3455 = CARTESIAN_POINT ( 'NONE',  ( 0.0000000000000000000, 0.0000000000000000000, 0.0000000000000000000 ) ) ;
#3456 = DIRECTION ( 'NONE',  ( 0.0000000000000000000, 0.0000000000000000000, 1.000000000000000000 ) ) ;
#3457 = DIRECTION ( 'NONE',  ( 1.000000000000000000, 0.0000000000000000000, 0.0000000000000000000 ) ) ;
#3458 = APPLICATION_CONTEXT ( 'configuration controlled 3d designs of mechanical parts and assemblies' ) ;
#3459 = APPLICATION_CONTEXT ( 'configuration controlled 3d designs of mechanical parts and assemblies' ) ;
#3460 = APPLICATION_CONTEXT ( 'configuration controlled 3d designs of mechanical parts and assemblies' ) ;
#3461 = APPLICATION_PROTOCOL_DEFINITION ( 'international standard', 'config_control_design', 1994, #3460 ) ;
#3462 = MECHANICAL_CONTEXT ( 'NONE', #3460, 'mechanical' ) ;
#3463 = PERSON_AND_ORGANIZATION_ROLE ( 'design_owner' ) ;
#3464 = APPLICATION_CONTEXT ( 'configuration controlled 3d designs of mechanical parts and assemblies' ) ;
#3465 = APPLICATION_PROTOCOL_DEFINITION ( 'international standard', 'config_control_design', 1994, #3464 ) ;
#3466 = APPROVAL_STATUS ( 'not_yet_approved' ) ;
#3467 = APPROVAL_ROLE ( '' ) ;
#3468 = PERSON_AND_ORGANIZATION_ROLE ( 'creator' ) ;
#3469 = DATE_TIME_ROLE ( 'creation_date' ) ;
#3470 = APPROVAL_STATUS ( 'not_yet_approved' ) ;
#3471 = APPROVAL_ROLE ( '' ) ;
#3472 = PERSON_AND_ORGANIZATION_ROLE ( 'creator' ) ;
#3473 = PERSON_AND_ORGANIZATION_ROLE ( 'design_supplier' ) ;
#3474 = SECURITY_CLASSIFICATION_LEVEL ( 'unclassified' ) ;
#3475 = PERSON_AND_ORGANIZATION_ROLE ( 'classification_officer' ) ;
#3476 = DATE_TIME_ROLE ( 'classification_date' ) ;
#3477 = APPROVAL_STATUS ( 'not_yet_approved' ) ;
#3478 = APPROVAL_ROLE ( '' ) ;
#3479 = APPLICATION_PROTOCOL_DEFINITION ( 'international standard', 'config_control_design', 1994, #3458 ) ;
#3480 = MECHANICAL_CONTEXT ( 'NONE', #3458, 'mechanical' ) ;
#3481 = PERSON_AND_ORGANIZATION_ROLE ( 'design_owner' ) ;
#3482 = APPLICATION_CONTEXT ( 'configuration controlled 3d designs of mechanical parts and assemblies' ) ;
#3483 = APPLICATION_PROTOCOL_DEFINITION ( 'international standard', 'config_control_design', 1994, #3482 ) ;
#3484 = APPROVAL_STATUS ( 'not_yet_approved' ) ;
#3485 = APPROVAL_ROLE ( '' ) ;
#3486 = PERSON_AND_ORGANIZATION_ROLE ( 'creator' ) ;
#3487 = DATE_TIME_ROLE ( 'creation_date' ) ;
#3488 = APPROVAL_STATUS ( 'not_yet_approved' ) ;
#3489 = APPROVAL_ROLE ( '' ) ;
#3490 = PERSON_AND_ORGANIZATION_ROLE ( 'creator' ) ;
#3491 = PERSON_AND_ORGANIZATION_ROLE ( 'design_supplier' ) ;
#3492 = SECURITY_CLASSIFICATION_LEVEL ( 'unclassified' ) ;
#3493 = PERSON_AND_ORGANIZATION_ROLE ( 'classification_officer' ) ;
#3494 = DATE_TIME_ROLE ( 'classification_date' ) ;
#3495 = APPROVAL_STATUS ( 'not_yet_approved' ) ;
#3496 = APPROVAL_ROLE ( '' ) ;
#3497 = APPLICATION_PROTOCOL_DEFINITION ( 'international standard', 'config_control_design', 1994, #3459 ) ;
#3498 = MECHANICAL_CONTEXT ( 'NONE', #3459, 'mechanical' ) ;
#3499 = PERSON_AND_ORGANIZATION_ROLE ( 'design_owner' ) ;
#3500 = APPLICATION_CONTEXT ( 'configuration controlled 3d designs of mechanical parts and assemblies' ) ;
#3501 = APPLICATION_PROTOCOL_DEFINITION ( 'international standard', 'config_control_design', 1994, #3500 ) ;
#3502 = APPROVAL_STATUS ( 'not_yet_approved' ) ;
#3503 = APPROVAL_ROLE ( '' ) ;
#3504 = PERSON_AND_ORGANIZATION_ROLE ( 'creator' ) ;
#3505 = DATE_TIME_ROLE ( 'creation_date' ) ;
#3506 = APPROVAL_STATUS ( 'not_yet_approved' ) ;
#3507 = APPROVAL_ROLE ( '' ) ;
#3508 = PERSON_AND_ORGANIZATION_ROLE ( 'creator' ) ;
#3509 = PERSON_AND_ORGANIZATION_ROLE ( 'design_supplier' ) ;
#3510 = SECURITY_CLASSIFICATION_LEVEL ( 'unclassified' ) ;
#3511 = PERSON_AND_ORGANIZATION_ROLE ( 'classification_officer' ) ;
#3512 = DATE_TIME_ROLE ( 'classification_date' ) ;
#3513 = APPROVAL_STATUS ( 'not_yet_approved' ) ;
#3514 = APPROVAL_ROLE ( '' ) ;
#3515 =( REPRESENTATION_RELATIONSHIP ('NONE','NONE', #2743, #2741 ) REPRESENTATION_RELATIONSHIP_WITH_TRANSFORMATION ( #4057 )SHAPE_REPRESENTATION_RELATIONSHIP( ) );
#3516 = SECURITY_CLASSIFICATION_LEVEL ( 'unclassified' ) ;
#3517 = APPROVAL_STATUS ( 'not_yet_approved' ) ;
#3518 = APPROVAL_ROLE ( '' ) ;
#3519 = DATE_TIME_ROLE ( 'classification_date' ) ;
#3520 = PERSON_AND_ORGANIZATION_ROLE ( 'classification_officer' ) ;
#3521 =( REPRESENTATION_RELATIONSHIP ('NONE','NONE', #2743, #2742 ) REPRESENTATION_RELATIONSHIP_WITH_TRANSFORMATION ( #4072 )SHAPE_REPRESENTATION_RELATIONSHIP( ) );
#3522 = SECURITY_CLASSIFICATION_LEVEL ( 'unclassified' ) ;
#3523 = APPROVAL_STATUS ( 'not_yet_approved' ) ;
#3524 = APPROVAL_ROLE ( '' ) ;
#3525 = DATE_TIME_ROLE ( 'classification_date' ) ;
#3526 = PERSON_AND_ORGANIZATION_ROLE ( 'classification_officer' ) ;
#3527 = CARTESIAN_POINT ( 'NONE',  ( -21.45733550181818200, 0.8162329588041608000, 12.50000000001614200 ) ) ;
#3528 = CARTESIAN_POINT ( 'NONE',  ( 11.54266449818000600, 0.4578430877476840100, 9.000000000014551900 ) ) ;
#3529 = DIRECTION ( 'NONE',  ( 1.000000000000000000, 0.0000000000000000000, 0.0000000000000000000 ) ) ;
#3530 = DIRECTION ( 'NONE',  ( 0.0000000000000000000, 0.0000000000000000000, -1.000000000000000000 ) ) ;
#3531 = CARTESIAN_POINT ( 'NONE',  ( -21.45733550181817500, 0.4578430877476639700, 12.50000000001614400 ) ) ;
#3532 = CARTESIAN_POINT ( 'NONE',  ( -21.43275805798805000, 1.178654330884293600, 12.47815932940922500 ) ) ;
#3533 = CARTESIAN_POINT ( 'NONE',  ( -21.33710956049679600, 1.884760948688068500, 12.39193152290122600 ) ) ;
#3534 = CARTESIAN_POINT ( 'NONE',  ( -21.26652614799879300, 2.229279327793654000, 12.32801082317680400 ) ) ;
#3535 = CARTESIAN_POINT ( 'NONE',  ( -21.08290579425852200, 2.901635758166788200, 12.15730447712410000 ) ) ;
#3536 = CARTESIAN_POINT ( 'NONE',  ( -20.96913482871427400, 3.230047989589610600, 12.04984559524858800 ) ) ;
#3537 = CARTESIAN_POINT ( 'NONE',  ( -20.71104058017445500, 3.848419997593771400, 11.79516163389891800 ) ) ;
#3538 = CARTESIAN_POINT ( 'NONE',  ( -20.56596559214946400, 4.141382516255360400, 11.64753532550459200 ) ) ;
#3539 = CARTESIAN_POINT ( 'NONE',  ( -20.40859438061182700, 4.417641062391385100, 11.47487373416966200 ) ) ;
#3540 = CARTESIAN_POINT ( 'NONE',  ( -17.80187230106405800, 5.054037165459639900, 13.59619407772930800 ) ) ;
#3541 = CARTESIAN_POINT ( 'NONE',  ( -17.89378374058602400, 4.754393353047949400, 13.89583789014090900 ) ) ;
#3542 = CARTESIAN_POINT ( 'NONE',  ( -10.65414724979797600, -5.956370474625801500, 10.36396103069441400 ) ) ;
#3543 = DIRECTION ( 'NONE',  ( -0.8506445896826130300, -0.3717551492876217700, -0.3717551492875882400 ) ) ;
#3544 = DIRECTION ( 'NONE',  ( 0.4004554645743141400, -0.9163162231962120900, 0.0000000000000000000 ) ) ;
#3545 = CARTESIAN_POINT ( 'NONE',  ( -17.98141330237590600, 4.429900744189126300, 14.16234713505144600 ) ) ;
#3546 = CARTESIAN_POINT ( 'NONE',  ( -18.10098151069793100, 3.905826933090076100, 14.51413410197934100 ) ) ;
#3547 = CARTESIAN_POINT ( 'NONE',  ( -18.13887199742175200, 3.724868614416839500, 14.62333372546586000 ) ) ;
#3548 = CARTESIAN_POINT ( 'NONE',  ( -18.20986016993083800, 3.349840812417023400, 14.82509117013489900 ) ) ;
#3549 = CARTESIAN_POINT ( 'NONE',  ( -18.24290693988683600, 3.155729822618402300, 14.91748866027596100 ) ) ;
#3550 = CARTESIAN_POINT ( 'NONE',  ( -18.33164239740807100, 2.566623026020932400, 15.16312475016649400 ) ) ;
#3551 = CARTESIAN_POINT ( 'NONE',  ( -18.37783417270083300, 2.160672468134132700, 15.28756918975910900 ) ) ;
#3552 = CARTESIAN_POINT ( 'NONE',  ( -18.42511850216540000, 1.531359986707620200, 15.41430822626124800 ) ) ;
#3553 = CARTESIAN_POINT ( 'NONE',  ( -18.43724077734088200, 1.316995788583691800, 15.44659326926017900 ) ) ;
#3554 = CARTESIAN_POINT ( 'NONE',  ( -18.45334429056886800, 0.8868818132780388300, 15.48942477532647600 ) ) ;
#3555 = CARTESIAN_POINT ( 'NONE',  ( -18.45733550181780600, 0.6721860796205607600, 15.50000000001516300 ) ) ;
#3556 = CARTESIAN_POINT ( 'NONE',  ( -18.45733550181817500, 0.4578430877773205200, 15.50000000001614400 ) ) ;
#3557 = CARTESIAN_POINT ( 'NONE',  ( 5.542664498180006800, 0.4578430877476847300, 2.901428571446557700 ) ) ;
#3558 = DIRECTION ( 'NONE',  ( -0.9649226981605367700, 3.215116219940604000E-017, -0.2625341626809536400 ) ) ;
#3559 = CARTESIAN_POINT ( 'NONE',  ( -4.457335501818175100, 0.4578430877476829000, 15.50000000001614400 ) ) ;
#3560 = DIRECTION ( 'NONE',  ( -1.000000000000000000, -0.0000000000000000000, -0.0000000000000000000 ) ) ;
#3561 = CARTESIAN_POINT ( 'NONE',  ( -4.457335501818175100, 0.4578430877476829000, 9.000000000016143500 ) ) ;
#3562 = DIRECTION ( 'NONE',  ( 1.000000000000000000, 0.0000000000000000000, 0.0000000000000000000 ) ) ;
#3563 = DIRECTION ( 'NONE',  ( 0.0000000000000000000, 0.0000000000000000000, -1.000000000000000000 ) ) ;
#3564 = CARTESIAN_POINT ( 'NONE',  ( -13.45733550181817500, -4.542156912252770500, 8.949747468321254100 ) ) ;
#3565 = DIRECTION ( 'NONE',  ( 1.000000000000000000, -0.0000000000000000000, -0.0000000000000000000 ) ) ;
#3566 = DIRECTION ( 'NONE',  ( 0.0000000000000000000, -8.673617379884038400E-016, 1.000000000000000000 ) ) ;
#3567 = CARTESIAN_POINT ( 'NONE',  ( -10.65414724979688900, 7.579163431307158300, 11.07106781188178800 ) ) ;
#3568 = CARTESIAN_POINT ( 'NONE',  ( -17.80187230106436400, -2.017030646404359000, 11.47487373416966600 ) ) ;
#3569 = DIRECTION ( 'NONE',  ( -0.3736323588783865300, 0.6558958989043050000, 0.6558958989043051100 ) ) ;
#3570 = DIRECTION ( 'NONE',  ( 0.0000000000000000000, -0.7071067811865475700, 0.7071067811865474600 ) ) ;
#3571 = CARTESIAN_POINT ( 'NONE',  ( -10.87864565534742700, 7.726331424760373600, 10.92389981842862300 ) ) ;
#3572 = CARTESIAN_POINT ( 'NONE',  ( -7.637112138406362000, 5.054037165459639900, 13.59619407772930800 ) ) ;
#3573 = CARTESIAN_POINT ( 'NONE',  ( 5.542664498180006800, 0.4578430877476840100, 9.000000000014551900 ) ) ;
#3574 = DIRECTION ( 'NONE',  ( -1.000000000000000000, -0.0000000000000000000, -0.0000000000000000000 ) ) ;
#3575 = DIRECTION ( 'NONE',  ( 0.0000000000000000000, 0.0000000000000000000, 1.000000000000000000 ) ) ;
#3576 = CARTESIAN_POINT ( 'NONE',  ( -11.10530126575430600, 7.853985069618959300, 10.76585947009365000 ) ) ;
#3577 = CARTESIAN_POINT ( 'NONE',  ( -11.56477282133763600, 8.073263845605955800, 10.43276245800662500 ) ) ;
#3578 = CARTESIAN_POINT ( 'NONE',  ( -11.79852646656460600, 8.165107360085782400, 10.25692360051004000 ) ) ;
#3579 = CARTESIAN_POINT ( 'NONE',  ( -12.26821915555365000, 8.311487654707761400, 9.895634335922903100 ) ) ;
#3580 = CARTESIAN_POINT ( 'NONE',  ( -12.50443622834305700, 8.366280726796755800, 9.709997035197815800 ) ) ;
#3581 = CARTESIAN_POINT ( 'NONE',  ( -12.98010242430227200, 8.439549614834772800, 9.332389717032997500 ) ) ;
#3582 = CARTESIAN_POINT ( 'NONE',  ( -13.22007240200812600, 8.457843087747857400, 9.139980953096573700 ) ) ;
#3583 = CARTESIAN_POINT ( 'NONE',  ( -13.45733550181817500, 8.457843087747855600, 8.949747468321806600 ) ) ;
#3584 = CARTESIAN_POINT ( 'NONE',  ( 2.038378783889261300, 0.4578430877476840100, 9.000000000014551900 ) ) ;
#3585 = DIRECTION ( 'NONE',  ( -1.000000000000000000, -0.0000000000000000000, -0.0000000000000000000 ) ) ;
#3586 = DIRECTION ( 'NONE',  ( 0.0000000000000000000, 0.0000000000000000000, 1.000000000000000000 ) ) ;
#3587 = CARTESIAN_POINT ( 'NONE',  ( -8.385839619169203700, 6.174547157677522200, 12.47568408551142100 ) ) ;
#3588 = CARTESIAN_POINT ( 'NONE',  ( -17.80187230106421100, 2.932716821899997500, 11.47487373416966200 ) ) ;
#3589 = DIRECTION ( 'NONE',  ( 0.3736323588784301600, 0.6558958989042867900, -0.6558958989042984500 ) ) ;
#3590 = DIRECTION ( 'NONE',  ( 0.0000000000000000000, 0.7071067811865536800, 0.7071067811865414700 ) ) ;
#3591 = CARTESIAN_POINT ( 'NONE',  ( 1.038378783889262000, 0.4578430877476850600, 1.545985561790530500E-011 ) ) ;
#3592 = CARTESIAN_POINT ( 'NONE',  ( -9.419282204231786100, 7.039493344725460000, 11.61073789846348300 ) ) ;
#3593 = CARTESIAN_POINT ( 'NONE',  ( -10.65414724979688900, 7.579163431307158300, 11.07106781188178800 ) ) ;
#3594 = DIRECTION ( 'NONE',  ( -0.7071067811865469100, 8.659560562354941500E-017, -0.7071067811865482400 ) ) ;
#3595 = DIRECTION ( 'NONE',  ( -0.0000000000000000000, -0.0000000000000000000, -1.000000000000000000 ) ) ;
#3596 = CARTESIAN_POINT ( 'NONE',  ( -17.80187230106410800, -4.138350989964002300, 13.59619407772930800 ) ) ;
#3597 = CARTESIAN_POINT ( 'NONE',  ( -5.457335501818174200, 0.4578430877476849500, 15.50000000001614400 ) ) ;
#3598 = CARTESIAN_POINT ( 'NONE',  ( -10.65414724979688900, 6.872056650120693000, 10.36396103069515800 ) ) ;
#3599 = DIRECTION ( 'NONE',  ( -0.8506445896825591800, 0.3717551492876670100, -0.3717551492876665100 ) ) ;
#3600 = DIRECTION ( 'NONE',  ( -0.4004554645743763100, -0.9163162231961847800, 0.0000000000000000000 ) ) ;
#3601 = CARTESIAN_POINT ( 'NONE',  ( -8.144611539457040200, 6.439060697879740200, 11.54460918420262100 ) ) ;
#3602 = CARTESIAN_POINT ( 'NONE',  ( -7.971370203178845600, 6.285181762433966300, 11.90630849906651200 ) ) ;
#3603 = CARTESIAN_POINT ( 'NONE',  ( -13.45733550181817500, 0.4578430877476840100, 1.614333666744016700E-011 ) ) ;
#3604 = DIRECTION ( 'NONE',  ( 0.0000000000000000000, 0.0000000000000000000, 1.000000000000000000 ) ) ;
#3605 = DIRECTION ( 'NONE',  ( 1.000000000000000000, 0.0000000000000000000, 0.0000000000000000000 ) ) ;
#3606 = CARTESIAN_POINT ( 'NONE',  ( -16.89049615694593200, -5.738233497680705700, 11.99631157001260100 ) ) ;
#3607 = CARTESIAN_POINT ( 'NONE',  ( -7.853825717771025300, 6.093702638979438600, 12.26537119679916700 ) ) ;
#3608 = CARTESIAN_POINT ( 'NONE',  ( -7.733884966140900400, 5.744289311403714600, 12.78779313162859100 ) ) ;
#3609 = CARTESIAN_POINT ( 'NONE',  ( -7.703653099259955000, 5.617489321692422900, 12.95892133104931100 ) ) ;
#3610 = CARTESIAN_POINT ( 'NONE',  ( -7.670553767102253700, 5.415640675256653900, 13.20493697011243800 ) ) ;
#3611 = CARTESIAN_POINT ( 'NONE',  ( -7.661507970925346600, 5.346251203315310000, 13.28541790674950100 ) ) ;
#3612 = CARTESIAN_POINT ( 'NONE',  ( -7.646853217818834200, 5.203246082352584300, 13.44325229518160800 ) ) ;
#3613 = CARTESIAN_POINT ( 'NONE',  ( -7.641284440897213600, 5.128841357209844400, 13.52138988597909400 ) ) ;
#3614 = CARTESIAN_POINT ( 'NONE',  ( -7.637112138406362000, 5.054037165459639900, 13.59619407772930800 ) ) ;
#3615 = CARTESIAN_POINT ( 'NONE',  ( -10.77549511428137500, -7.100729145684999500, 10.16442388881431900 ) ) ;
#3616 = CARTESIAN_POINT ( 'NONE',  ( -17.55733550181999500, 0.4578430877476840100, 4.500000000014551900 ) ) ;
#3617 = CARTESIAN_POINT ( 'NONE',  ( -20.40859438061202300, -3.501954886895683100, 11.47487373416987200 ) ) ;
#3618 = CARTESIAN_POINT ( 'NONE',  ( -15.29859336386944000, -6.663477255811958600, 11.07106781188134900 ) ) ;
#3619 = CARTESIAN_POINT ( 'NONE',  ( -13.45733550181817500, -6.663477255812316500, 11.07106781188099400 ) ) ;
#3620 = DIRECTION ( 'NONE',  ( 1.000000000000000000, -0.0000000000000000000, -0.0000000000000000000 ) ) ;
#3621 = CARTESIAN_POINT ( 'NONE',  ( -10.25369178522366200, -6.872686697822013400, 10.36396103069441400 ) ) ;
#3622 = CARTESIAN_POINT ( 'NONE',  ( -20.56566908288223400, -3.226216850313645200, 11.64721000703353200 ) ) ;
#3623 = CARTESIAN_POINT ( 'NONE',  ( -4.457335501817719400, 0.4578430877476846700, 3.500000000017280800 ) ) ;
#3624 = CARTESIAN_POINT ( 'NONE',  ( -11.30119917489089900, -7.265351031987713700, 9.938079295585430000 ) ) ;
#3625 = CARTESIAN_POINT ( 'NONE',  ( -12.10119937326316600, -7.431076839509818100, 9.579028019634153100 ) ) ;
#3626 = CARTESIAN_POINT ( 'NONE',  ( -12.36975182195818600, -7.472561729172792200, 9.455913451776053700 ) ) ;
#3627 = CARTESIAN_POINT ( 'NONE',  ( -12.77609951362610700, -7.514261855968607400, 9.267739964613062000 ) ) ;
#3628 = CARTESIAN_POINT ( 'NONE',  ( -12.91233260720898600, -7.524736965438058300, 9.204336588214280500 ) ) ;
#3629 = CARTESIAN_POINT ( 'NONE',  ( -13.18483119906103200, -7.538678272545814400, 9.077199862181029000 ) ) ;
#3630 = CARTESIAN_POINT ( 'NONE',  ( -13.32269818634684600, -7.542156912252316700, 9.012718226776657500 ) ) ;
#3631 = CARTESIAN_POINT ( 'NONE',  ( -13.45733550181817500, -7.542156912252771400, 8.949747468321406900 ) ) ;
#3632 = DIRECTION ( 'NONE',  ( -1.000000000000000000, -0.0000000000000000000, -0.0000000000000000000 ) ) ;
#3633 = CARTESIAN_POINT ( 'NONE',  ( -15.29859336386934000, 7.579163431307326200, 11.07106781188161900 ) ) ;
#3634 = CARTESIAN_POINT ( 'NONE',  ( -13.45733550181817500, 7.579163431307158300, 11.07106781188178800 ) ) ;
#3635 = CARTESIAN_POINT ( 'NONE',  ( -20.71160428763767000, -2.931524571700970600, 11.79573077484435100 ) ) ;
#3636 = CARTESIAN_POINT ( 'NONE',  ( -20.96957440224053600, -2.313166737354424500, 12.05026642839779400 ) ) ;
#3637 = CARTESIAN_POINT ( 'NONE',  ( -21.08294390425469400, -1.985875723044477900, 12.15734130997792300 ) ) ;
#3638 = CARTESIAN_POINT ( 'NONE',  ( -21.26669726750974800, -1.312900808496043000, 12.32816850313372500 ) ) ;
#3639 = CARTESIAN_POINT ( 'NONE',  ( -21.33749392848643100, -0.9673977476963184800, 12.39228077874170200 ) ) ;
#3640 = CARTESIAN_POINT ( 'NONE',  ( -21.43331114401321000, -0.2577132157807771100, 12.47865516809327600 ) ) ;
#3641 = CARTESIAN_POINT ( 'NONE',  ( -21.45733550181817200, 0.1001271415886835600, 12.50000000001614500 ) ) ;
#3642 = CARTESIAN_POINT ( 'NONE',  ( -21.45733550181817500, 0.4578430877476639700, 12.50000000001614400 ) ) ;
#3643 = DIRECTION ( 'NONE',  ( -1.000000000000000000, -4.928191693112921300E-017, 0.0000000000000000000 ) ) ;
#3644 = CARTESIAN_POINT ( 'NONE',  ( -16.89049615694577300, 6.653919673176165600, 11.99631157001278200 ) ) ;
#3645 = CARTESIAN_POINT ( 'NONE',  ( -17.80187230106405800, 5.054037165459639900, 13.59619407772930800 ) ) ;
#3646 = CARTESIAN_POINT ( 'NONE',  ( -18.45733550181891000, 0.03027437211311016100, 15.50000000001809000 ) ) ;
#3647 = CARTESIAN_POINT ( 'NONE',  ( -18.45733550181817500, 0.4578430877773205200, 15.50000000001614400 ) ) ;
#3648 = CARTESIAN_POINT ( 'NONE',  ( 5.542664498180006800, 0.4578430877476840100, 9.000000000014551900 ) ) ;
#3649 = EDGE_CURVE ( 'NONE', #2738, #1682, #2152, .T. ) ;
#3650 = EDGE_CURVE ( 'NONE', #2725, #2690, #3909, .T. ) ;
#3651 = EDGE_CURVE ( 'NONE', #1443, #1597, #3907, .T. ) ;
#3652 = FACE_OUTER_BOUND ( 'NONE', #1694, .T. ) ;
#3653 = VECTOR ( 'NONE', #190, 1000.000000000000000 ) ;
#3654 = CIRCLE ( 'NONE', #384, 8.500000000000000000 ) ;
#3655 = CIRCLE ( 'NONE', #379, 8.899999999999806700 ) ;
#3656 = CIRCLE ( 'NONE', #374, 8.500000000000000000 ) ;
#3657 = CIRCLE ( 'NONE', #381, 8.899999999999293400 ) ;
#3658 = CIRCLE ( 'NONE', #382, 5.700000000002573200 ) ;
#3659 = CIRCLE ( 'NONE', #376, 7.800000000001120700 ) ;
#3660 = CIRCLE ( 'NONE', #383, 8.500000000000000000 ) ;
#3661 = CIRCLE ( 'NONE', #393, 11.19999999999954100 ) ;
#3662 = CYLINDRICAL_SURFACE ( 'NONE', #375, 8.900000000001123000 ) ;
#3663 = CIRCLE ( 'NONE', #377, 8.500000000000000000 ) ;
#3664 = CIRCLE ( 'NONE', #372, 8.500000000000000000 ) ;
#3665 = CIRCLE ( 'NONE', #378, 5.700000000002573200 ) ;
#3666 = CIRCLE ( 'NONE', #380, 8.899999999999900900 ) ;
#3667 = CYLINDRICAL_SURFACE ( 'NONE', #370, 5.499999999997270600 ) ;
#3668 = CYLINDRICAL_SURFACE ( 'NONE', #369, 8.999999999999092300 ) ;
#3669 = CYLINDRICAL_SURFACE ( 'NONE', #368, 8.000000000000000000 ) ;
#3670 = FACE_OUTER_BOUND ( 'NONE', #1413, .T. ) ;
#3671 = FACE_OUTER_BOUND ( 'NONE', #1449, .T. ) ;
#3672 = CONICAL_SURFACE ( 'NONE', #365, 6.499999999999773500, 1.308996938995728600 ) ;
#3673 = CONICAL_SURFACE ( 'NONE', #362, 8.999999999999092300, 0.7853981633974491700 ) ;
#3674 = FACE_OUTER_BOUND ( 'NONE', #1983, .T. ) ;
#3675 = CYLINDRICAL_SURFACE ( 'NONE', #367, 2.999999999999999100 ) ;
#3676 = FACE_OUTER_BOUND ( 'NONE', #1722, .T. ) ;
#3677 = FACE_OUTER_BOUND ( 'NONE', #1590, .T. ) ;
#3678 = CYLINDRICAL_SURFACE ( 'NONE', #366, 4.500000000000000000 ) ;
#3679 = FACE_OUTER_BOUND ( 'NONE', #1656, .T. ) ;
#3680 = FACE_OUTER_BOUND ( 'NONE', #1421, .T. ) ;
#3681 = DESIGN_CONTEXT ( 'detailed design', #3482, 'design' ) ;
#3682 = DESIGN_CONTEXT ( 'detailed design', #3500, 'design' ) ;
#3683 = PRODUCT_DEFINITION_SHAPE ( 'NONE', 'NONE',  #4131 ) ;
#3684 = DESIGN_CONTEXT ( 'detailed design', #3464, 'design' ) ;
#3685 = PRODUCT_DEFINITION_SHAPE ( 'NONE', 'NONE',  #3026 ) ;
#3686 = PRODUCT_DEFINITION_SHAPE ( 'NONE', 'NONE',  #997 ) ;
#3687 = PRODUCT_DEFINITION_SHAPE ( 'NONE', 'NONE',  #1014 ) ;
#3688 = PRODUCT_DEFINITION_SHAPE ( 'NONE', 'NONE',  #4132 ) ;
#3689 = CYLINDRICAL_SURFACE ( 'NONE', #364, 6.500000000000000900 ) ;
#3690 = CONICAL_SURFACE ( 'NONE', #356, 10.50000000000000000, 0.7853981633974500600 ) ;
#3691 = CONICAL_SURFACE ( 'NONE', #344, 10.50000000000000000, 0.7853981633974500600 ) ;
#3692 = FACE_OUTER_BOUND ( 'NONE', #1668, .T. ) ;
#3693 = FACE_OUTER_BOUND ( 'NONE', #1976, .T. ) ;
#3694 = FACE_OUTER_BOUND ( 'NONE', #1949, .T. ) ;
#3695 = CYLINDRICAL_SURFACE ( 'NONE', #357, 11.19999999999975900 ) ;
#3696 = CYLINDRICAL_SURFACE ( 'NONE', #358, 8.300000000000000700 ) ;
#3697 = FACE_OUTER_BOUND ( 'NONE', #1608, .T. ) ;
#3698 = CONICAL_SURFACE ( 'NONE', #353, 6.098571428567994200, 0.2656475539784373100 ) ;
#3699 = CONICAL_SURFACE ( 'NONE', #355, 8.300000000000000700, 0.7853981633974495000 ) ;
#3700 = CYLINDRICAL_SURFACE ( 'NONE', #351, 11.19999999999954100 ) ;
#3701 = FACE_OUTER_BOUND ( 'NONE', #1658, .T. ) ;
#3702 = FACE_OUTER_BOUND ( 'NONE', #1457, .T. ) ;
#3703 = CYLINDRICAL_SURFACE ( 'NONE', #347, 11.19999999999954100 ) ;
#3704 = FACE_OUTER_BOUND ( 'NONE', #1472, .T. ) ;
#3705 = FACE_OUTER_BOUND ( 'NONE', #1730, .T. ) ;
#3706 = FACE_OUTER_BOUND ( 'NONE', #1630, .T. ) ;
#3707 = FACE_OUTER_BOUND ( 'NONE', #1614, .T. ) ;
#3708 = FACE_OUTER_BOUND ( 'NONE', #1619, .T. ) ;
#3709 = FACE_OUTER_BOUND ( 'NONE', #1634, .T. ) ;
#3710 = CONICAL_SURFACE ( 'NONE', #363, 6.098571428567994200, 0.2656475539777130000 ) ;
#3711 = FACE_OUTER_BOUND ( 'NONE', #1515, .T. ) ;
#3712 = FACE_OUTER_BOUND ( 'NONE', #1654, .T. ) ;
#3713 = FACE_OUTER_BOUND ( 'NONE', #1644, .T. ) ;
#3714 = FACE_OUTER_BOUND ( 'NONE', #1665, .T. ) ;
#3715 = FACE_OUTER_BOUND ( 'NONE', #1594, .T. ) ;
#3716 = CONICAL_SURFACE ( 'NONE', #349, 10.50000000000000000, 0.7853981633974500600 ) ;
#3717 = FACE_OUTER_BOUND ( 'NONE', #1723, .T. ) ;
#3718 = FACE_OUTER_BOUND ( 'NONE', #1816, .T. ) ;
#3719 = FACE_OUTER_BOUND ( 'NONE', #1911, .T. ) ;
#3720 = CYLINDRICAL_SURFACE ( 'NONE', #354, 11.19999999999943600 ) ;
#3721 = CONICAL_SURFACE ( 'NONE', #360, 5.499999999997270600, 0.7853981633974500600 ) ;
#3722 = EDGE_CURVE ( 'NONE', #2672, #1721, #2153, .T. ) ;
#3723 = FACE_OUTER_BOUND ( 'NONE', #2721, .T. ) ;
#3724 = FACE_OUTER_BOUND ( 'NONE', #1477, .T. ) ;
#3725 = ORIENTED_EDGE ( 'NONE', *, *, #2842, .T. ) ;
#3726 = FACE_OUTER_BOUND ( 'NONE', #2667, .T. ) ;
#3727 = ORIENTED_EDGE ( 'NONE', *, *, #2783, .F. ) ;
#3728 = FACE_OUTER_BOUND ( 'NONE', #1453, .T. ) ;
#3729 = CONICAL_SURFACE ( 'NONE', #2596, 8.200000000002489700, 0.7853981633974482800 ) ;
#3730 = FACE_OUTER_BOUND ( 'NONE', #1638, .T. ) ;
#3731 = CYLINDRICAL_SURFACE ( 'NONE', #2598, 4.699999999999999300 ) ;
#3732 = FACE_OUTER_BOUND ( 'NONE', #1675, .T. ) ;
#3733 = FACE_OUTER_BOUND ( 'NONE', #2647, .T. ) ;
#3734 = CYLINDRICAL_SURFACE ( 'NONE', #2611, 8.400000000002622300 ) ;
#3735 = CONICAL_SURFACE ( 'NONE', #2600, 5.400000000000000400, 0.5235987755983000400 ) ;
#3736 = ORIENTED_EDGE ( 'NONE', *, *, #2863, .F. ) ;
#3737 = FACE_OUTER_BOUND ( 'NONE', #2711, .T. ) ;
#3738 = FACE_BOUND ( 'NONE', #2680, .T. ) ;
#3739 = CONICAL_SURFACE ( 'NONE', #2604, 6.900000000000273900, 0.7853981633974266300 ) ;
#3740 = FACE_OUTER_BOUND ( 'NONE', #2664, .T. ) ;
#3741 = CONICAL_SURFACE ( 'NONE', #2605, 8.300000000000000700, 0.5427973973702376900 ) ;
#3742 = FACE_OUTER_BOUND ( 'NONE', #1640, .T. ) ;
#3743 = FACE_OUTER_BOUND ( 'NONE', #2676, .T. ) ;
#3744 = FACE_OUTER_BOUND ( 'NONE', #1494, .T. ) ;
#3745 = CYLINDRICAL_SURFACE ( 'NONE', #2609, 8.300000000000000700 ) ;
#3746 = CONICAL_SURFACE ( 'NONE', #2603, 8.300000000000000700, 0.7853981633974495000 ) ;
#3747 = CYLINDRICAL_SURFACE ( 'NONE', #2606, 6.900000000000273900 ) ;
#3748 = CONICAL_SURFACE ( 'NONE', #2601, 9.799999999999982900, 0.7853981633974500600 ) ;
#3749 = FACE_OUTER_BOUND ( 'NONE', #1527, .T. ) ;
#3750 = CYLINDRICAL_SURFACE ( 'NONE', #2610, 6.900000000000273900 ) ;
#3751 = ORIENTED_EDGE ( 'NONE', *, *, #2797, .F. ) ;
#3752 = ORIENTED_EDGE ( 'NONE', *, *, #2563, .T. ) ;
#3753 = ORIENTED_EDGE ( 'NONE', *, *, #2826, .T. ) ;
#3754 = ORIENTED_EDGE ( 'NONE', *, *, #2817, .F. ) ;
#3755 = ORIENTED_EDGE ( 'NONE', *, *, #2833, .F. ) ;
#3756 = ORIENTED_EDGE ( 'NONE', *, *, #2831, .T. ) ;
#3757 = ORIENTED_EDGE ( 'NONE', *, *, #2751, .F. ) ;
#3758 = FACE_OUTER_BOUND ( 'NONE', #2684, .T. ) ;
#3759 = ORIENTED_EDGE ( 'NONE', *, *, #2810, .F. ) ;
#3760 = ORIENTED_EDGE ( 'NONE', *, *, #2826, .F. ) ;
#3761 = FACE_OUTER_BOUND ( 'NONE', #2689, .T. ) ;
#3762 = ORIENTED_EDGE ( 'NONE', *, *, #2844, .F. ) ;
#3763 = CYLINDRICAL_SURFACE ( 'NONE', #2614, 6.600000000004028400 ) ;
#3764 = ORIENTED_EDGE ( 'NONE', *, *, #2810, .T. ) ;
#3765 = ORIENTED_EDGE ( 'NONE', *, *, #2817, .T. ) ;
#3766 = ORIENTED_EDGE ( 'NONE', *, *, #2755, .F. ) ;
#3767 = ORIENTED_EDGE ( 'NONE', *, *, #2814, .F. ) ;
#3768 = ORIENTED_EDGE ( 'NONE', *, *, #2776, .T. ) ;
#3769 = ORIENTED_EDGE ( 'NONE', *, *, #2560, .T. ) ;
#3770 = ORIENTED_EDGE ( 'NONE', *, *, #2559, .F. ) ;
#3771 = ORIENTED_EDGE ( 'NONE', *, *, #2823, .F. ) ;
#3772 = ORIENTED_EDGE ( 'NONE', *, *, #2814, .T. ) ;
#3773 = ORIENTED_EDGE ( 'NONE', *, *, #2744, .F. ) ;
#3774 = ORIENTED_EDGE ( 'NONE', *, *, #2760, .F. ) ;
#3775 = ORIENTED_EDGE ( 'NONE', *, *, #2746, .F. ) ;
#3776 = OPEN_SHELL ( 'NONE', ( #1356, #1351, #1365, #1370, #1367, #1377, #1372, #1376, #1371, #1366, #1375, #1373, #1374, #1364, #1368, #1363, #1369, #1311, #1314, #1321, #1316, #1315, #1313, #1312, #1317, #1310, #1320, #1309, #1318, #1319, #1308, #1285, #1282, #1281, #1284, #1280, #1288 ) ) ;
#3777 = ORIENTED_EDGE ( 'NONE', *, *, #2539, .T. ) ;
#3778 = ORIENTED_EDGE ( 'NONE', *, *, #2834, .T. ) ;
#3779 = FACE_OUTER_BOUND ( 'NONE', #1382, .T. ) ;
#3780 = FACE_BOUND ( 'NONE', #1429, .T. ) ;
#3781 = LINE ( 'NONE', #275, #3788 ) ;
#3782 = VECTOR ( 'NONE', #265, 1000.000000000000000 ) ;
#3783 = CIRCLE ( 'NONE', #2593, 8.500000000000000000 ) ;
#3784 = FACE_OUTER_BOUND ( 'NONE', #2701, .T. ) ;
#3785 = FACE_OUTER_BOUND ( 'NONE', #525, .T. ) ;
#3786 = FACE_OUTER_BOUND ( 'NONE', #1401, .T. ) ;
#3787 = FACE_OUTER_BOUND ( 'NONE', #1409, .T. ) ;
#3788 = VECTOR ( 'NONE', #270, 1000.000000000000000 ) ;
#3789 = FACE_BOUND ( 'NONE', #546, .T. ) ;
#3790 = CYLINDRICAL_SURFACE ( 'NONE', #2597, 8.400000000002622300 ) ;
#3791 = FACE_OUTER_BOUND ( 'NONE', #1664, .T. ) ;
#3792 = CONICAL_SURFACE ( 'NONE', #2594, 8.500000000000000000, 0.7853981633974500600 ) ;
#3793 = FACE_BOUND ( 'NONE', #1628, .T. ) ;
#3794 = CIRCLE ( 'NONE', #2591, 6.100000000002181900 ) ;
#3795 = CIRCLE ( 'NONE', #2592, 4.699999999999999300 ) ;
#3796 = ORIENTED_EDGE ( 'NONE', *, *, #2841, .F. ) ;
#3797 = ORIENTED_EDGE ( 'NONE', *, *, #3650, .T. ) ;
#3798 = ORIENTED_EDGE ( 'NONE', *, *, #2805, .T. ) ;
#3799 = ORIENTED_EDGE ( 'NONE', *, *, #2804, .T. ) ;
#3800 = LINE ( 'NONE', #269, #3782 ) ;
#3801 = B_SPLINE_CURVE_WITH_KNOTS ( 'NONE', 3,
 ( #24, #26, #32, #33 ),
 .UNSPECIFIED., .F., .F.,
 ( 4, 4 ),
 ( 2.386635458218291500E-007, 0.002668590896755983500 ),
 .UNSPECIFIED. ) ;
#3802 = EDGE_CURVE ( 'NONE', #1483, #1493, #3904, .T. ) ;
#3803 = EDGE_CURVE ( 'NONE', #1726, #1570, #2154, .T. ) ;
#3804 = EDGE_CURVE ( 'NONE', #1493, #1672, #3913, .T. ) ;
#3805 = EDGE_CURVE ( 'NONE', #1484, #1481, #3912, .T. ) ;
#3806 = EDGE_CURVE ( 'NONE', #1592, #1603, #3915, .T. ) ;
#3807 = EDGE_CURVE ( 'NONE', #1632, #1627, #3916, .T. ) ;
#3808 = EDGE_CURVE ( 'NONE', #1564, #1499, #3917, .T. ) ;
#3809 = EDGE_CURVE ( 'NONE', #1501, #1503, #3918, .T. ) ;
#3810 = EDGE_CURVE ( 'NONE', #1505, #1501, #3919, .T. ) ;
#3811 = EDGE_CURVE ( 'NONE', #1699, #1690, #3921, .T. ) ;
#3812 = EDGE_CURVE ( 'NONE', #1681, #1606, #3922, .T. ) ;
#3813 = EDGE_CURVE ( 'NONE', #1495, #1488, #3923, .T. ) ;
#3814 = EDGE_CURVE ( 'NONE', #1484, #1564, #2155, .T. ) ;
#3815 = EDGE_CURVE ( 'NONE', #1508, #1583, #3925, .T. ) ;
#3816 = EDGE_CURVE ( 'NONE', #1488, #1484, #2156, .T. ) ;
#3817 = EDGE_CURVE ( 'NONE', #1499, #1504, #2157, .T. ) ;
#3818 = EDGE_CURVE ( 'NONE', #1505, #1506, #3924, .T. ) ;
#3819 = EDGE_CURVE ( 'NONE', #1715, #1666, #2158, .T. ) ;
#3820 = EDGE_CURVE ( 'NONE', #1702, #1700, #3928, .T. ) ;
#3821 = EDGE_CURVE ( 'NONE', #1701, #1708, #3926, .T. ) ;
#3822 = EDGE_CURVE ( 'NONE', #1462, #1605, #3929, .T. ) ;
#3823 = EDGE_CURVE ( 'NONE', #1714, #1713, #3930, .T. ) ;
#3824 = EDGE_CURVE ( 'NONE', #1481, #1495, #2159, .T. ) ;
#3825 = EDGE_CURVE ( 'NONE', #1483, #1593, #3933, .T. ) ;
#3826 = EDGE_CURVE ( 'NONE', #1514, #1684, #3932, .T. ) ;
#3827 = EDGE_CURVE ( 'NONE', #1498, #1570, #3935, .T. ) ;
#3828 = EDGE_CURVE ( 'NONE', #1583, #1504, #3937, .T. ) ;
#3829 = EDGE_CURVE ( 'NONE', #1495, #1616, #3939, .T. ) ;
#3830 = EDGE_CURVE ( 'NONE', #1697, #1415, #3940, .T. ) ;
#3831 = EDGE_CURVE ( 'NONE', #1564, #1511, #3942, .T. ) ;
#3832 = EDGE_CURVE ( 'NONE', #1499, #1469, #3944, .T. ) ;
#3833 = EDGE_CURVE ( 'NONE', #1707, #1717, #3946, .T. ) ;
#3834 = EDGE_CURVE ( 'NONE', #1514, #1502, #3948, .T. ) ;
#3835 = LINE ( 'NONE', #3261, #3836 ) ;
#3836 = VECTOR ( 'NONE', #3266, 1000.000000000000000 ) ;
#3837 = CIRCLE ( 'NONE', #2970, 4.999999999997272400 ) ;
#3838 = CIRCLE ( 'NONE', #2969, 5.400000000000000400 ) ;
#3839 = CIRCLE ( 'NONE', #2971, 5.499999999997270600 ) ;
#3840 = LINE ( 'NONE', #2879, #3844 ) ;
#3841 = LINE ( 'NONE', #2875, #3842 ) ;
#3842 = VECTOR ( 'NONE', #2871, 1000.000000000000000 ) ;
#3843 = LINE ( 'NONE', #2882, #3849 ) ;
#3844 = VECTOR ( 'NONE', #2881, 1000.000000000000000 ) ;
#3845 = LINE ( 'NONE', #2880, #3847 ) ;
#3846 = CIRCLE ( 'NONE', #2972, 8.400000000002622300 ) ;
#3847 = VECTOR ( 'NONE', #2887, 1000.000000000000000 ) ;
#3848 = LINE ( 'NONE', #2893, #3853 ) ;
#3849 = VECTOR ( 'NONE', #2888, 1000.000000000000000 ) ;
#3850 = CIRCLE ( 'NONE', #2973, 4.699999999999999300 ) ;
#3851 = CIRCLE ( 'NONE', #2974, 4.500000000000000000 ) ;
#3852 = LINE ( 'NONE', #2920, #3866 ) ;
#3853 = VECTOR ( 'NONE', #2889, 1000.000000000000000 ) ;
#3854 = LINE ( 'NONE', #2897, #3856 ) ;
#3855 = CIRCLE ( 'NONE', #2975, 4.699999999999999300 ) ;
#3856 = VECTOR ( 'NONE', #2886, 1000.000000000000000 ) ;
#3857 = CIRCLE ( 'NONE', #2976, 5.499999999997270600 ) ;
#3858 = CIRCLE ( 'NONE', #2977, 6.100000000002181900 ) ;
#3859 = LINE ( 'NONE', #2904, #3861 ) ;
#3860 = CIRCLE ( 'NONE', #2978, 8.999999999999092300 ) ;
#3861 = VECTOR ( 'NONE', #2905, 1000.000000000000000 ) ;
#3862 = CIRCLE ( 'NONE', #2979, 6.098571428567994200 ) ;
#3863 = CIRCLE ( 'NONE', #2980, 6.600000000004028400 ) ;
#3864 = CIRCLE ( 'NONE', #2981, 5.900000000006939700 ) ;
#3865 = CIRCLE ( 'NONE', #2983, 7.800000000001120700 ) ;
#3866 = VECTOR ( 'NONE', #2916, 1000.000000000000000 ) ;
#3867 = LINE ( 'NONE', #3265, #3869 ) ;
#3868 = LINE ( 'NONE', #2301, #3871 ) ;
#3869 = VECTOR ( 'NONE', #2300, 1000.000000000000200 ) ;
#3870 = CIRCLE ( 'NONE', #2982, 7.800000000001120700 ) ;
#3871 = VECTOR ( 'NONE', #2302, 1000.000000000000200 ) ;
#3872 = LINE ( 'NONE', #2295, #3874 ) ;
#3873 = CIRCLE ( 'NONE', #2989, 6.900000000000273900 ) ;
#3874 = VECTOR ( 'NONE', #2296, 1000.000000000000000 ) ;
#3875 = LINE ( 'NONE', #2307, #3877 ) ;
#3876 = CIRCLE ( 'NONE', #2984, 5.700000000002573200 ) ;
#3877 = VECTOR ( 'NONE', #2303, 1000.000000000000000 ) ;
#3878 = LINE ( 'NONE', #2308, #3880 ) ;
#3879 = CIRCLE ( 'NONE', #2985, 5.499999999997270600 ) ;
#3880 = VECTOR ( 'NONE', #2309, 1000.000000000000000 ) ;
#3881 = LINE ( 'NONE', #2313, #3883 ) ;
#3882 = CIRCLE ( 'NONE', #2986, 5.499999999997270600 ) ;
#3883 = VECTOR ( 'NONE', #2314, 1000.000000000000000 ) ;
#3884 = LINE ( 'NONE', #442, #3888 ) ;
#3885 = CIRCLE ( 'NONE', #2987, 8.000000000000000000 ) ;
#3886 = CIRCLE ( 'NONE', #2988, 5.700000000002573200 ) ;
#3887 = LINE ( 'NONE', #449, #3894 ) ;
#3888 = VECTOR ( 'NONE', #443, 1000.000000000000000 ) ;
#3889 = CIRCLE ( 'NONE', #2990, 6.900000000000273900 ) ;
#3890 = LINE ( 'NONE', #444, #3892 ) ;
#3891 = CIRCLE ( 'NONE', #2991, 11.20000000000029600 ) ;
#3892 = VECTOR ( 'NONE', #445, 1000.000000000000000 ) ;
#3893 = LINE ( 'NONE', #3270, #3900 ) ;
#3894 = VECTOR ( 'NONE', #454, 1000.000000000000000 ) ;
#3895 = LINE ( 'NONE', #3281, #3905 ) ;
#3896 = LINE ( 'NONE', #3267, #3897 ) ;
#3897 = VECTOR ( 'NONE', #3269, 1000.000000000000000 ) ;
#3898 = CIRCLE ( 'NONE', #2992, 11.19999999999943400 ) ;
#3899 = CIRCLE ( 'NONE', #2993, 11.19999999999943600 ) ;
#3900 = VECTOR ( 'NONE', #3271, 1000.000000000000200 ) ;
#3901 = LINE ( 'NONE', #453, #3903 ) ;
#3902 = CIRCLE ( 'NONE', #2994, 11.19999999999954100 ) ;
#3903 = VECTOR ( 'NONE', #3277, 1000.000000000000000 ) ;
#3904 = CIRCLE ( 'NONE', #2997, 8.899999999999808500 ) ;
#3905 = VECTOR ( 'NONE', #3285, 1000.000000000000000 ) ;
#3906 = CIRCLE ( 'NONE', #2995, 11.19999999999954100 ) ;
#3907 = LINE ( 'NONE', #3331, #3911 ) ;
#3908 = CIRCLE ( 'NONE', #2996, 11.19999999999954100 ) ;
#3909 = LINE ( 'NONE', #3329, #3910 ) ;
#3910 = VECTOR ( 'NONE', #3330, 1000.000000000000000 ) ;
#3911 = VECTOR ( 'NONE', #3332, 1000.000000000000000 ) ;
#3912 = CIRCLE ( 'NONE', #2998, 8.500000000000000000 ) ;
#3913 = LINE ( 'NONE', #3342, #3914 ) ;
#3914 = VECTOR ( 'NONE', #3343, 1000.000000000000000 ) ;
#3915 = CIRCLE ( 'NONE', #2999, 8.400000000002622300 ) ;
#3916 = CIRCLE ( 'NONE', #3000, 8.200000000002491500 ) ;
#3917 = CIRCLE ( 'NONE', #3001, 8.899999999999900900 ) ;
#3918 = LINE ( 'NONE', #3350, #3920 ) ;
#3919 = CIRCLE ( 'NONE', #3002, 8.900000000001123000 ) ;
#3920 = VECTOR ( 'NONE', #3351, 1000.000000000000000 ) ;
#3921 = CIRCLE ( 'NONE', #3003, 6.600000000004028400 ) ;
#3922 = CIRCLE ( 'NONE', #3004, 8.500000000000000000 ) ;
#3923 = CIRCLE ( 'NONE', #3005, 8.899999999997760400 ) ;
#3924 = LINE ( 'NONE', #3389, #3927 ) ;
#3925 = CIRCLE ( 'NONE', #3006, 8.500000000000000000 ) ;
#3926 = CIRCLE ( 'NONE', #3008, 5.400000000000000400 ) ;
#3927 = VECTOR ( 'NONE', #3390, 1000.000000000000000 ) ;
#3928 = CIRCLE ( 'NONE', #3007, 6.600000000004031100 ) ;
#3929 = LINE ( 'NONE', #3393, #3931 ) ;
#3930 = CIRCLE ( 'NONE', #3009, 8.400000000002622300 ) ;
#3931 = VECTOR ( 'NONE', #3394, 1000.000000000000000 ) ;
#3932 = LINE ( 'NONE', #3412, #3936 ) ;
#3933 = LINE ( 'NONE', #3410, #3934 ) ;
#3934 = VECTOR ( 'NONE', #3411, 1000.000000000000000 ) ;
#3935 = LINE ( 'NONE', #3414, #3938 ) ;
#3936 = VECTOR ( 'NONE', #3413, 1000.000000000000000 ) ;
#3937 = CIRCLE ( 'NONE', #3010, 8.500000000000000000 ) ;
#3938 = VECTOR ( 'NONE', #3415, 1000.000000000000000 ) ;
#3939 = LINE ( 'NONE', #3398, #3941 ) ;
#3940 = LINE ( 'NONE', #3419, #3943 ) ;
#3941 = VECTOR ( 'NONE', #3407, 1000.000000000000000 ) ;
#3942 = LINE ( 'NONE', #3421, #3945 ) ;
#3943 = VECTOR ( 'NONE', #3420, 1000.000000000000000 ) ;
#3944 = LINE ( 'NONE', #3423, #3947 ) ;
#3945 = VECTOR ( 'NONE', #3422, 1000.000000000000000 ) ;
#3946 = CIRCLE ( 'NONE', #3011, 4.699999999999999300 ) ;
#3947 = VECTOR ( 'NONE', #3424, 1000.000000000000000 ) ;
#3948 = CIRCLE ( 'NONE', #3012, 8.899999999998746200 ) ;
#3949 = SHAPE_REPRESENTATION_RELATIONSHIP ( 'NONE' , 'NONE' ,  #2741, #2161 ) ;
#3950 = SHAPE_REPRESENTATION_RELATIONSHIP ( 'NONE' , 'NONE' ,  #2742, #2440 ) ;
#3951 = SHAPE_DEFINITION_REPRESENTATION ( #3685, #2743 ) ;
#3952 = SHAPE_DEFINITION_REPRESENTATION ( #3686, #2742 ) ;
#3953 = SHAPE_DEFINITION_REPRESENTATION ( #3687, #2741 ) ;
#3954 = ORGANIZATION ( 'UNSPECIFIED', 'UNSPECIFIED', '' ) ;
#3955 = PERSON_AND_ORGANIZATION ( #2521, #3954 ) ;
#3956 = PERSON_AND_ORGANIZATION ( #2521, #3954 ) ;
#3957 = APPROVAL_PERSON_ORGANIZATION ( #3956, #3027, #3467 ) ;
#3958 = COORDINATED_UNIVERSAL_TIME_OFFSET ( 9, 0, .AHEAD. ) ;
#3959 = LOCAL_TIME ( 11, 32, 13.00000000000000000, #3958 ) ;
#3960 = CALENDAR_DATE ( 2014, 27, 6 ) ;
#3961 = DATE_AND_TIME ( #3960, #3959 ) ;
#3962 = APPROVAL_DATE_TIME ( #3961, #3027 ) ;
#3963 = PERSON_AND_ORGANIZATION ( #2521, #3954 ) ;
#3964 = COORDINATED_UNIVERSAL_TIME_OFFSET ( 9, 0, .AHEAD. ) ;
#3965 = LOCAL_TIME ( 11, 32, 13.00000000000000000, #3964 ) ;
#3966 = CALENDAR_DATE ( 2014, 27, 6 ) ;
#3967 = DATE_AND_TIME ( #3966, #3965 ) ;
#3968 = PERSON_AND_ORGANIZATION ( #2521, #3954 ) ;
#3969 = APPROVAL_PERSON_ORGANIZATION ( #3968, #3032, #3471 ) ;
#3970 = COORDINATED_UNIVERSAL_TIME_OFFSET ( 9, 0, .AHEAD. ) ;
#3971 = LOCAL_TIME ( 11, 32, 13.00000000000000000, #3970 ) ;
#3972 = CALENDAR_DATE ( 2014, 27, 6 ) ;
#3973 = DATE_AND_TIME ( #3972, #3971 ) ;
#3974 = APPROVAL_DATE_TIME ( #3973, #3032 ) ;
#3975 = PERSON_AND_ORGANIZATION ( #2521, #3954 ) ;
#3976 = PERSON_AND_ORGANIZATION ( #2521, #3954 ) ;
#3977 = PERSON_AND_ORGANIZATION ( #2521, #3954 ) ;
#3978 = COORDINATED_UNIVERSAL_TIME_OFFSET ( 9, 0, .AHEAD. ) ;
#3979 = LOCAL_TIME ( 11, 32, 13.00000000000000000, #3978 ) ;
#3980 = CALENDAR_DATE ( 2014, 27, 6 ) ;
#3981 = DATE_AND_TIME ( #3980, #3979 ) ;
#3982 = PERSON_AND_ORGANIZATION ( #2521, #3954 ) ;
#3983 = APPROVAL_PERSON_ORGANIZATION ( #3982, #993, #3478 ) ;
#3984 = COORDINATED_UNIVERSAL_TIME_OFFSET ( 9, 0, .AHEAD. ) ;
#3985 = LOCAL_TIME ( 11, 32, 13.00000000000000000, #3984 ) ;
#3986 = CALENDAR_DATE ( 2014, 27, 6 ) ;
#3987 = DATE_AND_TIME ( #3986, #3985 ) ;
#3988 = APPROVAL_DATE_TIME ( #3987, #993 ) ;
#3989 = PERSON_AND_ORGANIZATION ( #2521, #3954 ) ;
#3990 = PERSON_AND_ORGANIZATION ( #2521, #3954 ) ;
#3991 = APPROVAL_PERSON_ORGANIZATION ( #3990, #998, #3485 ) ;
#3992 = COORDINATED_UNIVERSAL_TIME_OFFSET ( 9, 0, .AHEAD. ) ;
#3993 = LOCAL_TIME ( 11, 32, 13.00000000000000000, #3992 ) ;
#3994 = CALENDAR_DATE ( 2014, 27, 6 ) ;
#3995 = DATE_AND_TIME ( #3994, #3993 ) ;
#3996 = APPROVAL_DATE_TIME ( #3995, #998 ) ;
#3997 = PERSON_AND_ORGANIZATION ( #2521, #3954 ) ;
#3998 = COORDINATED_UNIVERSAL_TIME_OFFSET ( 9, 0, .AHEAD. ) ;
#3999 = LOCAL_TIME ( 11, 32, 13.00000000000000000, #3998 ) ;
#4000 = CALENDAR_DATE ( 2014, 27, 6 ) ;
#4001 = DATE_AND_TIME ( #4000, #3999 ) ;
#4002 = PERSON_AND_ORGANIZATION ( #2521, #3954 ) ;
#4003 = APPROVAL_PERSON_ORGANIZATION ( #4002, #1003, #3489 ) ;
#4004 = COORDINATED_UNIVERSAL_TIME_OFFSET ( 9, 0, .AHEAD. ) ;
#4005 = LOCAL_TIME ( 11, 32, 13.00000000000000000, #4004 ) ;
#4006 = CALENDAR_DATE ( 2014, 27, 6 ) ;
#4007 = DATE_AND_TIME ( #4006, #4005 ) ;
#4008 = APPROVAL_DATE_TIME ( #4007, #1003 ) ;
#4009 = PERSON_AND_ORGANIZATION ( #2521, #3954 ) ;
#4010 = PERSON_AND_ORGANIZATION ( #2521, #3954 ) ;
#4011 = PERSON_AND_ORGANIZATION ( #2521, #3954 ) ;
#4012 = COORDINATED_UNIVERSAL_TIME_OFFSET ( 9, 0, .AHEAD. ) ;
#4013 = LOCAL_TIME ( 11, 32, 13.00000000000000000, #4012 ) ;
#4014 = CALENDAR_DATE ( 2014, 27, 6 ) ;
#4015 = DATE_AND_TIME ( #4014, #4013 ) ;
#4016 = PERSON_AND_ORGANIZATION ( #2521, #3954 ) ;
#4017 = APPROVAL_PERSON_ORGANIZATION ( #4016, #1010, #3496 ) ;
#4018 = COORDINATED_UNIVERSAL_TIME_OFFSET ( 9, 0, .AHEAD. ) ;
#4019 = LOCAL_TIME ( 11, 32, 13.00000000000000000, #4018 ) ;
#4020 = CALENDAR_DATE ( 2014, 27, 6 ) ;
#4021 = DATE_AND_TIME ( #4020, #4019 ) ;
#4022 = APPROVAL_DATE_TIME ( #4021, #1010 ) ;
#4023 = PERSON_AND_ORGANIZATION ( #2521, #3954 ) ;
#4024 = PERSON_AND_ORGANIZATION ( #2521, #3954 ) ;
#4025 = APPROVAL_PERSON_ORGANIZATION ( #4024, #1015, #3503 ) ;
#4026 = COORDINATED_UNIVERSAL_TIME_OFFSET ( 9, 0, .AHEAD. ) ;
#4027 = LOCAL_TIME ( 11, 32, 13.00000000000000000, #4026 ) ;
#4028 = CALENDAR_DATE ( 2014, 27, 6 ) ;
#4029 = DATE_AND_TIME ( #4028, #4027 ) ;
#4030 = APPROVAL_DATE_TIME ( #4029, #1015 ) ;
#4031 = PERSON_AND_ORGANIZATION ( #2521, #3954 ) ;
#4032 = COORDINATED_UNIVERSAL_TIME_OFFSET ( 9, 0, .AHEAD. ) ;
#4033 = LOCAL_TIME ( 11, 32, 13.00000000000000000, #4032 ) ;
#4034 = CALENDAR_DATE ( 2014, 27, 6 ) ;
#4035 = DATE_AND_TIME ( #4034, #4033 ) ;
#4036 = PERSON_AND_ORGANIZATION ( #2521, #3954 ) ;
#4037 = APPROVAL_PERSON_ORGANIZATION ( #4036, #1020, #3507 ) ;
#4038 = COORDINATED_UNIVERSAL_TIME_OFFSET ( 9, 0, .AHEAD. ) ;
#4039 = LOCAL_TIME ( 11, 32, 13.00000000000000000, #4038 ) ;
#4040 = CALENDAR_DATE ( 2014, 27, 6 ) ;
#4041 = DATE_AND_TIME ( #4040, #4039 ) ;
#4042 = APPROVAL_DATE_TIME ( #4041, #1020 ) ;
#4043 = PERSON_AND_ORGANIZATION ( #2521, #3954 ) ;
#4044 = PERSON_AND_ORGANIZATION ( #2521, #3954 ) ;
#4045 = PERSON_AND_ORGANIZATION ( #2521, #3954 ) ;
#4046 = COORDINATED_UNIVERSAL_TIME_OFFSET ( 9, 0, .AHEAD. ) ;
#4047 = LOCAL_TIME ( 11, 32, 13.00000000000000000, #4046 ) ;
#4048 = CALENDAR_DATE ( 2014, 27, 6 ) ;
#4049 = DATE_AND_TIME ( #4048, #4047 ) ;
#4050 = PERSON_AND_ORGANIZATION ( #2521, #3954 ) ;
#4051 = APPROVAL_PERSON_ORGANIZATION ( #4050, #1027, #3514 ) ;
#4052 = COORDINATED_UNIVERSAL_TIME_OFFSET ( 9, 0, .AHEAD. ) ;
#4053 = LOCAL_TIME ( 11, 32, 13.00000000000000000, #4052 ) ;
#4054 = CALENDAR_DATE ( 2014, 27, 6 ) ;
#4055 = DATE_AND_TIME ( #4054, #4053 ) ;
#4056 = APPROVAL_DATE_TIME ( #4055, #1027 ) ;
#4057 = ITEM_DEFINED_TRANSFORMATION ( 'NONE', 'NONE', #3018,  #3014 ) ;
#4058 =( BOUNDED_CURVE ( )  B_SPLINE_CURVE ( 3, ( #3212, #3220, #3225, #3226 ),
 .UNSPECIFIED., .F., .T. ) 
 B_SPLINE_CURVE_WITH_KNOTS ( ( 4, 4 ),
 ( 0.4120138525835691000, 0.9817312676160128100 ),
 .UNSPECIFIED. ) 
 CURVE ( )  GEOMETRIC_REPRESENTATION_ITEM ( )  RATIONAL_B_SPLINE_CURVE ( ( 1.000000000000000000, 0.9731342456751737000, 0.9731342456751737000, 1.000000000000000000 ) ) 
 REPRESENTATION_ITEM ( '' )  );
#4059 = COORDINATED_UNIVERSAL_TIME_OFFSET ( 9, 0, .AHEAD. ) ;
#4060 = LOCAL_TIME ( 11, 32, 13.00000000000000000, #4059 ) ;
#4061 = CALENDAR_DATE ( 2014, 27, 6 ) ;
#4062 = DATE_AND_TIME ( #4061, #4060 ) ;
#4063 = COORDINATED_UNIVERSAL_TIME_OFFSET ( 9, 0, .AHEAD. ) ;
#4064 = LOCAL_TIME ( 11, 32, 13.00000000000000000, #4063 ) ;
#4065 = CALENDAR_DATE ( 2014, 27, 6 ) ;
#4066 = DATE_AND_TIME ( #4065, #4064 ) ;
#4067 = APPROVAL_DATE_TIME ( #4066, #1032 ) ;
#4068 = ORGANIZATION ( 'NAUO-ORG1', 'UNSPECIFIED', 'UNSPECIFIED' ) ;
#4069 = PERSON_AND_ORGANIZATION ( #2524, #4068 ) ;
#4070 = APPROVAL_PERSON_ORGANIZATION ( #4069, #1032, #3518 ) ;
#4071 = CONTEXT_DEPENDENT_SHAPE_REPRESENTATION ( #3515, #3683 ) ;
#4072 = ITEM_DEFINED_TRANSFORMATION ( 'NONE', 'NONE', #3019,  #3016 ) ;
#4073 = B_SPLINE_CURVE_WITH_KNOTS ( 'NONE', 3,
 ( #3194, #3193, #3197, #3198, #3199, #3200 ),
 .UNSPECIFIED., .F., .F.,
 ( 4, 2, 4 ),
 ( -1.789467728127873700E-005, 0.001788657866986771600, 0.003595210411254821600 ),
 .UNSPECIFIED. ) ;
#4074 = COORDINATED_UNIVERSAL_TIME_OFFSET ( 9, 0, .AHEAD. ) ;
#4075 = LOCAL_TIME ( 11, 32, 13.00000000000000000, #4074 ) ;
#4076 = CALENDAR_DATE ( 2014, 27, 6 ) ;
#4077 = DATE_AND_TIME ( #4076, #4075 ) ;
#4078 = COORDINATED_UNIVERSAL_TIME_OFFSET ( 9, 0, .AHEAD. ) ;
#4079 = LOCAL_TIME ( 11, 32, 13.00000000000000000, #4078 ) ;
#4080 = CALENDAR_DATE ( 2014, 27, 6 ) ;
#4081 = DATE_AND_TIME ( #4080, #4079 ) ;
#4082 = APPROVAL_DATE_TIME ( #4081, #1038 ) ;
#4083 = ORGANIZATION ( 'NAUO-ORG2', 'UNSPECIFIED', 'UNSPECIFIED' ) ;
#4084 = PERSON_AND_ORGANIZATION ( #2525, #4083 ) ;
#4085 = APPROVAL_PERSON_ORGANIZATION ( #4084, #1038, #3524 ) ;
#4086 = CONTEXT_DEPENDENT_SHAPE_REPRESENTATION ( #3521, #3688 ) ;
#4087 = B_SPLINE_CURVE_WITH_KNOTS ( 'NONE', 3,
 ( #37, #38, #43, #44 ),
 .UNSPECIFIED., .F., .F.,
 ( 4, 4 ),
 ( 2.386635462456519400E-007, 0.002668590896757885200 ),
 .UNSPECIFIED. ) ;
#4088 = B_SPLINE_CURVE_WITH_KNOTS ( 'NONE', 3,
 ( #34, #42, #46, #47 ),
 .UNSPECIFIED., .F., .F.,
 ( 4, 4 ),
 ( 2.386635454783034000E-007, 0.002668590896748649900 ),
 .UNSPECIFIED. ) ;
#4089 = B_SPLINE_CURVE_WITH_KNOTS ( 'NONE', 3,
 ( #48, #67, #72, #73 ),
 .UNSPECIFIED., .F., .F.,
 ( 4, 4 ),
 ( 0.002668590896754741400, 0.005338812621519685600 ),
 .UNSPECIFIED. ) ;
#4090 = B_SPLINE_CURVE_WITH_KNOTS ( 'NONE', 3,
 ( #68, #45, #74, #75 ),
 .UNSPECIFIED., .F., .F.,
 ( 4, 4 ),
 ( 2.386635454774461500E-007, 0.002668590896762659100 ),
 .UNSPECIFIED. ) ;
#4091 = B_SPLINE_CURVE_WITH_KNOTS ( 'NONE', 3,
 ( #79, #80, #85, #86 ),
 .UNSPECIFIED., .F., .F.,
 ( 4, 4 ),
 ( 0.002668590896748649900, 0.005338812621508717800 ),
 .UNSPECIFIED. ) ;
#4092 = B_SPLINE_CURVE_WITH_KNOTS ( 'NONE', 3,
 ( #84, #91, #96, #97, #98, #99 ),
 .UNSPECIFIED., .F., .F.,
 ( 4, 2, 4 ),
 ( 0.003779596893032039900, 0.005109104586522641800, 0.006438612280013243300 ),
 .UNSPECIFIED. ) ;
#4093 = B_SPLINE_CURVE_WITH_KNOTS ( 'NONE', 3,
 ( #87, #95, #102, #103 ),
 .UNSPECIFIED., .F., .F.,
 ( 4, 4 ),
 ( 0.002668590896755983500, 0.005338812621507661400 ),
 .UNSPECIFIED. ) ;
#4094 = B_SPLINE_CURVE_WITH_KNOTS ( 'NONE', 3,
 ( #101, #100, #104, #105, #106, #107 ),
 .UNSPECIFIED., .F., .F.,
 ( 4, 2, 4 ),
 ( 0.003779596893139328600, 0.005109104586628599600, 0.006438612280117871400 ),
 .UNSPECIFIED. ) ;
#4095 = B_SPLINE_CURVE_WITH_KNOTS ( 'NONE', 3,
 ( #108, #109, #114, #115 ),
 .UNSPECIFIED., .F., .F.,
 ( 4, 4 ),
 ( 2.386635454779077800E-007, 0.002668590896756943600 ),
 .UNSPECIFIED. ) ;
#4096 = B_SPLINE_CURVE_WITH_KNOTS ( 'NONE', 3,
 ( #113, #119, #136, #137, #138, #139 ),
 .UNSPECIFIED., .F., .F.,
 ( 4, 2, 4 ),
 ( 0.008358151445468975400, 0.009681648362448627700, 0.01100514527942827800 ),
 .UNSPECIFIED. ) ;
#4097 = B_SPLINE_CURVE_WITH_KNOTS ( 'NONE', 3,
 ( #140, #141, #145, #146 ),
 .UNSPECIFIED., .F., .F.,
 ( 4, 4 ),
 ( 0.002668590896762659100, 0.005338812621520252900 ),
 .UNSPECIFIED. ) ;
#4098 = B_SPLINE_CURVE_WITH_KNOTS ( 'NONE', 3,
 ( #147, #148, #153, #154, #155, #156, #157, #158 ),
 .UNSPECIFIED., .F., .F.,
 ( 4, 2, 2, 4 ),
 ( -1.681091803475062600E-005, 0.001818665626579165600, 0.002736403898886119700, 0.003654142171193074500 ),
 .UNSPECIFIED. ) ;
#4099 = B_SPLINE_CURVE_WITH_KNOTS ( 'NONE', 3,
 ( #159, #135, #160, #161 ),
 .UNSPECIFIED., .F., .F.,
 ( 4, 4 ),
 ( 2.386635454774790800E-007, 0.002668590896754741400 ),
 .UNSPECIFIED. ) ;
#4100 = B_SPLINE_CURVE_WITH_KNOTS ( 'NONE', 3,
 ( #163, #162, #168, #169, #170, #171 ),
 .UNSPECIFIED., .F., .F.,
 ( 4, 2, 4 ),
 ( 0.006438612280013243300, 0.007769544136035384100, 0.009100475992057524900 ),
 .UNSPECIFIED. ) ;
#4101 = B_SPLINE_CURVE_WITH_KNOTS ( 'NONE', 3,
 ( #164, #152, #173, #174, #175, #176, #177, #178 ),
 .UNSPECIFIED., .F., .F.,
 ( 4, 2, 2, 4 ),
 ( 0.003959966490778288300, 0.004947537214319517100, 0.005935107937860745900, 0.007910249384943203500 ),
 .UNSPECIFIED. ) ;
#4102 = B_SPLINE_CURVE_WITH_KNOTS ( 'NONE', 3,
 ( #181, #182, #188, #189 ),
 .UNSPECIFIED., .F., .F.,
 ( 4, 4 ),
 ( 2.412733752967818200E-007, 0.003959966490777885900 ),
 .UNSPECIFIED. ) ;
#4103 = B_SPLINE_CURVE_WITH_KNOTS ( 'NONE', 3,
 ( #183, #180, #192, #193, #194, #195, #196, #197 ),
 .UNSPECIFIED., .F., .F.,
 ( 4, 2, 2, 4 ),
 ( 0.003959966490777885900, 0.004947537214319328000, 0.005935107937860769300, 0.007910249384943649300 ),
 .UNSPECIFIED. ) ;
#4104 = B_SPLINE_CURVE_WITH_KNOTS ( 'NONE', 3,
 ( #200, #198, #202, #203, #204, #205 ),
 .UNSPECIFIED., .F., .F.,
 ( 4, 2, 4 ),
 ( 0.02592881183242321000, 0.02788849747870285000, 0.02984818312498249000 ),
 .UNSPECIFIED. ) ;
#4105 = B_SPLINE_CURVE_WITH_KNOTS ( 'NONE', 3,
 ( #215, #210, #211, #216, #217, #218 ),
 .UNSPECIFIED., .F., .F.,
 ( 4, 2, 4 ),
 ( 0.02480887079912515200, 0.02678743925767045800, 0.02876600771621576300 ),
 .UNSPECIFIED. ) ;
#4106 = B_SPLINE_CURVE_WITH_KNOTS ( 'NONE', 3,
 ( #219, #201, #206, #220, #221, #222, #223, #224, #225, #226 ),
 .UNSPECIFIED., .F., .F.,
 ( 4, 2, 2, 2, 4 ),
 ( 2.412733755997804900E-007, 0.003955245329159629700, 0.004943996343105636800, 0.005932747357051644700, 0.007910249384943664900 ),
 .UNSPECIFIED. ) ;
#4107 = B_SPLINE_CURVE_WITH_KNOTS ( 'NONE', 3,
 ( #229, #230, #235, #236 ),
 .UNSPECIFIED., .F., .F.,
 ( 4, 4 ),
 ( 2.412733758990158400E-007, 0.003959966490778526900 ),
 .UNSPECIFIED. ) ;
#4108 = B_SPLINE_CURVE_WITH_KNOTS ( 'NONE', 3,
 ( #237, #231, #239, #240, #241, #242, #243, #244 ),
 .UNSPECIFIED., .F., .F.,
 ( 4, 2, 2, 4 ),
 ( 0.003959966490778526900, 0.004947537214319735700, 0.005935107937860943600, 0.007910249384943357800 ),
 .UNSPECIFIED. ) ;
#4109 = B_SPLINE_CURVE_WITH_KNOTS ( 'NONE', 3,
 ( #256, #254, #258, #259, #260, #261, #262, #263 ),
 .UNSPECIFIED., .F., .F.,
 ( 4, 2, 2, 4 ),
 ( 0.003959966490778213700, 0.004947537214319451200, 0.005935107937860687800, 0.007910249384943158400 ),
 .UNSPECIFIED. ) ;
#4110 = B_SPLINE_CURVE_WITH_KNOTS ( 'NONE', 3,
 ( #249, #257, #264, #3034 ),
 .UNSPECIFIED., .F., .F.,
 ( 4, 4 ),
 ( 2.412733755992791000E-007, 0.003959966490778213700 ),
 .UNSPECIFIED. ) ;
#4111 = B_SPLINE_CURVE_WITH_KNOTS ( 'NONE', 3,
 ( #3073, #3071, #3076, #3077 ),
 .UNSPECIFIED., .F., .F.,
 ( 4, 4 ),
 ( 2.412733755268055800E-007, 0.003959966490778288300 ),
 .UNSPECIFIED. ) ;
#4112 = B_SPLINE_CURVE_WITH_KNOTS ( 'NONE', 3,
 ( #3095, #3102, #3108, #3109, #3110, #3111, #3112, #3113, #3114, #3115 ),
 .UNSPECIFIED., .F., .F.,
 ( 4, 2, 2, 2, 4 ),
 ( 2.412733755986130100E-007, 0.003955245329159383400, 0.004943996343105328900, 0.005932747357051273500, 0.007910249384943161800 ),
 .UNSPECIFIED. ) ;
#4113 = B_SPLINE_CURVE_WITH_KNOTS ( 'NONE', 3,
 ( #3118, #3116, #3103, #3119, #3120, #3121, #3122, #3123, #3124, #3125 ),
 .UNSPECIFIED., .F., .F.,
 ( 4, 2, 2, 2, 4 ),
 ( 2.412733755993531600E-007, 0.003955245329159339100, 0.004943996343105271600, 0.005932747357051205800, 0.007910249384943068100 ),
 .UNSPECIFIED. ) ;
#4114 = B_SPLINE_CURVE_WITH_KNOTS ( 'NONE', 3,
 ( #3140, #3135, #3136, #3141, #3142, #3143 ),
 .UNSPECIFIED., .F., .F.,
 ( 4, 2, 4 ),
 ( 0.01539271594405157100, 0.01735304565967625600, 0.01931337537530094000 ),
 .UNSPECIFIED. ) ;
#4115 = B_SPLINE_CURVE_WITH_KNOTS ( 'NONE', 3,
 ( #3147, #846, #853, #854, #855, #856 ),
 .UNSPECIFIED., .F., .F.,
 ( 4, 2, 4 ),
 ( 0.02086135508525870100, 0.02283511294219192600, 0.02480887079912515200 ),
 .UNSPECIFIED. ) ;
#4116 = B_SPLINE_CURVE_WITH_KNOTS ( 'NONE', 3,
 ( #935, #933, #938, #939, #940, #941, #942, #943, #944, #945, #946, #947, #948, #949, #950, #951, #952, #953, #954, #955, #956, #957, #958, #959, #960, #961, #962, #963, #964, #965, #966, #967 ),
 .UNSPECIFIED., .F., .F.,
 ( 4, 2, 2, 2, 2, 2, 2, 2, 2, 2, 2, 2, 2, 2, 2, 4 ),
 ( 0.02158872808425615200, 0.02243002671725632900, 0.02327132535025651000, 0.02411262398325669100, 0.02495392261625686800, 0.02579522124925704900, 0.02663651988225723000, 0.02831911714825759200, 0.03000171441425795000, 0.03084301304725812700, 0.03168431168025830800, 0.03210496099675840000, 0.03252561031325848500, 0.03336690894625867600, 0.03420820757925886700, 0.03504950621225905200 ),
 .UNSPECIFIED. ) ;
#4117 = B_SPLINE_CURVE_WITH_KNOTS ( 'NONE', 3,
 ( #969, #970, #978, #979, #980, #981, #982, #983, #984, #985, #986, #987 ),
 .UNSPECIFIED., .F., .F.,
 ( 4, 2, 2, 2, 2, 4 ),
 ( 0.0000000000000000000, 0.0005180722103009596500, 0.001036144420601919300, 0.002072288841203833800, 0.003108433261805748400, 0.004144577682407663300 ),
 .UNSPECIFIED. ) ;
#4118 = B_SPLINE_CURVE_WITH_KNOTS ( 'NONE', 3,
 ( #3531, #3527, #3532, #3533, #3534, #3535, #3536, #3537, #3538, #3539 ),
 .UNSPECIFIED., .F., .F.,
 ( 4, 2, 2, 2, 4 ),
 ( 0.004332403349820532200, 0.005417544713085933000, 0.006502686076351333800, 0.007587827439616734600, 0.008672968802882135400 ),
 .UNSPECIFIED. ) ;
#4119 = B_SPLINE_CURVE_WITH_KNOTS ( 'NONE', 3,
 ( #3540, #3541, #3545, #3546, #3547, #3548, #3549, #3550, #3551, #3552, #3553, #3554, #3555, #3556 ),
 .UNSPECIFIED., .F., .F.,
 ( 4, 2, 2, 2, 2, 2, 4 ),
 ( 3.133325520603906800E-017, 0.001284184907666487800, 0.001926277361499716100, 0.002568369815332944400, 0.003852554722999397600, 0.004494647176832624100, 0.005136739630665850700 ),
 .UNSPECIFIED. ) ;
#4120 = B_SPLINE_CURVE_WITH_KNOTS ( 'NONE', 3,
 ( #3567, #3571, #3576, #3577, #3578, #3579, #3580, #3581, #3582, #3583 ),
 .UNSPECIFIED., .F., .F.,
 ( 4, 2, 2, 2, 4 ),
 ( 5.380439989124555000E-017, 0.0009123278001134479300, 0.001824655600226842100, 0.002736983400340236300, 0.003649311200453630400 ),
 .UNSPECIFIED. ) ;
#4121 =( BOUNDED_CURVE ( )  B_SPLINE_CURVE ( 3, ( #3572, #3587, #3592, #3593 ),
 .UNSPECIFIED., .F., .F. ) 
 B_SPLINE_CURVE_WITH_KNOTS ( ( 4, 4 ),
 ( 5.301454039563619600, 5.871171454595847500 ),
 .UNSPECIFIED. ) 
 CURVE ( )  GEOMETRIC_REPRESENTATION_ITEM ( )  RATIONAL_B_SPLINE_CURVE ( ( 1.000000000000000000, 0.9731342456751941300, 0.9731342456751941300, 1.000000000000000000 ) ) 
 REPRESENTATION_ITEM ( '' )  );
#4122 = B_SPLINE_CURVE_WITH_KNOTS ( 'NONE', 3,
 ( #3601, #3602, #3607, #3608, #3609, #3610, #3611, #3612, #3613, #3614 ),
 .UNSPECIFIED., .F., .F.,
 ( 4, 2, 2, 2, 4 ),
 ( 0.0000000000000000000, 0.001270455013181123100, 0.001905682519771685200, 0.002223296273066967100, 0.002540910026362249600 ),
 .UNSPECIFIED. ) ;
#4123 =( BOUNDED_CURVE ( )  B_SPLINE_CURVE ( 3, ( #3596, #3606, #3618, #3619 ),
 .UNSPECIFIED., .F., .T. ) 
 B_SPLINE_CURVE_WITH_KNOTS ( ( 4, 4 ),
 ( 5.230194748644162700, 6.283185307179586200 ),
 .UNSPECIFIED. ) 
 CURVE ( )  GEOMETRIC_REPRESENTATION_ITEM ( )  RATIONAL_B_SPLINE_CURVE ( ( 1.000000000000000000, 0.9097156807441143500, 0.9097156807441143500, 1.000000000000000000 ) ) 
 REPRESENTATION_ITEM ( '' )  );
#4124 = B_SPLINE_CURVE_WITH_KNOTS ( 'NONE', 3,
 ( #3621, #3615, #3624, #3625, #3626, #3627, #3628, #3629, #3630, #3631 ),
 .UNSPECIFIED., .F., .F.,
 ( 4, 2, 2, 2, 4 ),
 ( 0.0000000000000000000, 0.001783625704219396600, 0.002675438556329092600, 0.003121344982383940100, 0.003567251408438788400 ),
 .UNSPECIFIED. ) ;
#4125 = B_SPLINE_CURVE_WITH_KNOTS ( 'NONE', 3,
 ( #3617, #3622, #3635, #3636, #3637, #3638, #3639, #3640, #3641, #3642 ),
 .UNSPECIFIED., .F., .F.,
 ( 4, 2, 2, 2, 4 ),
 ( 0.0000000000000000000, 0.001083100837455133100, 0.002166201674910266100, 0.003249302512365399200, 0.004332403349820532200 ),
 .UNSPECIFIED. ) ;
#4126 =( BOUNDED_CURVE ( )  B_SPLINE_CURVE ( 3, ( #3634, #3633, #3644, #3645 ),
 .UNSPECIFIED., .F., .T. ) 
 B_SPLINE_CURVE_WITH_KNOTS ( ( 4, 4 ),
 ( 0.0000000000000000000, 1.052990558535372300 ),
 .UNSPECIFIED. ) 
 CURVE ( )  GEOMETRIC_REPRESENTATION_ITEM ( )  RATIONAL_B_SPLINE_CURVE ( ( 1.000000000000000000, 0.9097156807441229000, 0.9097156807441229000, 1.000000000000000000 ) ) 
 REPRESENTATION_ITEM ( '' )  );
#4127 = B_SPLINE_CURVE_WITH_KNOTS ( 'NONE', 3,
 ( #3647, #3646, #3152, #3153, #3154, #3155, #3156, #3157, #3158, #3159, #3160, #3161 ),
 .UNSPECIFIED., .F., .F.,
 ( 4, 2, 2, 2, 2, 4 ),
 ( 0.005136739630665850700, 0.006417577615907459400, 0.007698415601149068100, 0.008338834593769873400, 0.008979253586390675100, 0.01026009157163228400 ),
 .UNSPECIFIED. ) ;
#4128 =( BOUNDED_CURVE ( )  B_SPLINE_CURVE ( 3, ( #3186, #3182, #3189, #3190 ),
 .UNSPECIFIED., .F., .F. ) 
 B_SPLINE_CURVE_WITH_KNOTS ( ( 4, 4 ),
 ( 5.230194748644200000, 6.283185307179586200 ),
 .UNSPECIFIED. ) 
 CURVE ( )  GEOMETRIC_REPRESENTATION_ITEM ( )  RATIONAL_B_SPLINE_CURVE ( ( 1.000000000000000000, 0.9097156807441206800, 0.9097156807441206800, 1.000000000000000000 ) ) 
 REPRESENTATION_ITEM ( '' )  );
#4129 =( BOUNDED_CURVE ( )  B_SPLINE_CURVE ( 3, ( #3187, #3188, #3195, #3196 ),
 .UNSPECIFIED., .F., .T. ) 
 B_SPLINE_CURVE_WITH_KNOTS ( ( 4, 4 ),
 ( 0.4120138525837231400, 0.7262766787633566600 ),
 .UNSPECIFIED. ) 
 CURVE ( )  GEOMETRIC_REPRESENTATION_ITEM ( )  RATIONAL_B_SPLINE_CURVE ( ( 1.000000000000000000, 0.9917868260201678800, 0.9917868260201678800, 1.000000000000000000 ) ) 
 REPRESENTATION_ITEM ( '' )  );
#4130 = B_SPLINE_CURVE_WITH_KNOTS ( 'NONE', 3,
 ( #3216, #3224, #3227, #3228, #3229, #3230, #3231, #3232, #3233, #3234, #3235, #3236, #3237, #3238, #3239, #3240, #3241, #3242, #3243, #3244, #3245, #3246 ),
 .UNSPECIFIED., .F., .F.,
 ( 4, 2, 2, 2, 2, 2, 2, 2, 2, 2, 4 ),
 ( 0.0000000000000000000, 0.0004779922227565693200, 0.0009559844455131386400, 0.001911968891026278200, 0.002867953336539417800, 0.003823937782052557200, 0.004779922227565697000, 0.005735906673078836400, 0.006691891118591975800, 0.007169883341348545100, 0.007647875564105116100 ),
 .UNSPECIFIED. ) ;
#4131 = NEXT_ASSEMBLY_USAGE_OCCURRENCE ( 'NAUO1', ' ', ' ', #3026, #1014, $ ) ;
#4132 = NEXT_ASSEMBLY_USAGE_OCCURRENCE ( 'NAUO2', ' ', ' ', #3026, #997, $ ) ;
ENDSEC;
END-ISO-10303-21;
