ISO-10303-21;
HEADER;
/* Generated by software containing ST-Developer
 * from STEP Tools, Inc. (www.steptools.com) 
 */

FILE_DESCRIPTION(
/* description */ (''),
/* implementation_level */ '2;1');

FILE_NAME(
/* name */ 'MultiPassSCAN_outsideIn-DFMOD_SCAN_COLOR.stp',
/* time_stamp */ '2025-08-09T14:40:42-05:00',
/* author */ ('farin012'),
/* organization */ (''),
/* preprocessor_version */ 'ST-DEVELOPER v20.1',
/* originating_system */ 'Autodesk Inventor 2026',
/* authorisation */ '');

FILE_SCHEMA (('AP203_CONFIGURATION_CONTROLLED_3D_DESIGN_OF_MECHANICAL_PARTS_AND_ASSEMBLIES_MIM_LF { 1 0 10303 203 3 1 4 }',
'AUTOMOTIVE_DESIGN { 1 0 10303 214 3 1 1 }'));
ENDSEC;

DATA;
#10=MECHANICAL_DESIGN_GEOMETRIC_PRESENTATION_REPRESENTATION('',(#269,#270,
#271,#272,#273,#274,#275,#276,#277,#278,#279,#280,#281,#282,#283,#284,#285,
#286,#287,#288,#289,#290,#291,#292,#293,#294,#295,#296,#297,#298,#299,#300,
#301,#302,#303,#304,#305,#306,#307,#308,#309,#310,#311,#312,#313,#314,#315,
#316,#317,#318,#319,#320,#321,#322,#323,#324,#325,#326,#327,#328,#329),
#1954);
#11=ITEM_DEFINED_TRANSFORMATION($,$,#1268,#1373);
#12=ITEM_DEFINED_TRANSFORMATION($,$,#1268,#1374);
#13=ITEM_DEFINED_TRANSFORMATION($,$,#1276,#1375);
#14=ITEM_DEFINED_TRANSFORMATION($,$,#1276,#1376);
#15=ITEM_DEFINED_TRANSFORMATION($,$,#1276,#1377);
#16=ITEM_DEFINED_TRANSFORMATION($,$,#1276,#1378);
#17=ITEM_DEFINED_TRANSFORMATION($,$,#1289,#1379);
#18=ITEM_DEFINED_TRANSFORMATION($,$,#1289,#1380);
#19=ITEM_DEFINED_TRANSFORMATION($,$,#1295,#1381);
#20=ITEM_DEFINED_TRANSFORMATION($,$,#1301,#1382);
#21=ITEM_DEFINED_TRANSFORMATION($,$,#1301,#1383);
#22=ITEM_DEFINED_TRANSFORMATION($,$,#1301,#1384);
#23=ITEM_DEFINED_TRANSFORMATION($,$,#1307,#1385);
#24=ITEM_DEFINED_TRANSFORMATION($,$,#1313,#1386);
#25=ITEM_DEFINED_TRANSFORMATION($,$,#1319,#1387);
#26=ITEM_DEFINED_TRANSFORMATION($,$,#1319,#1388);
#27=ITEM_DEFINED_TRANSFORMATION($,$,#1319,#1389);
#28=ITEM_DEFINED_TRANSFORMATION($,$,#1325,#1390);
#29=ITEM_DEFINED_TRANSFORMATION($,$,#1325,#1391);
#30=ITEM_DEFINED_TRANSFORMATION($,$,#1331,#1392);
#31=ITEM_DEFINED_TRANSFORMATION($,$,#1331,#1393);
#32=ITEM_DEFINED_TRANSFORMATION($,$,#1337,#1394);
#33=ITEM_DEFINED_TRANSFORMATION($,$,#1343,#1395);
#34=ITEM_DEFINED_TRANSFORMATION($,$,#1343,#1396);
#35=ITEM_DEFINED_TRANSFORMATION($,$,#1343,#1397);
#36=ITEM_DEFINED_TRANSFORMATION($,$,#1349,#1398);
#37=ITEM_DEFINED_TRANSFORMATION($,$,#1349,#1399);
#38=ITEM_DEFINED_TRANSFORMATION($,$,#1349,#1400);
#39=ITEM_DEFINED_TRANSFORMATION($,$,#1349,#1401);
#40=ITEM_DEFINED_TRANSFORMATION($,$,#1355,#1402);
#41=ITEM_DEFINED_TRANSFORMATION($,$,#1355,#1403);
#42=ITEM_DEFINED_TRANSFORMATION($,$,#1355,#1404);
#43=ITEM_DEFINED_TRANSFORMATION($,$,#1355,#1405);
#44=ITEM_DEFINED_TRANSFORMATION($,$,#1361,#1406);
#45=ITEM_DEFINED_TRANSFORMATION($,$,#1361,#1407);
#46=ITEM_DEFINED_TRANSFORMATION($,$,#1361,#1408);
#47=ITEM_DEFINED_TRANSFORMATION($,$,#1361,#1409);
#48=ITEM_DEFINED_TRANSFORMATION($,$,#1367,#1410);
#49=(
REPRESENTATION_RELATIONSHIP($,$,#2032,#2031)
REPRESENTATION_RELATIONSHIP_WITH_TRANSFORMATION(#11)
SHAPE_REPRESENTATION_RELATIONSHIP()
);
#50=(
REPRESENTATION_RELATIONSHIP($,$,#2032,#2031)
REPRESENTATION_RELATIONSHIP_WITH_TRANSFORMATION(#12)
SHAPE_REPRESENTATION_RELATIONSHIP()
);
#51=(
REPRESENTATION_RELATIONSHIP($,$,#2033,#2031)
REPRESENTATION_RELATIONSHIP_WITH_TRANSFORMATION(#13)
SHAPE_REPRESENTATION_RELATIONSHIP()
);
#52=(
REPRESENTATION_RELATIONSHIP($,$,#2033,#2031)
REPRESENTATION_RELATIONSHIP_WITH_TRANSFORMATION(#14)
SHAPE_REPRESENTATION_RELATIONSHIP()
);
#53=(
REPRESENTATION_RELATIONSHIP($,$,#2033,#2031)
REPRESENTATION_RELATIONSHIP_WITH_TRANSFORMATION(#15)
SHAPE_REPRESENTATION_RELATIONSHIP()
);
#54=(
REPRESENTATION_RELATIONSHIP($,$,#2033,#2031)
REPRESENTATION_RELATIONSHIP_WITH_TRANSFORMATION(#16)
SHAPE_REPRESENTATION_RELATIONSHIP()
);
#55=(
REPRESENTATION_RELATIONSHIP($,$,#2034,#2031)
REPRESENTATION_RELATIONSHIP_WITH_TRANSFORMATION(#17)
SHAPE_REPRESENTATION_RELATIONSHIP()
);
#56=(
REPRESENTATION_RELATIONSHIP($,$,#2034,#2031)
REPRESENTATION_RELATIONSHIP_WITH_TRANSFORMATION(#18)
SHAPE_REPRESENTATION_RELATIONSHIP()
);
#57=(
REPRESENTATION_RELATIONSHIP($,$,#2035,#2031)
REPRESENTATION_RELATIONSHIP_WITH_TRANSFORMATION(#19)
SHAPE_REPRESENTATION_RELATIONSHIP()
);
#58=(
REPRESENTATION_RELATIONSHIP($,$,#2036,#2031)
REPRESENTATION_RELATIONSHIP_WITH_TRANSFORMATION(#20)
SHAPE_REPRESENTATION_RELATIONSHIP()
);
#59=(
REPRESENTATION_RELATIONSHIP($,$,#2036,#2031)
REPRESENTATION_RELATIONSHIP_WITH_TRANSFORMATION(#21)
SHAPE_REPRESENTATION_RELATIONSHIP()
);
#60=(
REPRESENTATION_RELATIONSHIP($,$,#2036,#2031)
REPRESENTATION_RELATIONSHIP_WITH_TRANSFORMATION(#22)
SHAPE_REPRESENTATION_RELATIONSHIP()
);
#61=(
REPRESENTATION_RELATIONSHIP($,$,#2037,#2031)
REPRESENTATION_RELATIONSHIP_WITH_TRANSFORMATION(#23)
SHAPE_REPRESENTATION_RELATIONSHIP()
);
#62=(
REPRESENTATION_RELATIONSHIP($,$,#2038,#2031)
REPRESENTATION_RELATIONSHIP_WITH_TRANSFORMATION(#24)
SHAPE_REPRESENTATION_RELATIONSHIP()
);
#63=(
REPRESENTATION_RELATIONSHIP($,$,#2039,#2031)
REPRESENTATION_RELATIONSHIP_WITH_TRANSFORMATION(#25)
SHAPE_REPRESENTATION_RELATIONSHIP()
);
#64=(
REPRESENTATION_RELATIONSHIP($,$,#2039,#2031)
REPRESENTATION_RELATIONSHIP_WITH_TRANSFORMATION(#26)
SHAPE_REPRESENTATION_RELATIONSHIP()
);
#65=(
REPRESENTATION_RELATIONSHIP($,$,#2039,#2031)
REPRESENTATION_RELATIONSHIP_WITH_TRANSFORMATION(#27)
SHAPE_REPRESENTATION_RELATIONSHIP()
);
#66=(
REPRESENTATION_RELATIONSHIP($,$,#2040,#2031)
REPRESENTATION_RELATIONSHIP_WITH_TRANSFORMATION(#28)
SHAPE_REPRESENTATION_RELATIONSHIP()
);
#67=(
REPRESENTATION_RELATIONSHIP($,$,#2040,#2031)
REPRESENTATION_RELATIONSHIP_WITH_TRANSFORMATION(#29)
SHAPE_REPRESENTATION_RELATIONSHIP()
);
#68=(
REPRESENTATION_RELATIONSHIP($,$,#2041,#2031)
REPRESENTATION_RELATIONSHIP_WITH_TRANSFORMATION(#30)
SHAPE_REPRESENTATION_RELATIONSHIP()
);
#69=(
REPRESENTATION_RELATIONSHIP($,$,#2041,#2031)
REPRESENTATION_RELATIONSHIP_WITH_TRANSFORMATION(#31)
SHAPE_REPRESENTATION_RELATIONSHIP()
);
#70=(
REPRESENTATION_RELATIONSHIP($,$,#2042,#2031)
REPRESENTATION_RELATIONSHIP_WITH_TRANSFORMATION(#32)
SHAPE_REPRESENTATION_RELATIONSHIP()
);
#71=(
REPRESENTATION_RELATIONSHIP($,$,#2043,#2031)
REPRESENTATION_RELATIONSHIP_WITH_TRANSFORMATION(#33)
SHAPE_REPRESENTATION_RELATIONSHIP()
);
#72=(
REPRESENTATION_RELATIONSHIP($,$,#2043,#2031)
REPRESENTATION_RELATIONSHIP_WITH_TRANSFORMATION(#34)
SHAPE_REPRESENTATION_RELATIONSHIP()
);
#73=(
REPRESENTATION_RELATIONSHIP($,$,#2043,#2031)
REPRESENTATION_RELATIONSHIP_WITH_TRANSFORMATION(#35)
SHAPE_REPRESENTATION_RELATIONSHIP()
);
#74=(
REPRESENTATION_RELATIONSHIP($,$,#2044,#2031)
REPRESENTATION_RELATIONSHIP_WITH_TRANSFORMATION(#36)
SHAPE_REPRESENTATION_RELATIONSHIP()
);
#75=(
REPRESENTATION_RELATIONSHIP($,$,#2044,#2031)
REPRESENTATION_RELATIONSHIP_WITH_TRANSFORMATION(#37)
SHAPE_REPRESENTATION_RELATIONSHIP()
);
#76=(
REPRESENTATION_RELATIONSHIP($,$,#2044,#2031)
REPRESENTATION_RELATIONSHIP_WITH_TRANSFORMATION(#38)
SHAPE_REPRESENTATION_RELATIONSHIP()
);
#77=(
REPRESENTATION_RELATIONSHIP($,$,#2044,#2031)
REPRESENTATION_RELATIONSHIP_WITH_TRANSFORMATION(#39)
SHAPE_REPRESENTATION_RELATIONSHIP()
);
#78=(
REPRESENTATION_RELATIONSHIP($,$,#2045,#2031)
REPRESENTATION_RELATIONSHIP_WITH_TRANSFORMATION(#40)
SHAPE_REPRESENTATION_RELATIONSHIP()
);
#79=(
REPRESENTATION_RELATIONSHIP($,$,#2045,#2031)
REPRESENTATION_RELATIONSHIP_WITH_TRANSFORMATION(#41)
SHAPE_REPRESENTATION_RELATIONSHIP()
);
#80=(
REPRESENTATION_RELATIONSHIP($,$,#2045,#2031)
REPRESENTATION_RELATIONSHIP_WITH_TRANSFORMATION(#42)
SHAPE_REPRESENTATION_RELATIONSHIP()
);
#81=(
REPRESENTATION_RELATIONSHIP($,$,#2045,#2031)
REPRESENTATION_RELATIONSHIP_WITH_TRANSFORMATION(#43)
SHAPE_REPRESENTATION_RELATIONSHIP()
);
#82=(
REPRESENTATION_RELATIONSHIP($,$,#2046,#2031)
REPRESENTATION_RELATIONSHIP_WITH_TRANSFORMATION(#44)
SHAPE_REPRESENTATION_RELATIONSHIP()
);
#83=(
REPRESENTATION_RELATIONSHIP($,$,#2046,#2031)
REPRESENTATION_RELATIONSHIP_WITH_TRANSFORMATION(#45)
SHAPE_REPRESENTATION_RELATIONSHIP()
);
#84=(
REPRESENTATION_RELATIONSHIP($,$,#2046,#2031)
REPRESENTATION_RELATIONSHIP_WITH_TRANSFORMATION(#46)
SHAPE_REPRESENTATION_RELATIONSHIP()
);
#85=(
REPRESENTATION_RELATIONSHIP($,$,#2046,#2031)
REPRESENTATION_RELATIONSHIP_WITH_TRANSFORMATION(#47)
SHAPE_REPRESENTATION_RELATIONSHIP()
);
#86=(
REPRESENTATION_RELATIONSHIP($,$,#2047,#2031)
REPRESENTATION_RELATIONSHIP_WITH_TRANSFORMATION(#48)
SHAPE_REPRESENTATION_RELATIONSHIP()
);
#87=CONTEXT_DEPENDENT_SHAPE_REPRESENTATION(#49,#1993);
#88=CONTEXT_DEPENDENT_SHAPE_REPRESENTATION(#50,#1994);
#89=CONTEXT_DEPENDENT_SHAPE_REPRESENTATION(#51,#1995);
#90=CONTEXT_DEPENDENT_SHAPE_REPRESENTATION(#52,#1996);
#91=CONTEXT_DEPENDENT_SHAPE_REPRESENTATION(#53,#1997);
#92=CONTEXT_DEPENDENT_SHAPE_REPRESENTATION(#54,#1998);
#93=CONTEXT_DEPENDENT_SHAPE_REPRESENTATION(#55,#1999);
#94=CONTEXT_DEPENDENT_SHAPE_REPRESENTATION(#56,#2000);
#95=CONTEXT_DEPENDENT_SHAPE_REPRESENTATION(#57,#2001);
#96=CONTEXT_DEPENDENT_SHAPE_REPRESENTATION(#58,#2002);
#97=CONTEXT_DEPENDENT_SHAPE_REPRESENTATION(#59,#2003);
#98=CONTEXT_DEPENDENT_SHAPE_REPRESENTATION(#60,#2004);
#99=CONTEXT_DEPENDENT_SHAPE_REPRESENTATION(#61,#2005);
#100=CONTEXT_DEPENDENT_SHAPE_REPRESENTATION(#62,#2006);
#101=CONTEXT_DEPENDENT_SHAPE_REPRESENTATION(#63,#2007);
#102=CONTEXT_DEPENDENT_SHAPE_REPRESENTATION(#64,#2008);
#103=CONTEXT_DEPENDENT_SHAPE_REPRESENTATION(#65,#2009);
#104=CONTEXT_DEPENDENT_SHAPE_REPRESENTATION(#66,#2010);
#105=CONTEXT_DEPENDENT_SHAPE_REPRESENTATION(#67,#2011);
#106=CONTEXT_DEPENDENT_SHAPE_REPRESENTATION(#68,#2012);
#107=CONTEXT_DEPENDENT_SHAPE_REPRESENTATION(#69,#2013);
#108=CONTEXT_DEPENDENT_SHAPE_REPRESENTATION(#70,#2014);
#109=CONTEXT_DEPENDENT_SHAPE_REPRESENTATION(#71,#2015);
#110=CONTEXT_DEPENDENT_SHAPE_REPRESENTATION(#72,#2016);
#111=CONTEXT_DEPENDENT_SHAPE_REPRESENTATION(#73,#2017);
#112=CONTEXT_DEPENDENT_SHAPE_REPRESENTATION(#74,#2018);
#113=CONTEXT_DEPENDENT_SHAPE_REPRESENTATION(#75,#2019);
#114=CONTEXT_DEPENDENT_SHAPE_REPRESENTATION(#76,#2020);
#115=CONTEXT_DEPENDENT_SHAPE_REPRESENTATION(#77,#2021);
#116=CONTEXT_DEPENDENT_SHAPE_REPRESENTATION(#78,#2022);
#117=CONTEXT_DEPENDENT_SHAPE_REPRESENTATION(#79,#2023);
#118=CONTEXT_DEPENDENT_SHAPE_REPRESENTATION(#80,#2024);
#119=CONTEXT_DEPENDENT_SHAPE_REPRESENTATION(#81,#2025);
#120=CONTEXT_DEPENDENT_SHAPE_REPRESENTATION(#82,#2026);
#121=CONTEXT_DEPENDENT_SHAPE_REPRESENTATION(#83,#2027);
#122=CONTEXT_DEPENDENT_SHAPE_REPRESENTATION(#84,#2028);
#123=CONTEXT_DEPENDENT_SHAPE_REPRESENTATION(#85,#2029);
#124=CONTEXT_DEPENDENT_SHAPE_REPRESENTATION(#86,#2030);
#125=NEXT_ASSEMBLY_USAGE_OCCURRENCE('BB1-E02-Solidworks:1',
'BB1-E02-Solidworks:1','BB1-E02-Solidworks:1',#2049,#2050,
'BB1-E02-Solidworks:1');
#126=NEXT_ASSEMBLY_USAGE_OCCURRENCE('BB1-E02-Solidworks:2',
'BB1-E02-Solidworks:2','BB1-E02-Solidworks:2',#2049,#2050,
'BB1-E02-Solidworks:2');
#127=NEXT_ASSEMBLY_USAGE_OCCURRENCE('LA1608-AB-2LOOP_grid:1',
'LA1608-AB-2LOOP_grid:1','LA1608-AB-2LOOP_grid:1',#2049,#2051,
'LA1608-AB-2LOOP_grid:1');
#128=NEXT_ASSEMBLY_USAGE_OCCURRENCE('LA1608-AB-2LOOP_grid:2',
'LA1608-AB-2LOOP_grid:2','LA1608-AB-2LOOP_grid:2',#2049,#2051,
'LA1608-AB-2LOOP_grid:2');
#129=NEXT_ASSEMBLY_USAGE_OCCURRENCE('LA1608-AB-2LOOP_grid:3',
'LA1608-AB-2LOOP_grid:3','LA1608-AB-2LOOP_grid:3',#2049,#2051,
'LA1608-AB-2LOOP_grid:3');
#130=NEXT_ASSEMBLY_USAGE_OCCURRENCE('LA1608-AB-2LOOP_grid:4',
'LA1608-AB-2LOOP_grid:4','LA1608-AB-2LOOP_grid:4',#2049,#2051,
'LA1608-AB-2LOOP_grid:4');
#131=NEXT_ASSEMBLY_USAGE_OCCURRENCE('LOOP1_COLL:1','LOOP1_COLL:1',
'LOOP1_COLL:1',#2049,#2052,'LOOP1_COLL:1');
#132=NEXT_ASSEMBLY_USAGE_OCCURRENCE('LOOP1_COLL:2','LOOP1_COLL:2',
'LOOP1_COLL:2',#2049,#2052,'LOOP1_COLL:2');
#133=NEXT_ASSEMBLY_USAGE_OCCURRENCE('LOOP1_COLL_PREDEF1:1',
'LOOP1_COLL_PREDEF1:1','LOOP1_COLL_PREDEF1:1',#2049,#2053,
'LOOP1_COLL_PREDEF1:1');
#134=NEXT_ASSEMBLY_USAGE_OCCURRENCE('LOOP1_COLL_POSTDEF1:1',
'LOOP1_COLL_POSTDEF1:1','LOOP1_COLL_POSTDEF1:1',#2049,#2054,
'LOOP1_COLL_POSTDEF1:1');
#135=NEXT_ASSEMBLY_USAGE_OCCURRENCE('LOOP1_COLL_POSTDEF1:2',
'LOOP1_COLL_POSTDEF1:2','LOOP1_COLL_POSTDEF1:2',#2049,#2054,
'LOOP1_COLL_POSTDEF1:2');
#136=NEXT_ASSEMBLY_USAGE_OCCURRENCE('LOOP1_COLL_POSTDEF1:3',
'LOOP1_COLL_POSTDEF1:3','LOOP1_COLL_POSTDEF1:3',#2049,#2054,
'LOOP1_COLL_POSTDEF1:3');
#137=NEXT_ASSEMBLY_USAGE_OCCURRENCE('LOOP1_COLL_PREDEF2:1',
'LOOP1_COLL_PREDEF2:1','LOOP1_COLL_PREDEF2:1',#2049,#2055,
'LOOP1_COLL_PREDEF2:1');
#138=NEXT_ASSEMBLY_USAGE_OCCURRENCE('LOOP1_COLL_POSTDEF2:1',
'LOOP1_COLL_POSTDEF2:1','LOOP1_COLL_POSTDEF2:1',#2049,#2056,
'LOOP1_COLL_POSTDEF2:1');
#139=NEXT_ASSEMBLY_USAGE_OCCURRENCE('LOOP2_COLL_PREDEF1:1',
'LOOP2_COLL_PREDEF1:1','LOOP2_COLL_PREDEF1:1',#2049,#2057,
'LOOP2_COLL_PREDEF1:1');
#140=NEXT_ASSEMBLY_USAGE_OCCURRENCE('LOOP2_COLL_PREDEF1:2',
'LOOP2_COLL_PREDEF1:2','LOOP2_COLL_PREDEF1:2',#2049,#2057,
'LOOP2_COLL_PREDEF1:2');
#141=NEXT_ASSEMBLY_USAGE_OCCURRENCE('LOOP2_COLL_PREDEF1:3',
'LOOP2_COLL_PREDEF1:3','LOOP2_COLL_PREDEF1:3',#2049,#2057,
'LOOP2_COLL_PREDEF1:3');
#142=NEXT_ASSEMBLY_USAGE_OCCURRENCE('LOOP2_COLL_POSTDEF1:1',
'LOOP2_COLL_POSTDEF1:1','LOOP2_COLL_POSTDEF1:1',#2049,#2058,
'LOOP2_COLL_POSTDEF1:1');
#143=NEXT_ASSEMBLY_USAGE_OCCURRENCE('LOOP2_COLL_POSTDEF1:2',
'LOOP2_COLL_POSTDEF1:2','LOOP2_COLL_POSTDEF1:2',#2049,#2058,
'LOOP2_COLL_POSTDEF1:2');
#144=NEXT_ASSEMBLY_USAGE_OCCURRENCE('LOOP2_COLL_PREDEF2:1',
'LOOP2_COLL_PREDEF2:1','LOOP2_COLL_PREDEF2:1',#2049,#2059,
'LOOP2_COLL_PREDEF2:1');
#145=NEXT_ASSEMBLY_USAGE_OCCURRENCE('LOOP2_COLL_PREDEF2:2',
'LOOP2_COLL_PREDEF2:2','LOOP2_COLL_PREDEF2:2',#2049,#2059,
'LOOP2_COLL_PREDEF2:2');
#146=NEXT_ASSEMBLY_USAGE_OCCURRENCE('LOOP2_COLL_POSTDEF2:1',
'LOOP2_COLL_POSTDEF2:1','LOOP2_COLL_POSTDEF2:1',#2049,#2060,
'LOOP2_COLL_POSTDEF2:1');
#147=NEXT_ASSEMBLY_USAGE_OCCURRENCE('LaserBeamEntry2_UNDEF:1',
'LaserBeamEntry2_UNDEF:1','LaserBeamEntry2_UNDEF:1',#2049,#2061,
'LaserBeamEntry2_UNDEF:1');
#148=NEXT_ASSEMBLY_USAGE_OCCURRENCE('LaserBeamEntry2_UNDEF:2',
'LaserBeamEntry2_UNDEF:2','LaserBeamEntry2_UNDEF:2',#2049,#2061,
'LaserBeamEntry2_UNDEF:2');
#149=NEXT_ASSEMBLY_USAGE_OCCURRENCE('LaserBeamEntry2_UNDEF:3',
'LaserBeamEntry2_UNDEF:3','LaserBeamEntry2_UNDEF:3',#2049,#2061,
'LaserBeamEntry2_UNDEF:3');
#150=NEXT_ASSEMBLY_USAGE_OCCURRENCE('LaserBeamEntry2_LOOP1DEF1:1',
'LaserBeamEntry2_LOOP1DEF1:1','LaserBeamEntry2_LOOP1DEF1:1',#2049,#2062,
'LaserBeamEntry2_LOOP1DEF1:1');
#151=NEXT_ASSEMBLY_USAGE_OCCURRENCE('LaserBeamEntry2_LOOP1DEF1:2',
'LaserBeamEntry2_LOOP1DEF1:2','LaserBeamEntry2_LOOP1DEF1:2',#2049,#2062,
'LaserBeamEntry2_LOOP1DEF1:2');
#152=NEXT_ASSEMBLY_USAGE_OCCURRENCE('LaserBeamEntry2_LOOP1DEF1:3',
'LaserBeamEntry2_LOOP1DEF1:3','LaserBeamEntry2_LOOP1DEF1:3',#2049,#2062,
'LaserBeamEntry2_LOOP1DEF1:3');
#153=NEXT_ASSEMBLY_USAGE_OCCURRENCE('LaserBeamEntry2_LOOP1DEF1:4',
'LaserBeamEntry2_LOOP1DEF1:4','LaserBeamEntry2_LOOP1DEF1:4',#2049,#2062,
'LaserBeamEntry2_LOOP1DEF1:4');
#154=NEXT_ASSEMBLY_USAGE_OCCURRENCE('LaserBeamEntry2_LOOP1DEF2:1',
'LaserBeamEntry2_LOOP1DEF2:1','LaserBeamEntry2_LOOP1DEF2:1',#2049,#2063,
'LaserBeamEntry2_LOOP1DEF2:1');
#155=NEXT_ASSEMBLY_USAGE_OCCURRENCE('LaserBeamEntry2_LOOP1DEF2:2',
'LaserBeamEntry2_LOOP1DEF2:2','LaserBeamEntry2_LOOP1DEF2:2',#2049,#2063,
'LaserBeamEntry2_LOOP1DEF2:2');
#156=NEXT_ASSEMBLY_USAGE_OCCURRENCE('LaserBeamEntry2_LOOP1DEF2:3',
'LaserBeamEntry2_LOOP1DEF2:3','LaserBeamEntry2_LOOP1DEF2:3',#2049,#2063,
'LaserBeamEntry2_LOOP1DEF2:3');
#157=NEXT_ASSEMBLY_USAGE_OCCURRENCE('LaserBeamEntry2_LOOP1DEF2:4',
'LaserBeamEntry2_LOOP1DEF2:4','LaserBeamEntry2_LOOP1DEF2:4',#2049,#2063,
'LaserBeamEntry2_LOOP1DEF2:4');
#158=NEXT_ASSEMBLY_USAGE_OCCURRENCE('LaserBeamEntry2_LOOP2DEF1:1',
'LaserBeamEntry2_LOOP2DEF1:1','LaserBeamEntry2_LOOP2DEF1:1',#2049,#2064,
'LaserBeamEntry2_LOOP2DEF1:1');
#159=NEXT_ASSEMBLY_USAGE_OCCURRENCE('LaserBeamEntry2_LOOP2DEF1:2',
'LaserBeamEntry2_LOOP2DEF1:2','LaserBeamEntry2_LOOP2DEF1:2',#2049,#2064,
'LaserBeamEntry2_LOOP2DEF1:2');
#160=NEXT_ASSEMBLY_USAGE_OCCURRENCE('LaserBeamEntry2_LOOP2DEF1:3',
'LaserBeamEntry2_LOOP2DEF1:3','LaserBeamEntry2_LOOP2DEF1:3',#2049,#2064,
'LaserBeamEntry2_LOOP2DEF1:3');
#161=NEXT_ASSEMBLY_USAGE_OCCURRENCE('LaserBeamEntry2_LOOP2DEF1:4',
'LaserBeamEntry2_LOOP2DEF1:4','LaserBeamEntry2_LOOP2DEF1:4',#2049,#2064,
'LaserBeamEntry2_LOOP2DEF1:4');
#162=NEXT_ASSEMBLY_USAGE_OCCURRENCE('LaserBeamEntry2_LOOP2DEF2:1',
'LaserBeamEntry2_LOOP2DEF2:1','LaserBeamEntry2_LOOP2DEF2:1',#2049,#2065,
'LaserBeamEntry2_LOOP2DEF2:1');
#163=SPHERICAL_SURFACE('',#1281,38.63);
#164=SHAPE_REPRESENTATION_RELATIONSHIP('SRR','None',#2032,#180);
#165=SHAPE_REPRESENTATION_RELATIONSHIP('SRR','None',#2033,#181);
#166=SHAPE_REPRESENTATION_RELATIONSHIP('SRR','None',#2034,#182);
#167=SHAPE_REPRESENTATION_RELATIONSHIP('SRR','None',#2035,#183);
#168=SHAPE_REPRESENTATION_RELATIONSHIP('SRR','None',#2036,#184);
#169=SHAPE_REPRESENTATION_RELATIONSHIP('SRR','None',#2037,#185);
#170=SHAPE_REPRESENTATION_RELATIONSHIP('SRR','None',#2038,#186);
#171=SHAPE_REPRESENTATION_RELATIONSHIP('SRR','None',#2039,#187);
#172=SHAPE_REPRESENTATION_RELATIONSHIP('SRR','None',#2040,#188);
#173=SHAPE_REPRESENTATION_RELATIONSHIP('SRR','None',#2041,#189);
#174=SHAPE_REPRESENTATION_RELATIONSHIP('SRR','None',#2042,#190);
#175=SHAPE_REPRESENTATION_RELATIONSHIP('SRR','None',#2043,#191);
#176=SHAPE_REPRESENTATION_RELATIONSHIP('SRR','None',#2044,#192);
#177=SHAPE_REPRESENTATION_RELATIONSHIP('SRR','None',#2045,#193);
#178=SHAPE_REPRESENTATION_RELATIONSHIP('SRR','None',#2046,#194);
#179=SHAPE_REPRESENTATION_RELATIONSHIP('SRR','None',#2047,#195);
#180=ADVANCED_BREP_SHAPE_REPRESENTATION('',(#196),#1938);
#181=ADVANCED_BREP_SHAPE_REPRESENTATION('',(#197),#1939);
#182=ADVANCED_BREP_SHAPE_REPRESENTATION('',(#198),#1940);
#183=ADVANCED_BREP_SHAPE_REPRESENTATION('',(#199),#1941);
#184=ADVANCED_BREP_SHAPE_REPRESENTATION('',(#200),#1942);
#185=ADVANCED_BREP_SHAPE_REPRESENTATION('',(#201),#1943);
#186=ADVANCED_BREP_SHAPE_REPRESENTATION('',(#202),#1944);
#187=ADVANCED_BREP_SHAPE_REPRESENTATION('',(#203),#1945);
#188=ADVANCED_BREP_SHAPE_REPRESENTATION('',(#204),#1946);
#189=ADVANCED_BREP_SHAPE_REPRESENTATION('',(#205),#1947);
#190=ADVANCED_BREP_SHAPE_REPRESENTATION('',(#206),#1948);
#191=ADVANCED_BREP_SHAPE_REPRESENTATION('',(#207),#1949);
#192=ADVANCED_BREP_SHAPE_REPRESENTATION('',(#208),#1950);
#193=ADVANCED_BREP_SHAPE_REPRESENTATION('',(#209),#1951);
#194=ADVANCED_BREP_SHAPE_REPRESENTATION('',(#210),#1952);
#195=ADVANCED_BREP_SHAPE_REPRESENTATION('',(#211),#1953);
#196=MANIFOLD_SOLID_BREP('Solid1',#761);
#197=MANIFOLD_SOLID_BREP('Solid1',#762);
#198=MANIFOLD_SOLID_BREP('Solid1',#763);
#199=MANIFOLD_SOLID_BREP('Solid1',#764);
#200=MANIFOLD_SOLID_BREP('Solid1',#765);
#201=MANIFOLD_SOLID_BREP('Solid1',#766);
#202=MANIFOLD_SOLID_BREP('Solid1',#767);
#203=MANIFOLD_SOLID_BREP('Solid1',#768);
#204=MANIFOLD_SOLID_BREP('Solid1',#769);
#205=MANIFOLD_SOLID_BREP('Solid1',#770);
#206=MANIFOLD_SOLID_BREP('Solid1',#771);
#207=MANIFOLD_SOLID_BREP('Solid2',#772);
#208=MANIFOLD_SOLID_BREP('Solid2',#773);
#209=MANIFOLD_SOLID_BREP('Solid2',#774);
#210=MANIFOLD_SOLID_BREP('Solid2',#775);
#211=MANIFOLD_SOLID_BREP('Solid2',#776);
#212=CONICAL_SURFACE('',#1275,0.490157480314961,0.785398163397434);
#213=CONICAL_SURFACE('',#1287,12.5232233047034,0.785398163397448);
#214=CONICAL_SURFACE('',#1288,12.5232233047034,0.785398163397424);
#215=CONICAL_SURFACE('',#1348,1.,0.0333209958782472);
#216=CONICAL_SURFACE('',#1354,1.,0.0333209958782472);
#217=CONICAL_SURFACE('',#1360,1.,0.0333209958782472);
#218=CONICAL_SURFACE('',#1366,1.,0.0333209958782472);
#219=CONICAL_SURFACE('',#1372,1.,0.0333209958782472);
#220=LINE('',#1725,#239);
#221=LINE('',#1731,#240);
#222=LINE('',#1739,#241);
#223=LINE('',#1752,#242);
#224=LINE('',#1754,#243);
#225=LINE('',#1760,#244);
#226=LINE('',#1769,#245);
#227=LINE('',#1778,#246);
#228=LINE('',#1787,#247);
#229=LINE('',#1796,#248);
#230=LINE('',#1805,#249);
#231=LINE('',#1814,#250);
#232=LINE('',#1823,#251);
#233=LINE('',#1832,#252);
#234=LINE('',#1844,#253);
#235=LINE('',#1853,#254);
#236=LINE('',#1862,#255);
#237=LINE('',#1871,#256);
#238=LINE('',#1880,#257);
#239=VECTOR('',#1421,0.5);
#240=VECTOR('',#1430,0.490157480314961);
#241=VECTOR('',#1439,12.7);
#242=VECTOR('',#1456,12.5232233047034);
#243=VECTOR('',#1459,12.5232233047034);
#244=VECTOR('',#1466,1.);
#245=VECTOR('',#1479,1.);
#246=VECTOR('',#1492,1.);
#247=VECTOR('',#1505,1.);
#248=VECTOR('',#1518,1.);
#249=VECTOR('',#1531,1.);
#250=VECTOR('',#1544,1.);
#251=VECTOR('',#1557,1.);
#252=VECTOR('',#1570,1.);
#253=VECTOR('',#1589,1.);
#254=VECTOR('',#1602,1.);
#255=VECTOR('',#1615,1.);
#256=VECTOR('',#1628,1.);
#257=VECTOR('',#1641,1.);
#258=CYLINDRICAL_SURFACE('',#1271,0.5);
#259=CYLINDRICAL_SURFACE('',#1277,12.7);
#260=CYLINDRICAL_SURFACE('',#1290,1.);
#261=CYLINDRICAL_SURFACE('',#1296,1.);
#262=CYLINDRICAL_SURFACE('',#1302,1.);
#263=CYLINDRICAL_SURFACE('',#1308,1.);
#264=CYLINDRICAL_SURFACE('',#1314,1.);
#265=CYLINDRICAL_SURFACE('',#1320,1.);
#266=CYLINDRICAL_SURFACE('',#1326,1.);
#267=CYLINDRICAL_SURFACE('',#1332,1.);
#268=CYLINDRICAL_SURFACE('',#1338,1.);
#269=STYLED_ITEM('',(#961),#711);
#270=STYLED_ITEM('',(#962),#712);
#271=STYLED_ITEM('',(#963),#713);
#272=STYLED_ITEM('',(#960),#196);
#273=STYLED_ITEM('',(#966),#714);
#274=STYLED_ITEM('',(#966),#715);
#275=STYLED_ITEM('',(#966),#716);
#276=STYLED_ITEM('',(#966),#717);
#277=STYLED_ITEM('',(#966),#718);
#278=STYLED_ITEM('',(#965),#197);
#279=STYLED_ITEM('',(#969),#719);
#280=STYLED_ITEM('',(#969),#720);
#281=STYLED_ITEM('',(#969),#721);
#282=STYLED_ITEM('',(#968),#198);
#283=STYLED_ITEM('',(#970),#722);
#284=STYLED_ITEM('',(#970),#723);
#285=STYLED_ITEM('',(#970),#724);
#286=STYLED_ITEM('',(#968),#199);
#287=STYLED_ITEM('',(#971),#725);
#288=STYLED_ITEM('',(#971),#726);
#289=STYLED_ITEM('',(#971),#727);
#290=STYLED_ITEM('',(#968),#200);
#291=STYLED_ITEM('',(#972),#728);
#292=STYLED_ITEM('',(#972),#729);
#293=STYLED_ITEM('',(#972),#730);
#294=STYLED_ITEM('',(#968),#201);
#295=STYLED_ITEM('',(#973),#731);
#296=STYLED_ITEM('',(#973),#732);
#297=STYLED_ITEM('',(#973),#733);
#298=STYLED_ITEM('',(#968),#202);
#299=STYLED_ITEM('',(#974),#734);
#300=STYLED_ITEM('',(#974),#735);
#301=STYLED_ITEM('',(#974),#736);
#302=STYLED_ITEM('',(#968),#203);
#303=STYLED_ITEM('',(#975),#737);
#304=STYLED_ITEM('',(#975),#738);
#305=STYLED_ITEM('',(#975),#739);
#306=STYLED_ITEM('',(#968),#204);
#307=STYLED_ITEM('',(#976),#740);
#308=STYLED_ITEM('',(#976),#741);
#309=STYLED_ITEM('',(#976),#742);
#310=STYLED_ITEM('',(#968),#205);
#311=STYLED_ITEM('',(#977),#743);
#312=STYLED_ITEM('',(#977),#744);
#313=STYLED_ITEM('',(#977),#745);
#314=STYLED_ITEM('',(#968),#206);
#315=STYLED_ITEM('',(#978),#747);
#316=STYLED_ITEM('',(#978),#748);
#317=STYLED_ITEM('',(#968),#207);
#318=STYLED_ITEM('',(#979),#750);
#319=STYLED_ITEM('',(#979),#751);
#320=STYLED_ITEM('',(#968),#208);
#321=STYLED_ITEM('',(#980),#753);
#322=STYLED_ITEM('',(#980),#754);
#323=STYLED_ITEM('',(#968),#209);
#324=STYLED_ITEM('',(#981),#756);
#325=STYLED_ITEM('',(#981),#757);
#326=STYLED_ITEM('',(#968),#210);
#327=STYLED_ITEM('',(#982),#759);
#328=STYLED_ITEM('',(#982),#760);
#329=STYLED_ITEM('',(#968),#211);
#330=FACE_OUTER_BOUND('',#381,.T.);
#331=FACE_OUTER_BOUND('',#382,.T.);
#332=FACE_OUTER_BOUND('',#383,.T.);
#333=FACE_OUTER_BOUND('',#384,.T.);
#334=FACE_OUTER_BOUND('',#385,.T.);
#335=FACE_OUTER_BOUND('',#386,.T.);
#336=FACE_OUTER_BOUND('',#387,.T.);
#337=FACE_OUTER_BOUND('',#388,.T.);
#338=FACE_OUTER_BOUND('',#389,.T.);
#339=FACE_OUTER_BOUND('',#390,.T.);
#340=FACE_OUTER_BOUND('',#391,.T.);
#341=FACE_OUTER_BOUND('',#392,.T.);
#342=FACE_OUTER_BOUND('',#393,.T.);
#343=FACE_OUTER_BOUND('',#394,.T.);
#344=FACE_OUTER_BOUND('',#395,.T.);
#345=FACE_OUTER_BOUND('',#396,.T.);
#346=FACE_OUTER_BOUND('',#397,.T.);
#347=FACE_OUTER_BOUND('',#398,.T.);
#348=FACE_OUTER_BOUND('',#399,.T.);
#349=FACE_OUTER_BOUND('',#400,.T.);
#350=FACE_OUTER_BOUND('',#401,.T.);
#351=FACE_OUTER_BOUND('',#402,.T.);
#352=FACE_OUTER_BOUND('',#403,.T.);
#353=FACE_OUTER_BOUND('',#404,.T.);
#354=FACE_OUTER_BOUND('',#405,.T.);
#355=FACE_OUTER_BOUND('',#406,.T.);
#356=FACE_OUTER_BOUND('',#407,.T.);
#357=FACE_OUTER_BOUND('',#408,.T.);
#358=FACE_OUTER_BOUND('',#409,.T.);
#359=FACE_OUTER_BOUND('',#410,.T.);
#360=FACE_OUTER_BOUND('',#411,.T.);
#361=FACE_OUTER_BOUND('',#412,.T.);
#362=FACE_OUTER_BOUND('',#413,.T.);
#363=FACE_OUTER_BOUND('',#414,.T.);
#364=FACE_OUTER_BOUND('',#415,.T.);
#365=FACE_OUTER_BOUND('',#416,.T.);
#366=FACE_OUTER_BOUND('',#417,.T.);
#367=FACE_OUTER_BOUND('',#418,.T.);
#368=FACE_OUTER_BOUND('',#419,.T.);
#369=FACE_OUTER_BOUND('',#420,.T.);
#370=FACE_OUTER_BOUND('',#421,.T.);
#371=FACE_OUTER_BOUND('',#422,.T.);
#372=FACE_OUTER_BOUND('',#423,.T.);
#373=FACE_OUTER_BOUND('',#424,.T.);
#374=FACE_OUTER_BOUND('',#425,.T.);
#375=FACE_OUTER_BOUND('',#426,.T.);
#376=FACE_OUTER_BOUND('',#427,.T.);
#377=FACE_OUTER_BOUND('',#428,.T.);
#378=FACE_OUTER_BOUND('',#429,.T.);
#379=FACE_OUTER_BOUND('',#430,.T.);
#380=FACE_OUTER_BOUND('',#431,.T.);
#381=EDGE_LOOP('',(#565));
#382=EDGE_LOOP('',(#566,#567,#568,#569));
#383=EDGE_LOOP('',(#570));
#384=EDGE_LOOP('',(#571,#572,#573,#574));
#385=EDGE_LOOP('',(#575,#576,#577,#578,#579));
#386=EDGE_LOOP('',(#580,#581,#582,#583));
#387=EDGE_LOOP('',(#584));
#388=EDGE_LOOP('',(#585,#586,#587,#588));
#389=EDGE_LOOP('',(#589,#590,#591,#592,#593,#594));
#390=EDGE_LOOP('',(#595,#596,#597,#598));
#391=EDGE_LOOP('',(#599));
#392=EDGE_LOOP('',(#600));
#393=EDGE_LOOP('',(#601,#602,#603,#604));
#394=EDGE_LOOP('',(#605));
#395=EDGE_LOOP('',(#606));
#396=EDGE_LOOP('',(#607,#608,#609,#610));
#397=EDGE_LOOP('',(#611));
#398=EDGE_LOOP('',(#612));
#399=EDGE_LOOP('',(#613,#614,#615,#616));
#400=EDGE_LOOP('',(#617));
#401=EDGE_LOOP('',(#618));
#402=EDGE_LOOP('',(#619,#620,#621,#622));
#403=EDGE_LOOP('',(#623));
#404=EDGE_LOOP('',(#624));
#405=EDGE_LOOP('',(#625,#626,#627,#628));
#406=EDGE_LOOP('',(#629));
#407=EDGE_LOOP('',(#630));
#408=EDGE_LOOP('',(#631,#632,#633,#634));
#409=EDGE_LOOP('',(#635));
#410=EDGE_LOOP('',(#636));
#411=EDGE_LOOP('',(#637,#638,#639,#640));
#412=EDGE_LOOP('',(#641));
#413=EDGE_LOOP('',(#642));
#414=EDGE_LOOP('',(#643,#644,#645,#646));
#415=EDGE_LOOP('',(#647));
#416=EDGE_LOOP('',(#648));
#417=EDGE_LOOP('',(#649));
#418=EDGE_LOOP('',(#650));
#419=EDGE_LOOP('',(#651,#652,#653,#654));
#420=EDGE_LOOP('',(#655));
#421=EDGE_LOOP('',(#656));
#422=EDGE_LOOP('',(#657,#658,#659,#660));
#423=EDGE_LOOP('',(#661));
#424=EDGE_LOOP('',(#662));
#425=EDGE_LOOP('',(#663,#664,#665,#666));
#426=EDGE_LOOP('',(#667));
#427=EDGE_LOOP('',(#668));
#428=EDGE_LOOP('',(#669,#670,#671,#672));
#429=EDGE_LOOP('',(#673));
#430=EDGE_LOOP('',(#674));
#431=EDGE_LOOP('',(#675,#676,#677,#678));
#432=CIRCLE('',#1270,0.5);
#433=CIRCLE('',#1272,0.5);
#434=CIRCLE('',#1274,0.490157480314961);
#435=CIRCLE('',#1278,12.7);
#436=CIRCLE('',#1279,12.7);
#437=CIRCLE('',#1280,12.7);
#438=CIRCLE('',#1282,12.5232233047034);
#439=CIRCLE('',#1283,38.63);
#440=CIRCLE('',#1284,12.5232233047034);
#441=CIRCLE('',#1286,12.5232233047034);
#442=CIRCLE('',#1291,1.);
#443=CIRCLE('',#1292,1.);
#444=CIRCLE('',#1297,1.);
#445=CIRCLE('',#1298,1.);
#446=CIRCLE('',#1303,1.);
#447=CIRCLE('',#1304,1.);
#448=CIRCLE('',#1309,1.);
#449=CIRCLE('',#1310,1.);
#450=CIRCLE('',#1315,1.);
#451=CIRCLE('',#1316,1.);
#452=CIRCLE('',#1321,1.);
#453=CIRCLE('',#1322,1.);
#454=CIRCLE('',#1327,1.);
#455=CIRCLE('',#1328,1.);
#456=CIRCLE('',#1333,1.);
#457=CIRCLE('',#1334,1.);
#458=CIRCLE('',#1339,1.);
#459=CIRCLE('',#1340,1.);
#460=CIRCLE('',#1345,0.166666666666666);
#461=CIRCLE('',#1347,1.);
#462=CIRCLE('',#1351,0.166666666666666);
#463=CIRCLE('',#1353,1.);
#464=CIRCLE('',#1357,0.166666666666666);
#465=CIRCLE('',#1359,1.);
#466=CIRCLE('',#1363,0.166666666666666);
#467=CIRCLE('',#1365,1.);
#468=CIRCLE('',#1369,0.166666666666666);
#469=CIRCLE('',#1371,1.);
#470=VERTEX_POINT('',#1721);
#471=VERTEX_POINT('',#1724);
#472=VERTEX_POINT('',#1728);
#473=VERTEX_POINT('',#1734);
#474=VERTEX_POINT('',#1735);
#475=VERTEX_POINT('',#1738);
#476=VERTEX_POINT('',#1742);
#477=VERTEX_POINT('',#1743);
#478=VERTEX_POINT('',#1745);
#479=VERTEX_POINT('',#1749);
#480=VERTEX_POINT('',#1757);
#481=VERTEX_POINT('',#1759);
#482=VERTEX_POINT('',#1766);
#483=VERTEX_POINT('',#1768);
#484=VERTEX_POINT('',#1775);
#485=VERTEX_POINT('',#1777);
#486=VERTEX_POINT('',#1784);
#487=VERTEX_POINT('',#1786);
#488=VERTEX_POINT('',#1793);
#489=VERTEX_POINT('',#1795);
#490=VERTEX_POINT('',#1802);
#491=VERTEX_POINT('',#1804);
#492=VERTEX_POINT('',#1811);
#493=VERTEX_POINT('',#1813);
#494=VERTEX_POINT('',#1820);
#495=VERTEX_POINT('',#1822);
#496=VERTEX_POINT('',#1829);
#497=VERTEX_POINT('',#1831);
#498=VERTEX_POINT('',#1838);
#499=VERTEX_POINT('',#1841);
#500=VERTEX_POINT('',#1847);
#501=VERTEX_POINT('',#1850);
#502=VERTEX_POINT('',#1856);
#503=VERTEX_POINT('',#1859);
#504=VERTEX_POINT('',#1865);
#505=VERTEX_POINT('',#1868);
#506=VERTEX_POINT('',#1874);
#507=VERTEX_POINT('',#1877);
#508=EDGE_CURVE('',#470,#470,#432,.T.);
#509=EDGE_CURVE('',#470,#471,#220,.T.);
#510=EDGE_CURVE('',#471,#471,#433,.F.);
#511=EDGE_CURVE('',#472,#472,#434,.T.);
#512=EDGE_CURVE('',#471,#472,#221,.T.);
#513=EDGE_CURVE('',#473,#474,#435,.T.);
#514=EDGE_CURVE('',#474,#473,#436,.T.);
#515=EDGE_CURVE('',#474,#475,#222,.T.);
#516=EDGE_CURVE('',#475,#475,#437,.T.);
#517=EDGE_CURVE('',#476,#477,#438,.T.);
#518=EDGE_CURVE('',#478,#477,#439,.T.);
#519=EDGE_CURVE('',#477,#476,#440,.T.);
#520=EDGE_CURVE('',#479,#479,#441,.T.);
#521=EDGE_CURVE('',#475,#479,#223,.T.);
#522=EDGE_CURVE('',#473,#476,#224,.T.);
#523=EDGE_CURVE('',#480,#480,#442,.T.);
#524=EDGE_CURVE('',#480,#481,#225,.T.);
#525=EDGE_CURVE('',#481,#481,#443,.T.);
#526=EDGE_CURVE('',#482,#482,#444,.T.);
#527=EDGE_CURVE('',#482,#483,#226,.T.);
#528=EDGE_CURVE('',#483,#483,#445,.T.);
#529=EDGE_CURVE('',#484,#484,#446,.T.);
#530=EDGE_CURVE('',#484,#485,#227,.T.);
#531=EDGE_CURVE('',#485,#485,#447,.T.);
#532=EDGE_CURVE('',#486,#486,#448,.T.);
#533=EDGE_CURVE('',#486,#487,#228,.T.);
#534=EDGE_CURVE('',#487,#487,#449,.T.);
#535=EDGE_CURVE('',#488,#488,#450,.T.);
#536=EDGE_CURVE('',#488,#489,#229,.T.);
#537=EDGE_CURVE('',#489,#489,#451,.T.);
#538=EDGE_CURVE('',#490,#490,#452,.T.);
#539=EDGE_CURVE('',#490,#491,#230,.T.);
#540=EDGE_CURVE('',#491,#491,#453,.T.);
#541=EDGE_CURVE('',#492,#492,#454,.T.);
#542=EDGE_CURVE('',#492,#493,#231,.T.);
#543=EDGE_CURVE('',#493,#493,#455,.T.);
#544=EDGE_CURVE('',#494,#494,#456,.T.);
#545=EDGE_CURVE('',#494,#495,#232,.T.);
#546=EDGE_CURVE('',#495,#495,#457,.T.);
#547=EDGE_CURVE('',#496,#496,#458,.T.);
#548=EDGE_CURVE('',#496,#497,#233,.T.);
#549=EDGE_CURVE('',#497,#497,#459,.T.);
#550=EDGE_CURVE('',#498,#498,#460,.T.);
#551=EDGE_CURVE('',#499,#499,#461,.T.);
#552=EDGE_CURVE('',#498,#499,#234,.T.);
#553=EDGE_CURVE('',#500,#500,#462,.T.);
#554=EDGE_CURVE('',#501,#501,#463,.T.);
#555=EDGE_CURVE('',#500,#501,#235,.T.);
#556=EDGE_CURVE('',#502,#502,#464,.T.);
#557=EDGE_CURVE('',#503,#503,#465,.T.);
#558=EDGE_CURVE('',#502,#503,#236,.T.);
#559=EDGE_CURVE('',#504,#504,#466,.T.);
#560=EDGE_CURVE('',#505,#505,#467,.T.);
#561=EDGE_CURVE('',#504,#505,#237,.T.);
#562=EDGE_CURVE('',#506,#506,#468,.T.);
#563=EDGE_CURVE('',#507,#507,#469,.T.);
#564=EDGE_CURVE('',#506,#507,#238,.T.);
#565=ORIENTED_EDGE('',*,*,#508,.F.);
#566=ORIENTED_EDGE('',*,*,#508,.T.);
#567=ORIENTED_EDGE('',*,*,#509,.T.);
#568=ORIENTED_EDGE('',*,*,#510,.T.);
#569=ORIENTED_EDGE('',*,*,#509,.F.);
#570=ORIENTED_EDGE('',*,*,#511,.T.);
#571=ORIENTED_EDGE('',*,*,#510,.F.);
#572=ORIENTED_EDGE('',*,*,#512,.T.);
#573=ORIENTED_EDGE('',*,*,#511,.F.);
#574=ORIENTED_EDGE('',*,*,#512,.F.);
#575=ORIENTED_EDGE('',*,*,#513,.F.);
#576=ORIENTED_EDGE('',*,*,#514,.F.);
#577=ORIENTED_EDGE('',*,*,#515,.T.);
#578=ORIENTED_EDGE('',*,*,#516,.T.);
#579=ORIENTED_EDGE('',*,*,#515,.F.);
#580=ORIENTED_EDGE('',*,*,#517,.T.);
#581=ORIENTED_EDGE('',*,*,#518,.F.);
#582=ORIENTED_EDGE('',*,*,#518,.T.);
#583=ORIENTED_EDGE('',*,*,#519,.T.);
#584=ORIENTED_EDGE('',*,*,#520,.F.);
#585=ORIENTED_EDGE('',*,*,#516,.F.);
#586=ORIENTED_EDGE('',*,*,#521,.T.);
#587=ORIENTED_EDGE('',*,*,#520,.T.);
#588=ORIENTED_EDGE('',*,*,#521,.F.);
#589=ORIENTED_EDGE('',*,*,#513,.T.);
#590=ORIENTED_EDGE('',*,*,#514,.T.);
#591=ORIENTED_EDGE('',*,*,#522,.T.);
#592=ORIENTED_EDGE('',*,*,#519,.F.);
#593=ORIENTED_EDGE('',*,*,#517,.F.);
#594=ORIENTED_EDGE('',*,*,#522,.F.);
#595=ORIENTED_EDGE('',*,*,#523,.F.);
#596=ORIENTED_EDGE('',*,*,#524,.T.);
#597=ORIENTED_EDGE('',*,*,#525,.T.);
#598=ORIENTED_EDGE('',*,*,#524,.F.);
#599=ORIENTED_EDGE('',*,*,#523,.T.);
#600=ORIENTED_EDGE('',*,*,#525,.F.);
#601=ORIENTED_EDGE('',*,*,#526,.F.);
#602=ORIENTED_EDGE('',*,*,#527,.T.);
#603=ORIENTED_EDGE('',*,*,#528,.T.);
#604=ORIENTED_EDGE('',*,*,#527,.F.);
#605=ORIENTED_EDGE('',*,*,#526,.T.);
#606=ORIENTED_EDGE('',*,*,#528,.F.);
#607=ORIENTED_EDGE('',*,*,#529,.F.);
#608=ORIENTED_EDGE('',*,*,#530,.T.);
#609=ORIENTED_EDGE('',*,*,#531,.T.);
#610=ORIENTED_EDGE('',*,*,#530,.F.);
#611=ORIENTED_EDGE('',*,*,#529,.T.);
#612=ORIENTED_EDGE('',*,*,#531,.F.);
#613=ORIENTED_EDGE('',*,*,#532,.F.);
#614=ORIENTED_EDGE('',*,*,#533,.T.);
#615=ORIENTED_EDGE('',*,*,#534,.T.);
#616=ORIENTED_EDGE('',*,*,#533,.F.);
#617=ORIENTED_EDGE('',*,*,#532,.T.);
#618=ORIENTED_EDGE('',*,*,#534,.F.);
#619=ORIENTED_EDGE('',*,*,#535,.F.);
#620=ORIENTED_EDGE('',*,*,#536,.T.);
#621=ORIENTED_EDGE('',*,*,#537,.T.);
#622=ORIENTED_EDGE('',*,*,#536,.F.);
#623=ORIENTED_EDGE('',*,*,#535,.T.);
#624=ORIENTED_EDGE('',*,*,#537,.F.);
#625=ORIENTED_EDGE('',*,*,#538,.F.);
#626=ORIENTED_EDGE('',*,*,#539,.T.);
#627=ORIENTED_EDGE('',*,*,#540,.T.);
#628=ORIENTED_EDGE('',*,*,#539,.F.);
#629=ORIENTED_EDGE('',*,*,#538,.T.);
#630=ORIENTED_EDGE('',*,*,#540,.F.);
#631=ORIENTED_EDGE('',*,*,#541,.F.);
#632=ORIENTED_EDGE('',*,*,#542,.T.);
#633=ORIENTED_EDGE('',*,*,#543,.T.);
#634=ORIENTED_EDGE('',*,*,#542,.F.);
#635=ORIENTED_EDGE('',*,*,#541,.T.);
#636=ORIENTED_EDGE('',*,*,#543,.F.);
#637=ORIENTED_EDGE('',*,*,#544,.F.);
#638=ORIENTED_EDGE('',*,*,#545,.T.);
#639=ORIENTED_EDGE('',*,*,#546,.T.);
#640=ORIENTED_EDGE('',*,*,#545,.F.);
#641=ORIENTED_EDGE('',*,*,#544,.T.);
#642=ORIENTED_EDGE('',*,*,#546,.F.);
#643=ORIENTED_EDGE('',*,*,#547,.F.);
#644=ORIENTED_EDGE('',*,*,#548,.T.);
#645=ORIENTED_EDGE('',*,*,#549,.T.);
#646=ORIENTED_EDGE('',*,*,#548,.F.);
#647=ORIENTED_EDGE('',*,*,#547,.T.);
#648=ORIENTED_EDGE('',*,*,#549,.F.);
#649=ORIENTED_EDGE('',*,*,#550,.F.);
#650=ORIENTED_EDGE('',*,*,#551,.F.);
#651=ORIENTED_EDGE('',*,*,#550,.T.);
#652=ORIENTED_EDGE('',*,*,#552,.T.);
#653=ORIENTED_EDGE('',*,*,#551,.T.);
#654=ORIENTED_EDGE('',*,*,#552,.F.);
#655=ORIENTED_EDGE('',*,*,#553,.F.);
#656=ORIENTED_EDGE('',*,*,#554,.F.);
#657=ORIENTED_EDGE('',*,*,#553,.T.);
#658=ORIENTED_EDGE('',*,*,#555,.T.);
#659=ORIENTED_EDGE('',*,*,#554,.T.);
#660=ORIENTED_EDGE('',*,*,#555,.F.);
#661=ORIENTED_EDGE('',*,*,#556,.F.);
#662=ORIENTED_EDGE('',*,*,#557,.F.);
#663=ORIENTED_EDGE('',*,*,#556,.T.);
#664=ORIENTED_EDGE('',*,*,#558,.T.);
#665=ORIENTED_EDGE('',*,*,#557,.T.);
#666=ORIENTED_EDGE('',*,*,#558,.F.);
#667=ORIENTED_EDGE('',*,*,#559,.F.);
#668=ORIENTED_EDGE('',*,*,#560,.F.);
#669=ORIENTED_EDGE('',*,*,#559,.T.);
#670=ORIENTED_EDGE('',*,*,#561,.T.);
#671=ORIENTED_EDGE('',*,*,#560,.T.);
#672=ORIENTED_EDGE('',*,*,#561,.F.);
#673=ORIENTED_EDGE('',*,*,#562,.F.);
#674=ORIENTED_EDGE('',*,*,#563,.F.);
#675=ORIENTED_EDGE('',*,*,#562,.T.);
#676=ORIENTED_EDGE('',*,*,#564,.T.);
#677=ORIENTED_EDGE('',*,*,#563,.T.);
#678=ORIENTED_EDGE('',*,*,#564,.F.);
#679=PLANE('',#1269);
#680=PLANE('',#1273);
#681=PLANE('',#1285);
#682=PLANE('',#1293);
#683=PLANE('',#1294);
#684=PLANE('',#1299);
#685=PLANE('',#1300);
#686=PLANE('',#1305);
#687=PLANE('',#1306);
#688=PLANE('',#1311);
#689=PLANE('',#1312);
#690=PLANE('',#1317);
#691=PLANE('',#1318);
#692=PLANE('',#1323);
#693=PLANE('',#1324);
#694=PLANE('',#1329);
#695=PLANE('',#1330);
#696=PLANE('',#1335);
#697=PLANE('',#1336);
#698=PLANE('',#1341);
#699=PLANE('',#1342);
#700=PLANE('',#1344);
#701=PLANE('',#1346);
#702=PLANE('',#1350);
#703=PLANE('',#1352);
#704=PLANE('',#1356);
#705=PLANE('',#1358);
#706=PLANE('',#1362);
#707=PLANE('',#1364);
#708=PLANE('',#1368);
#709=PLANE('',#1370);
#710=ADVANCED_FACE('',(#330),#679,.T.);
#711=ADVANCED_FACE('',(#331),#258,.T.);
#712=ADVANCED_FACE('',(#332),#680,.T.);
#713=ADVANCED_FACE('',(#333),#212,.T.);
#714=ADVANCED_FACE('',(#334),#259,.T.);
#715=ADVANCED_FACE('',(#335),#163,.T.);
#716=ADVANCED_FACE('',(#336),#681,.F.);
#717=ADVANCED_FACE('',(#337),#213,.T.);
#718=ADVANCED_FACE('',(#338),#214,.T.);
#719=ADVANCED_FACE('',(#339),#260,.T.);
#720=ADVANCED_FACE('',(#340),#682,.T.);
#721=ADVANCED_FACE('',(#341),#683,.F.);
#722=ADVANCED_FACE('',(#342),#261,.T.);
#723=ADVANCED_FACE('',(#343),#684,.T.);
#724=ADVANCED_FACE('',(#344),#685,.F.);
#725=ADVANCED_FACE('',(#345),#262,.T.);
#726=ADVANCED_FACE('',(#346),#686,.T.);
#727=ADVANCED_FACE('',(#347),#687,.F.);
#728=ADVANCED_FACE('',(#348),#263,.T.);
#729=ADVANCED_FACE('',(#349),#688,.T.);
#730=ADVANCED_FACE('',(#350),#689,.F.);
#731=ADVANCED_FACE('',(#351),#264,.T.);
#732=ADVANCED_FACE('',(#352),#690,.T.);
#733=ADVANCED_FACE('',(#353),#691,.F.);
#734=ADVANCED_FACE('',(#354),#265,.T.);
#735=ADVANCED_FACE('',(#355),#692,.T.);
#736=ADVANCED_FACE('',(#356),#693,.F.);
#737=ADVANCED_FACE('',(#357),#266,.T.);
#738=ADVANCED_FACE('',(#358),#694,.T.);
#739=ADVANCED_FACE('',(#359),#695,.F.);
#740=ADVANCED_FACE('',(#360),#267,.T.);
#741=ADVANCED_FACE('',(#361),#696,.T.);
#742=ADVANCED_FACE('',(#362),#697,.F.);
#743=ADVANCED_FACE('',(#363),#268,.T.);
#744=ADVANCED_FACE('',(#364),#698,.T.);
#745=ADVANCED_FACE('',(#365),#699,.F.);
#746=ADVANCED_FACE('',(#366),#700,.T.);
#747=ADVANCED_FACE('',(#367),#701,.T.);
#748=ADVANCED_FACE('',(#368),#215,.T.);
#749=ADVANCED_FACE('',(#369),#702,.T.);
#750=ADVANCED_FACE('',(#370),#703,.T.);
#751=ADVANCED_FACE('',(#371),#216,.T.);
#752=ADVANCED_FACE('',(#372),#704,.T.);
#753=ADVANCED_FACE('',(#373),#705,.T.);
#754=ADVANCED_FACE('',(#374),#217,.T.);
#755=ADVANCED_FACE('',(#375),#706,.T.);
#756=ADVANCED_FACE('',(#376),#707,.T.);
#757=ADVANCED_FACE('',(#377),#218,.T.);
#758=ADVANCED_FACE('',(#378),#708,.T.);
#759=ADVANCED_FACE('',(#379),#709,.T.);
#760=ADVANCED_FACE('',(#380),#219,.T.);
#761=CLOSED_SHELL('',(#710,#711,#712,#713));
#762=CLOSED_SHELL('',(#714,#715,#716,#717,#718));
#763=CLOSED_SHELL('',(#719,#720,#721));
#764=CLOSED_SHELL('',(#722,#723,#724));
#765=CLOSED_SHELL('',(#725,#726,#727));
#766=CLOSED_SHELL('',(#728,#729,#730));
#767=CLOSED_SHELL('',(#731,#732,#733));
#768=CLOSED_SHELL('',(#734,#735,#736));
#769=CLOSED_SHELL('',(#737,#738,#739));
#770=CLOSED_SHELL('',(#740,#741,#742));
#771=CLOSED_SHELL('',(#743,#744,#745));
#772=CLOSED_SHELL('',(#746,#747,#748));
#773=CLOSED_SHELL('',(#749,#750,#751));
#774=CLOSED_SHELL('',(#752,#753,#754));
#775=CLOSED_SHELL('',(#755,#756,#757));
#776=CLOSED_SHELL('',(#758,#759,#760));
#777=DERIVED_UNIT_ELEMENT(#809,1.);
#778=DERIVED_UNIT_ELEMENT(#1956,-3.);
#779=DERIVED_UNIT_ELEMENT(#809,1.);
#780=DERIVED_UNIT_ELEMENT(#1956,-3.);
#781=DERIVED_UNIT_ELEMENT(#809,1.);
#782=DERIVED_UNIT_ELEMENT(#1956,-3.);
#783=DERIVED_UNIT_ELEMENT(#809,1.);
#784=DERIVED_UNIT_ELEMENT(#1956,-3.);
#785=DERIVED_UNIT_ELEMENT(#809,1.);
#786=DERIVED_UNIT_ELEMENT(#1956,-3.);
#787=DERIVED_UNIT_ELEMENT(#809,1.);
#788=DERIVED_UNIT_ELEMENT(#1956,-3.);
#789=DERIVED_UNIT_ELEMENT(#809,1.);
#790=DERIVED_UNIT_ELEMENT(#1956,-3.);
#791=DERIVED_UNIT_ELEMENT(#809,1.);
#792=DERIVED_UNIT_ELEMENT(#1956,-3.);
#793=DERIVED_UNIT_ELEMENT(#809,1.);
#794=DERIVED_UNIT_ELEMENT(#1956,-3.);
#795=DERIVED_UNIT_ELEMENT(#809,1.);
#796=DERIVED_UNIT_ELEMENT(#1956,-3.);
#797=DERIVED_UNIT_ELEMENT(#809,1.);
#798=DERIVED_UNIT_ELEMENT(#1956,-3.);
#799=DERIVED_UNIT_ELEMENT(#809,1.);
#800=DERIVED_UNIT_ELEMENT(#1956,-3.);
#801=DERIVED_UNIT_ELEMENT(#809,1.);
#802=DERIVED_UNIT_ELEMENT(#1956,-3.);
#803=DERIVED_UNIT_ELEMENT(#809,1.);
#804=DERIVED_UNIT_ELEMENT(#1956,-3.);
#805=DERIVED_UNIT_ELEMENT(#809,1.);
#806=DERIVED_UNIT_ELEMENT(#1956,-3.);
#807=DERIVED_UNIT_ELEMENT(#809,1.);
#808=DERIVED_UNIT_ELEMENT(#1956,-3.);
#809=(
CONVERSION_BASED_UNIT('gram',#811)
MASS_UNIT()
NAMED_UNIT(#957)
);
#810=(
MASS_UNIT()
NAMED_UNIT(*)
SI_UNIT(.KILO.,.GRAM.)
);
#811=MASS_MEASURE_WITH_UNIT(MASS_MEASURE(0.001),#810);
#812=DERIVED_UNIT((#777,#778));
#813=DERIVED_UNIT((#779,#780));
#814=DERIVED_UNIT((#781,#782));
#815=DERIVED_UNIT((#783,#784));
#816=DERIVED_UNIT((#785,#786));
#817=DERIVED_UNIT((#787,#788));
#818=DERIVED_UNIT((#789,#790));
#819=DERIVED_UNIT((#791,#792));
#820=DERIVED_UNIT((#793,#794));
#821=DERIVED_UNIT((#795,#796));
#822=DERIVED_UNIT((#797,#798));
#823=DERIVED_UNIT((#799,#800));
#824=DERIVED_UNIT((#801,#802));
#825=DERIVED_UNIT((#803,#804));
#826=DERIVED_UNIT((#805,#806));
#827=DERIVED_UNIT((#807,#808));
#828=MEASURE_REPRESENTATION_ITEM('density measure',
POSITIVE_RATIO_MEASURE(1.),#812);
#829=MEASURE_REPRESENTATION_ITEM('density measure',
POSITIVE_RATIO_MEASURE(1.),#813);
#830=MEASURE_REPRESENTATION_ITEM('density measure',
POSITIVE_RATIO_MEASURE(1.),#814);
#831=MEASURE_REPRESENTATION_ITEM('density measure',
POSITIVE_RATIO_MEASURE(1.),#815);
#832=MEASURE_REPRESENTATION_ITEM('density measure',
POSITIVE_RATIO_MEASURE(1.),#816);
#833=MEASURE_REPRESENTATION_ITEM('density measure',
POSITIVE_RATIO_MEASURE(1.),#817);
#834=MEASURE_REPRESENTATION_ITEM('density measure',
POSITIVE_RATIO_MEASURE(1.),#818);
#835=MEASURE_REPRESENTATION_ITEM('density measure',
POSITIVE_RATIO_MEASURE(1.),#819);
#836=MEASURE_REPRESENTATION_ITEM('density measure',
POSITIVE_RATIO_MEASURE(1.),#820);
#837=MEASURE_REPRESENTATION_ITEM('density measure',
POSITIVE_RATIO_MEASURE(1.),#821);
#838=MEASURE_REPRESENTATION_ITEM('density measure',
POSITIVE_RATIO_MEASURE(1.),#822);
#839=MEASURE_REPRESENTATION_ITEM('density measure',
POSITIVE_RATIO_MEASURE(1.),#823);
#840=MEASURE_REPRESENTATION_ITEM('density measure',
POSITIVE_RATIO_MEASURE(1.),#824);
#841=MEASURE_REPRESENTATION_ITEM('density measure',
POSITIVE_RATIO_MEASURE(1.),#825);
#842=MEASURE_REPRESENTATION_ITEM('density measure',
POSITIVE_RATIO_MEASURE(1.),#826);
#843=MEASURE_REPRESENTATION_ITEM('density measure',
POSITIVE_RATIO_MEASURE(1.),#827);
#844=PROPERTY_DEFINITION_REPRESENTATION(#924,#876);
#845=PROPERTY_DEFINITION_REPRESENTATION(#925,#877);
#846=PROPERTY_DEFINITION_REPRESENTATION(#926,#878);
#847=PROPERTY_DEFINITION_REPRESENTATION(#927,#879);
#848=PROPERTY_DEFINITION_REPRESENTATION(#928,#880);
#849=PROPERTY_DEFINITION_REPRESENTATION(#929,#881);
#850=PROPERTY_DEFINITION_REPRESENTATION(#930,#882);
#851=PROPERTY_DEFINITION_REPRESENTATION(#931,#883);
#852=PROPERTY_DEFINITION_REPRESENTATION(#932,#884);
#853=PROPERTY_DEFINITION_REPRESENTATION(#933,#885);
#854=PROPERTY_DEFINITION_REPRESENTATION(#934,#886);
#855=PROPERTY_DEFINITION_REPRESENTATION(#935,#887);
#856=PROPERTY_DEFINITION_REPRESENTATION(#936,#888);
#857=PROPERTY_DEFINITION_REPRESENTATION(#937,#889);
#858=PROPERTY_DEFINITION_REPRESENTATION(#938,#890);
#859=PROPERTY_DEFINITION_REPRESENTATION(#939,#891);
#860=PROPERTY_DEFINITION_REPRESENTATION(#940,#892);
#861=PROPERTY_DEFINITION_REPRESENTATION(#941,#893);
#862=PROPERTY_DEFINITION_REPRESENTATION(#942,#894);
#863=PROPERTY_DEFINITION_REPRESENTATION(#943,#895);
#864=PROPERTY_DEFINITION_REPRESENTATION(#944,#896);
#865=PROPERTY_DEFINITION_REPRESENTATION(#945,#897);
#866=PROPERTY_DEFINITION_REPRESENTATION(#946,#898);
#867=PROPERTY_DEFINITION_REPRESENTATION(#947,#899);
#868=PROPERTY_DEFINITION_REPRESENTATION(#948,#900);
#869=PROPERTY_DEFINITION_REPRESENTATION(#949,#901);
#870=PROPERTY_DEFINITION_REPRESENTATION(#950,#902);
#871=PROPERTY_DEFINITION_REPRESENTATION(#951,#903);
#872=PROPERTY_DEFINITION_REPRESENTATION(#952,#904);
#873=PROPERTY_DEFINITION_REPRESENTATION(#953,#905);
#874=PROPERTY_DEFINITION_REPRESENTATION(#954,#906);
#875=PROPERTY_DEFINITION_REPRESENTATION(#955,#907);
#876=REPRESENTATION('material name',(#908),#1938);
#877=REPRESENTATION('density',(#828),#1938);
#878=REPRESENTATION('material name',(#909),#1939);
#879=REPRESENTATION('density',(#829),#1939);
#880=REPRESENTATION('material name',(#910),#1940);
#881=REPRESENTATION('density',(#830),#1940);
#882=REPRESENTATION('material name',(#911),#1941);
#883=REPRESENTATION('density',(#831),#1941);
#884=REPRESENTATION('material name',(#912),#1942);
#885=REPRESENTATION('density',(#832),#1942);
#886=REPRESENTATION('material name',(#913),#1943);
#887=REPRESENTATION('density',(#833),#1943);
#888=REPRESENTATION('material name',(#914),#1944);
#889=REPRESENTATION('density',(#834),#1944);
#890=REPRESENTATION('material name',(#915),#1945);
#891=REPRESENTATION('density',(#835),#1945);
#892=REPRESENTATION('material name',(#916),#1946);
#893=REPRESENTATION('density',(#836),#1946);
#894=REPRESENTATION('material name',(#917),#1947);
#895=REPRESENTATION('density',(#837),#1947);
#896=REPRESENTATION('material name',(#918),#1948);
#897=REPRESENTATION('density',(#838),#1948);
#898=REPRESENTATION('material name',(#919),#1949);
#899=REPRESENTATION('density',(#839),#1949);
#900=REPRESENTATION('material name',(#920),#1950);
#901=REPRESENTATION('density',(#840),#1950);
#902=REPRESENTATION('material name',(#921),#1951);
#903=REPRESENTATION('density',(#841),#1951);
#904=REPRESENTATION('material name',(#922),#1952);
#905=REPRESENTATION('density',(#842),#1952);
#906=REPRESENTATION('material name',(#923),#1953);
#907=REPRESENTATION('density',(#843),#1953);
#908=DESCRIPTIVE_REPRESENTATION_ITEM('Generic','Generic');
#909=DESCRIPTIVE_REPRESENTATION_ITEM('Generic','Generic');
#910=DESCRIPTIVE_REPRESENTATION_ITEM('Generic','Generic');
#911=DESCRIPTIVE_REPRESENTATION_ITEM('Generic','Generic');
#912=DESCRIPTIVE_REPRESENTATION_ITEM('Generic','Generic');
#913=DESCRIPTIVE_REPRESENTATION_ITEM('Generic','Generic');
#914=DESCRIPTIVE_REPRESENTATION_ITEM('Generic','Generic');
#915=DESCRIPTIVE_REPRESENTATION_ITEM('Generic','Generic');
#916=DESCRIPTIVE_REPRESENTATION_ITEM('Generic','Generic');
#917=DESCRIPTIVE_REPRESENTATION_ITEM('Generic','Generic');
#918=DESCRIPTIVE_REPRESENTATION_ITEM('Generic','Generic');
#919=DESCRIPTIVE_REPRESENTATION_ITEM('Generic','Generic');
#920=DESCRIPTIVE_REPRESENTATION_ITEM('Generic','Generic');
#921=DESCRIPTIVE_REPRESENTATION_ITEM('Generic','Generic');
#922=DESCRIPTIVE_REPRESENTATION_ITEM('Generic','Generic');
#923=DESCRIPTIVE_REPRESENTATION_ITEM('Generic','Generic');
#924=PROPERTY_DEFINITION('material property','material name',#2050);
#925=PROPERTY_DEFINITION('material property','density of part',#2050);
#926=PROPERTY_DEFINITION('material property','material name',#2051);
#927=PROPERTY_DEFINITION('material property','density of part',#2051);
#928=PROPERTY_DEFINITION('material property','material name',#2052);
#929=PROPERTY_DEFINITION('material property','density of part',#2052);
#930=PROPERTY_DEFINITION('material property','material name',#2053);
#931=PROPERTY_DEFINITION('material property','density of part',#2053);
#932=PROPERTY_DEFINITION('material property','material name',#2054);
#933=PROPERTY_DEFINITION('material property','density of part',#2054);
#934=PROPERTY_DEFINITION('material property','material name',#2055);
#935=PROPERTY_DEFINITION('material property','density of part',#2055);
#936=PROPERTY_DEFINITION('material property','material name',#2056);
#937=PROPERTY_DEFINITION('material property','density of part',#2056);
#938=PROPERTY_DEFINITION('material property','material name',#2057);
#939=PROPERTY_DEFINITION('material property','density of part',#2057);
#940=PROPERTY_DEFINITION('material property','material name',#2058);
#941=PROPERTY_DEFINITION('material property','density of part',#2058);
#942=PROPERTY_DEFINITION('material property','material name',#2059);
#943=PROPERTY_DEFINITION('material property','density of part',#2059);
#944=PROPERTY_DEFINITION('material property','material name',#2060);
#945=PROPERTY_DEFINITION('material property','density of part',#2060);
#946=PROPERTY_DEFINITION('material property','material name',#2061);
#947=PROPERTY_DEFINITION('material property','density of part',#2061);
#948=PROPERTY_DEFINITION('material property','material name',#2062);
#949=PROPERTY_DEFINITION('material property','density of part',#2062);
#950=PROPERTY_DEFINITION('material property','material name',#2063);
#951=PROPERTY_DEFINITION('material property','density of part',#2063);
#952=PROPERTY_DEFINITION('material property','material name',#2064);
#953=PROPERTY_DEFINITION('material property','density of part',#2064);
#954=PROPERTY_DEFINITION('material property','material name',#2065);
#955=PROPERTY_DEFINITION('material property','density of part',#2065);
#956=DIMENSIONAL_EXPONENTS(1.,0.,0.,0.,0.,0.,0.);
#957=DIMENSIONAL_EXPONENTS(0.,1.,0.,0.,0.,0.,0.);
#958=(
CONVERSION_BASED_UNIT('inch',#959)
LENGTH_UNIT()
NAMED_UNIT(#956)
);
#959=LENGTH_MEASURE_WITH_UNIT(LENGTH_MEASURE(25.4),#1955);
#960=PRESENTATION_STYLE_ASSIGNMENT((#983));
#961=PRESENTATION_STYLE_ASSIGNMENT((#984));
#962=PRESENTATION_STYLE_ASSIGNMENT((#985));
#963=PRESENTATION_STYLE_ASSIGNMENT((#986));
#964=PRESENTATION_STYLE_ASSIGNMENT((#987));
#965=PRESENTATION_STYLE_ASSIGNMENT((#988));
#966=PRESENTATION_STYLE_ASSIGNMENT((#989));
#967=PRESENTATION_STYLE_ASSIGNMENT((#990));
#968=PRESENTATION_STYLE_ASSIGNMENT((#991));
#969=PRESENTATION_STYLE_ASSIGNMENT((#992));
#970=PRESENTATION_STYLE_ASSIGNMENT((#993));
#971=PRESENTATION_STYLE_ASSIGNMENT((#994));
#972=PRESENTATION_STYLE_ASSIGNMENT((#995));
#973=PRESENTATION_STYLE_ASSIGNMENT((#996));
#974=PRESENTATION_STYLE_ASSIGNMENT((#997));
#975=PRESENTATION_STYLE_ASSIGNMENT((#998));
#976=PRESENTATION_STYLE_ASSIGNMENT((#999));
#977=PRESENTATION_STYLE_ASSIGNMENT((#1000));
#978=PRESENTATION_STYLE_ASSIGNMENT((#1001));
#979=PRESENTATION_STYLE_ASSIGNMENT((#1002));
#980=PRESENTATION_STYLE_ASSIGNMENT((#1003));
#981=PRESENTATION_STYLE_ASSIGNMENT((#1004));
#982=PRESENTATION_STYLE_ASSIGNMENT((#1005));
#983=SURFACE_STYLE_USAGE(.BOTH.,#1050);
#984=SURFACE_STYLE_USAGE(.BOTH.,#1051);
#985=SURFACE_STYLE_USAGE(.BOTH.,#1052);
#986=SURFACE_STYLE_USAGE(.BOTH.,#1053);
#987=SURFACE_STYLE_USAGE(.BOTH.,#1054);
#988=SURFACE_STYLE_USAGE(.BOTH.,#1055);
#989=SURFACE_STYLE_USAGE(.BOTH.,#1056);
#990=SURFACE_STYLE_USAGE(.BOTH.,#1057);
#991=SURFACE_STYLE_USAGE(.BOTH.,#1058);
#992=SURFACE_STYLE_USAGE(.BOTH.,#1059);
#993=SURFACE_STYLE_USAGE(.BOTH.,#1060);
#994=SURFACE_STYLE_USAGE(.BOTH.,#1061);
#995=SURFACE_STYLE_USAGE(.BOTH.,#1062);
#996=SURFACE_STYLE_USAGE(.BOTH.,#1063);
#997=SURFACE_STYLE_USAGE(.BOTH.,#1064);
#998=SURFACE_STYLE_USAGE(.BOTH.,#1065);
#999=SURFACE_STYLE_USAGE(.BOTH.,#1066);
#1000=SURFACE_STYLE_USAGE(.BOTH.,#1067);
#1001=SURFACE_STYLE_USAGE(.BOTH.,#1068);
#1002=SURFACE_STYLE_USAGE(.BOTH.,#1069);
#1003=SURFACE_STYLE_USAGE(.BOTH.,#1070);
#1004=SURFACE_STYLE_USAGE(.BOTH.,#1071);
#1005=SURFACE_STYLE_USAGE(.BOTH.,#1072);
#1006=SURFACE_STYLE_RENDERING_WITH_PROPERTIES($,#1142,(#1028));
#1007=SURFACE_STYLE_RENDERING_WITH_PROPERTIES($,#1143,(#1029));
#1008=SURFACE_STYLE_RENDERING_WITH_PROPERTIES($,#1144,(#1030));
#1009=SURFACE_STYLE_RENDERING_WITH_PROPERTIES($,#1145,(#1031));
#1010=SURFACE_STYLE_RENDERING_WITH_PROPERTIES($,#1146,(#1032));
#1011=SURFACE_STYLE_RENDERING_WITH_PROPERTIES($,#1147,(#1033));
#1012=SURFACE_STYLE_RENDERING_WITH_PROPERTIES($,#1148,(#1034));
#1013=SURFACE_STYLE_RENDERING_WITH_PROPERTIES($,#1150,(#1035));
#1014=SURFACE_STYLE_RENDERING_WITH_PROPERTIES($,#1151,(#1036));
#1015=SURFACE_STYLE_RENDERING_WITH_PROPERTIES($,#1152,(#1037));
#1016=SURFACE_STYLE_RENDERING_WITH_PROPERTIES($,#1153,(#1038));
#1017=SURFACE_STYLE_RENDERING_WITH_PROPERTIES($,#1154,(#1039));
#1018=SURFACE_STYLE_RENDERING_WITH_PROPERTIES($,#1155,(#1040));
#1019=SURFACE_STYLE_RENDERING_WITH_PROPERTIES($,#1156,(#1041));
#1020=SURFACE_STYLE_RENDERING_WITH_PROPERTIES($,#1157,(#1042));
#1021=SURFACE_STYLE_RENDERING_WITH_PROPERTIES($,#1158,(#1043));
#1022=SURFACE_STYLE_RENDERING_WITH_PROPERTIES($,#1159,(#1044));
#1023=SURFACE_STYLE_RENDERING_WITH_PROPERTIES($,#1160,(#1045));
#1024=SURFACE_STYLE_RENDERING_WITH_PROPERTIES($,#1161,(#1046));
#1025=SURFACE_STYLE_RENDERING_WITH_PROPERTIES($,#1162,(#1047));
#1026=SURFACE_STYLE_RENDERING_WITH_PROPERTIES($,#1163,(#1048));
#1027=SURFACE_STYLE_RENDERING_WITH_PROPERTIES($,#1164,(#1049));
#1028=SURFACE_STYLE_TRANSPARENT(0.);
#1029=SURFACE_STYLE_TRANSPARENT(0.339999973773956);
#1030=SURFACE_STYLE_TRANSPARENT(0.);
#1031=SURFACE_STYLE_TRANSPARENT(0.5);
#1032=SURFACE_STYLE_TRANSPARENT(0.);
#1033=SURFACE_STYLE_TRANSPARENT(0.480000019073486);
#1034=SURFACE_STYLE_TRANSPARENT(0.599999994039536);
#1035=SURFACE_STYLE_TRANSPARENT(0.);
#1036=SURFACE_STYLE_TRANSPARENT(0.480000019073486);
#1037=SURFACE_STYLE_TRANSPARENT(0.480000019073486);
#1038=SURFACE_STYLE_TRANSPARENT(0.480000019073486);
#1039=SURFACE_STYLE_TRANSPARENT(0.480000019073486);
#1040=SURFACE_STYLE_TRANSPARENT(0.480000019073486);
#1041=SURFACE_STYLE_TRANSPARENT(0.480000019073486);
#1042=SURFACE_STYLE_TRANSPARENT(0.480000019073486);
#1043=SURFACE_STYLE_TRANSPARENT(0.480000019073486);
#1044=SURFACE_STYLE_TRANSPARENT(0.480000019073486);
#1045=SURFACE_STYLE_TRANSPARENT(0.480000019073486);
#1046=SURFACE_STYLE_TRANSPARENT(0.480000019073486);
#1047=SURFACE_STYLE_TRANSPARENT(0.480000019073486);
#1048=SURFACE_STYLE_TRANSPARENT(0.480000019073486);
#1049=SURFACE_STYLE_TRANSPARENT(0.480000019073486);
#1050=SURFACE_SIDE_STYLE('',(#1073,#1006));
#1051=SURFACE_SIDE_STYLE('',(#1074,#1007));
#1052=SURFACE_SIDE_STYLE('',(#1075,#1008));
#1053=SURFACE_SIDE_STYLE('',(#1076,#1009));
#1054=SURFACE_SIDE_STYLE('',(#1077,#1010));
#1055=SURFACE_SIDE_STYLE('',(#1078,#1011));
#1056=SURFACE_SIDE_STYLE('',(#1079,#1012));
#1057=SURFACE_SIDE_STYLE('',(#1080));
#1058=SURFACE_SIDE_STYLE('',(#1081,#1013));
#1059=SURFACE_SIDE_STYLE('',(#1082,#1014));
#1060=SURFACE_SIDE_STYLE('',(#1083,#1015));
#1061=SURFACE_SIDE_STYLE('',(#1084,#1016));
#1062=SURFACE_SIDE_STYLE('',(#1085,#1017));
#1063=SURFACE_SIDE_STYLE('',(#1086,#1018));
#1064=SURFACE_SIDE_STYLE('',(#1087,#1019));
#1065=SURFACE_SIDE_STYLE('',(#1088,#1020));
#1066=SURFACE_SIDE_STYLE('',(#1089,#1021));
#1067=SURFACE_SIDE_STYLE('',(#1090,#1022));
#1068=SURFACE_SIDE_STYLE('',(#1091,#1023));
#1069=SURFACE_SIDE_STYLE('',(#1092,#1024));
#1070=SURFACE_SIDE_STYLE('',(#1093,#1025));
#1071=SURFACE_SIDE_STYLE('',(#1094,#1026));
#1072=SURFACE_SIDE_STYLE('',(#1095,#1027));
#1073=SURFACE_STYLE_FILL_AREA(#1096);
#1074=SURFACE_STYLE_FILL_AREA(#1097);
#1075=SURFACE_STYLE_FILL_AREA(#1098);
#1076=SURFACE_STYLE_FILL_AREA(#1099);
#1077=SURFACE_STYLE_FILL_AREA(#1100);
#1078=SURFACE_STYLE_FILL_AREA(#1101);
#1079=SURFACE_STYLE_FILL_AREA(#1102);
#1080=SURFACE_STYLE_FILL_AREA(#1103);
#1081=SURFACE_STYLE_FILL_AREA(#1104);
#1082=SURFACE_STYLE_FILL_AREA(#1105);
#1083=SURFACE_STYLE_FILL_AREA(#1106);
#1084=SURFACE_STYLE_FILL_AREA(#1107);
#1085=SURFACE_STYLE_FILL_AREA(#1108);
#1086=SURFACE_STYLE_FILL_AREA(#1109);
#1087=SURFACE_STYLE_FILL_AREA(#1110);
#1088=SURFACE_STYLE_FILL_AREA(#1111);
#1089=SURFACE_STYLE_FILL_AREA(#1112);
#1090=SURFACE_STYLE_FILL_AREA(#1113);
#1091=SURFACE_STYLE_FILL_AREA(#1114);
#1092=SURFACE_STYLE_FILL_AREA(#1115);
#1093=SURFACE_STYLE_FILL_AREA(#1116);
#1094=SURFACE_STYLE_FILL_AREA(#1117);
#1095=SURFACE_STYLE_FILL_AREA(#1118);
#1096=FILL_AREA_STYLE('',(#1119));
#1097=FILL_AREA_STYLE('',(#1120));
#1098=FILL_AREA_STYLE('',(#1121));
#1099=FILL_AREA_STYLE('',(#1122));
#1100=FILL_AREA_STYLE('',(#1123));
#1101=FILL_AREA_STYLE('',(#1124));
#1102=FILL_AREA_STYLE('',(#1125));
#1103=FILL_AREA_STYLE('',(#1126));
#1104=FILL_AREA_STYLE('',(#1127));
#1105=FILL_AREA_STYLE('',(#1128));
#1106=FILL_AREA_STYLE('',(#1129));
#1107=FILL_AREA_STYLE('',(#1130));
#1108=FILL_AREA_STYLE('',(#1131));
#1109=FILL_AREA_STYLE('',(#1132));
#1110=FILL_AREA_STYLE('',(#1133));
#1111=FILL_AREA_STYLE('',(#1134));
#1112=FILL_AREA_STYLE('',(#1135));
#1113=FILL_AREA_STYLE('',(#1136));
#1114=FILL_AREA_STYLE('',(#1137));
#1115=FILL_AREA_STYLE('',(#1138));
#1116=FILL_AREA_STYLE('',(#1139));
#1117=FILL_AREA_STYLE('',(#1140));
#1118=FILL_AREA_STYLE('',(#1141));
#1119=FILL_AREA_STYLE_COLOUR('',#1142);
#1120=FILL_AREA_STYLE_COLOUR('',#1143);
#1121=FILL_AREA_STYLE_COLOUR('',#1144);
#1122=FILL_AREA_STYLE_COLOUR('',#1145);
#1123=FILL_AREA_STYLE_COLOUR('',#1146);
#1124=FILL_AREA_STYLE_COLOUR('',#1147);
#1125=FILL_AREA_STYLE_COLOUR('',#1148);
#1126=FILL_AREA_STYLE_COLOUR('',#1149);
#1127=FILL_AREA_STYLE_COLOUR('',#1150);
#1128=FILL_AREA_STYLE_COLOUR('',#1151);
#1129=FILL_AREA_STYLE_COLOUR('',#1152);
#1130=FILL_AREA_STYLE_COLOUR('',#1153);
#1131=FILL_AREA_STYLE_COLOUR('',#1154);
#1132=FILL_AREA_STYLE_COLOUR('',#1155);
#1133=FILL_AREA_STYLE_COLOUR('',#1156);
#1134=FILL_AREA_STYLE_COLOUR('',#1157);
#1135=FILL_AREA_STYLE_COLOUR('',#1158);
#1136=FILL_AREA_STYLE_COLOUR('',#1159);
#1137=FILL_AREA_STYLE_COLOUR('',#1160);
#1138=FILL_AREA_STYLE_COLOUR('',#1161);
#1139=FILL_AREA_STYLE_COLOUR('',#1162);
#1140=FILL_AREA_STYLE_COLOUR('',#1163);
#1141=FILL_AREA_STYLE_COLOUR('',#1164);
#1142=COLOUR_RGB('',0.792156862745098,0.819607843137255,0.933333333333333);
#1143=COLOUR_RGB('',0.925490196078431,0.945098039215686,0.937254901960784);
#1144=COLOUR_RGB('',0.968627450980392,0.933333333333333,0.792156862745098);
#1145=COLOUR_RGB('',1.,1.,1.);
#1146=COLOUR_RGB('',0.792156862745098,0.819607843137255,0.933333333333333);
#1147=COLOUR_RGB('',0.00392156862745098,0.243137254901961,0.945098039215686);
#1148=COLOUR_RGB('',0.898039215686275,0.898039215686275,0.898039215686275);
#1149=COLOUR_RGB('',0.913725490196078,0.913725490196078,0.);
#1150=COLOUR_RGB('',0.749019607843137,0.749019607843137,0.749019607843137);
#1151=COLOUR_RGB('',0.141176470588235,0.0627450980392157,0.305882352941176);
#1152=COLOUR_RGB('',0.141176470588235,0.0627450980392157,0.305882352941176);
#1153=COLOUR_RGB('',0.176470588235294,0.364705882352941,0.709803921568627);
#1154=COLOUR_RGB('',0.176470588235294,0.364705882352941,0.709803921568627);
#1155=COLOUR_RGB('',0.145098039215686,0.6,0.729411764705882);
#1156=COLOUR_RGB('',0.145098039215686,0.6,0.729411764705882);
#1157=COLOUR_RGB('',0.584313725490196,0.870588235294118,0.388235294117647);
#1158=COLOUR_RGB('',0.584313725490196,0.870588235294118,0.388235294117647);
#1159=COLOUR_RGB('',0.96078431372549,0.96078431372549,0.486274509803922);
#1160=COLOUR_RGB('',0.141176470588235,0.0627450980392157,0.305882352941176);
#1161=COLOUR_RGB('',0.176470588235294,0.364705882352941,0.709803921568627);
#1162=COLOUR_RGB('',0.145098039215686,0.6,0.729411764705882);
#1163=COLOUR_RGB('',0.584313725490196,0.870588235294118,0.388235294117647);
#1164=COLOUR_RGB('',0.96078431372549,0.96078431372549,0.486274509803922);
#1165=DATE_TIME_ROLE('creation_date');
#1166=DATE_TIME_ROLE('creation_date');
#1167=DATE_TIME_ROLE('creation_date');
#1168=DATE_TIME_ROLE('creation_date');
#1169=DATE_TIME_ROLE('creation_date');
#1170=DATE_TIME_ROLE('creation_date');
#1171=DATE_TIME_ROLE('creation_date');
#1172=DATE_TIME_ROLE('creation_date');
#1173=DATE_TIME_ROLE('creation_date');
#1174=DATE_TIME_ROLE('creation_date');
#1175=DATE_TIME_ROLE('creation_date');
#1176=DATE_TIME_ROLE('creation_date');
#1177=DATE_TIME_ROLE('creation_date');
#1178=DATE_TIME_ROLE('creation_date');
#1179=DATE_TIME_ROLE('creation_date');
#1180=DATE_TIME_ROLE('creation_date');
#1181=DATE_TIME_ROLE('creation_date');
#1182=APPLIED_DATE_AND_TIME_ASSIGNMENT(#1199,#1165,(#2049));
#1183=APPLIED_DATE_AND_TIME_ASSIGNMENT(#1200,#1166,(#2050));
#1184=APPLIED_DATE_AND_TIME_ASSIGNMENT(#1201,#1167,(#2051));
#1185=APPLIED_DATE_AND_TIME_ASSIGNMENT(#1202,#1168,(#2052));
#1186=APPLIED_DATE_AND_TIME_ASSIGNMENT(#1203,#1169,(#2053));
#1187=APPLIED_DATE_AND_TIME_ASSIGNMENT(#1204,#1170,(#2054));
#1188=APPLIED_DATE_AND_TIME_ASSIGNMENT(#1205,#1171,(#2055));
#1189=APPLIED_DATE_AND_TIME_ASSIGNMENT(#1206,#1172,(#2056));
#1190=APPLIED_DATE_AND_TIME_ASSIGNMENT(#1207,#1173,(#2057));
#1191=APPLIED_DATE_AND_TIME_ASSIGNMENT(#1208,#1174,(#2058));
#1192=APPLIED_DATE_AND_TIME_ASSIGNMENT(#1209,#1175,(#2059));
#1193=APPLIED_DATE_AND_TIME_ASSIGNMENT(#1210,#1176,(#2060));
#1194=APPLIED_DATE_AND_TIME_ASSIGNMENT(#1211,#1177,(#2061));
#1195=APPLIED_DATE_AND_TIME_ASSIGNMENT(#1212,#1178,(#2062));
#1196=APPLIED_DATE_AND_TIME_ASSIGNMENT(#1213,#1179,(#2063));
#1197=APPLIED_DATE_AND_TIME_ASSIGNMENT(#1214,#1180,(#2064));
#1198=APPLIED_DATE_AND_TIME_ASSIGNMENT(#1215,#1181,(#2065));
#1199=DATE_AND_TIME(#1216,#1233);
#1200=DATE_AND_TIME(#1217,#1234);
#1201=DATE_AND_TIME(#1218,#1235);
#1202=DATE_AND_TIME(#1219,#1236);
#1203=DATE_AND_TIME(#1220,#1237);
#1204=DATE_AND_TIME(#1221,#1238);
#1205=DATE_AND_TIME(#1222,#1239);
#1206=DATE_AND_TIME(#1223,#1240);
#1207=DATE_AND_TIME(#1224,#1241);
#1208=DATE_AND_TIME(#1225,#1242);
#1209=DATE_AND_TIME(#1226,#1243);
#1210=DATE_AND_TIME(#1227,#1244);
#1211=DATE_AND_TIME(#1228,#1245);
#1212=DATE_AND_TIME(#1229,#1246);
#1213=DATE_AND_TIME(#1230,#1247);
#1214=DATE_AND_TIME(#1231,#1248);
#1215=DATE_AND_TIME(#1232,#1249);
#1216=CALENDAR_DATE(2024,19,8);
#1217=CALENDAR_DATE(2018,19,3);
#1218=CALENDAR_DATE(2020,16,3);
#1219=CALENDAR_DATE(2024,12,8);
#1220=CALENDAR_DATE(2024,12,8);
#1221=CALENDAR_DATE(2024,12,8);
#1222=CALENDAR_DATE(2024,12,8);
#1223=CALENDAR_DATE(2024,12,8);
#1224=CALENDAR_DATE(2024,12,8);
#1225=CALENDAR_DATE(2024,12,8);
#1226=CALENDAR_DATE(2024,12,8);
#1227=CALENDAR_DATE(2024,12,8);
#1228=CALENDAR_DATE(2024,12,8);
#1229=CALENDAR_DATE(2024,12,8);
#1230=CALENDAR_DATE(2024,12,8);
#1231=CALENDAR_DATE(2024,12,8);
#1232=CALENDAR_DATE(2024,12,8);
#1233=LOCAL_TIME(0,0,0.,#1250);
#1234=LOCAL_TIME(13,28,25.,#1251);
#1235=LOCAL_TIME(23,27,12.,#1252);
#1236=LOCAL_TIME(0,0,0.,#1253);
#1237=LOCAL_TIME(0,0,0.,#1254);
#1238=LOCAL_TIME(0,0,0.,#1255);
#1239=LOCAL_TIME(0,0,0.,#1256);
#1240=LOCAL_TIME(0,0,0.,#1257);
#1241=LOCAL_TIME(0,0,0.,#1258);
#1242=LOCAL_TIME(0,0,0.,#1259);
#1243=LOCAL_TIME(0,0,0.,#1260);
#1244=LOCAL_TIME(0,0,0.,#1261);
#1245=LOCAL_TIME(0,0,0.,#1262);
#1246=LOCAL_TIME(0,0,0.,#1263);
#1247=LOCAL_TIME(0,0,0.,#1264);
#1248=LOCAL_TIME(0,0,0.,#1265);
#1249=LOCAL_TIME(0,0,0.,#1266);
#1250=COORDINATED_UNIVERSAL_TIME_OFFSET(0,0,.BEHIND.);
#1251=COORDINATED_UNIVERSAL_TIME_OFFSET(0,0,.BEHIND.);
#1252=COORDINATED_UNIVERSAL_TIME_OFFSET(0,0,.BEHIND.);
#1253=COORDINATED_UNIVERSAL_TIME_OFFSET(0,0,.BEHIND.);
#1254=COORDINATED_UNIVERSAL_TIME_OFFSET(0,0,.BEHIND.);
#1255=COORDINATED_UNIVERSAL_TIME_OFFSET(0,0,.BEHIND.);
#1256=COORDINATED_UNIVERSAL_TIME_OFFSET(0,0,.BEHIND.);
#1257=COORDINATED_UNIVERSAL_TIME_OFFSET(0,0,.BEHIND.);
#1258=COORDINATED_UNIVERSAL_TIME_OFFSET(0,0,.BEHIND.);
#1259=COORDINATED_UNIVERSAL_TIME_OFFSET(0,0,.BEHIND.);
#1260=COORDINATED_UNIVERSAL_TIME_OFFSET(0,0,.BEHIND.);
#1261=COORDINATED_UNIVERSAL_TIME_OFFSET(0,0,.BEHIND.);
#1262=COORDINATED_UNIVERSAL_TIME_OFFSET(0,0,.BEHIND.);
#1263=COORDINATED_UNIVERSAL_TIME_OFFSET(0,0,.BEHIND.);
#1264=COORDINATED_UNIVERSAL_TIME_OFFSET(0,0,.BEHIND.);
#1265=COORDINATED_UNIVERSAL_TIME_OFFSET(0,0,.BEHIND.);
#1266=COORDINATED_UNIVERSAL_TIME_OFFSET(0,0,.BEHIND.);
#1267=AXIS2_PLACEMENT_3D('',#1718,#1411,#1412);
#1268=AXIS2_PLACEMENT_3D('',#1719,#1413,#1414);
#1269=AXIS2_PLACEMENT_3D('',#1720,#1415,#1416);
#1270=AXIS2_PLACEMENT_3D('',#1722,#1417,#1418);
#1271=AXIS2_PLACEMENT_3D('',#1723,#1419,#1420);
#1272=AXIS2_PLACEMENT_3D('',#1726,#1422,#1423);
#1273=AXIS2_PLACEMENT_3D('',#1727,#1424,#1425);
#1274=AXIS2_PLACEMENT_3D('',#1729,#1426,#1427);
#1275=AXIS2_PLACEMENT_3D('',#1730,#1428,#1429);
#1276=AXIS2_PLACEMENT_3D('',#1732,#1431,#1432);
#1277=AXIS2_PLACEMENT_3D('',#1733,#1433,#1434);
#1278=AXIS2_PLACEMENT_3D('',#1736,#1435,#1436);
#1279=AXIS2_PLACEMENT_3D('',#1737,#1437,#1438);
#1280=AXIS2_PLACEMENT_3D('',#1740,#1440,#1441);
#1281=AXIS2_PLACEMENT_3D('',#1741,#1442,#1443);
#1282=AXIS2_PLACEMENT_3D('',#1744,#1444,#1445);
#1283=AXIS2_PLACEMENT_3D('',#1746,#1446,#1447);
#1284=AXIS2_PLACEMENT_3D('',#1747,#1448,#1449);
#1285=AXIS2_PLACEMENT_3D('',#1748,#1450,#1451);
#1286=AXIS2_PLACEMENT_3D('',#1750,#1452,#1453);
#1287=AXIS2_PLACEMENT_3D('',#1751,#1454,#1455);
#1288=AXIS2_PLACEMENT_3D('',#1753,#1457,#1458);
#1289=AXIS2_PLACEMENT_3D('',#1755,#1460,#1461);
#1290=AXIS2_PLACEMENT_3D('',#1756,#1462,#1463);
#1291=AXIS2_PLACEMENT_3D('',#1758,#1464,#1465);
#1292=AXIS2_PLACEMENT_3D('',#1761,#1467,#1468);
#1293=AXIS2_PLACEMENT_3D('',#1762,#1469,#1470);
#1294=AXIS2_PLACEMENT_3D('',#1763,#1471,#1472);
#1295=AXIS2_PLACEMENT_3D('',#1764,#1473,#1474);
#1296=AXIS2_PLACEMENT_3D('',#1765,#1475,#1476);
#1297=AXIS2_PLACEMENT_3D('',#1767,#1477,#1478);
#1298=AXIS2_PLACEMENT_3D('',#1770,#1480,#1481);
#1299=AXIS2_PLACEMENT_3D('',#1771,#1482,#1483);
#1300=AXIS2_PLACEMENT_3D('',#1772,#1484,#1485);
#1301=AXIS2_PLACEMENT_3D('',#1773,#1486,#1487);
#1302=AXIS2_PLACEMENT_3D('',#1774,#1488,#1489);
#1303=AXIS2_PLACEMENT_3D('',#1776,#1490,#1491);
#1304=AXIS2_PLACEMENT_3D('',#1779,#1493,#1494);
#1305=AXIS2_PLACEMENT_3D('',#1780,#1495,#1496);
#1306=AXIS2_PLACEMENT_3D('',#1781,#1497,#1498);
#1307=AXIS2_PLACEMENT_3D('',#1782,#1499,#1500);
#1308=AXIS2_PLACEMENT_3D('',#1783,#1501,#1502);
#1309=AXIS2_PLACEMENT_3D('',#1785,#1503,#1504);
#1310=AXIS2_PLACEMENT_3D('',#1788,#1506,#1507);
#1311=AXIS2_PLACEMENT_3D('',#1789,#1508,#1509);
#1312=AXIS2_PLACEMENT_3D('',#1790,#1510,#1511);
#1313=AXIS2_PLACEMENT_3D('',#1791,#1512,#1513);
#1314=AXIS2_PLACEMENT_3D('',#1792,#1514,#1515);
#1315=AXIS2_PLACEMENT_3D('',#1794,#1516,#1517);
#1316=AXIS2_PLACEMENT_3D('',#1797,#1519,#1520);
#1317=AXIS2_PLACEMENT_3D('',#1798,#1521,#1522);
#1318=AXIS2_PLACEMENT_3D('',#1799,#1523,#1524);
#1319=AXIS2_PLACEMENT_3D('',#1800,#1525,#1526);
#1320=AXIS2_PLACEMENT_3D('',#1801,#1527,#1528);
#1321=AXIS2_PLACEMENT_3D('',#1803,#1529,#1530);
#1322=AXIS2_PLACEMENT_3D('',#1806,#1532,#1533);
#1323=AXIS2_PLACEMENT_3D('',#1807,#1534,#1535);
#1324=AXIS2_PLACEMENT_3D('',#1808,#1536,#1537);
#1325=AXIS2_PLACEMENT_3D('',#1809,#1538,#1539);
#1326=AXIS2_PLACEMENT_3D('',#1810,#1540,#1541);
#1327=AXIS2_PLACEMENT_3D('',#1812,#1542,#1543);
#1328=AXIS2_PLACEMENT_3D('',#1815,#1545,#1546);
#1329=AXIS2_PLACEMENT_3D('',#1816,#1547,#1548);
#1330=AXIS2_PLACEMENT_3D('',#1817,#1549,#1550);
#1331=AXIS2_PLACEMENT_3D('',#1818,#1551,#1552);
#1332=AXIS2_PLACEMENT_3D('',#1819,#1553,#1554);
#1333=AXIS2_PLACEMENT_3D('',#1821,#1555,#1556);
#1334=AXIS2_PLACEMENT_3D('',#1824,#1558,#1559);
#1335=AXIS2_PLACEMENT_3D('',#1825,#1560,#1561);
#1336=AXIS2_PLACEMENT_3D('',#1826,#1562,#1563);
#1337=AXIS2_PLACEMENT_3D('',#1827,#1564,#1565);
#1338=AXIS2_PLACEMENT_3D('',#1828,#1566,#1567);
#1339=AXIS2_PLACEMENT_3D('',#1830,#1568,#1569);
#1340=AXIS2_PLACEMENT_3D('',#1833,#1571,#1572);
#1341=AXIS2_PLACEMENT_3D('',#1834,#1573,#1574);
#1342=AXIS2_PLACEMENT_3D('',#1835,#1575,#1576);
#1343=AXIS2_PLACEMENT_3D('',#1836,#1577,#1578);
#1344=AXIS2_PLACEMENT_3D('',#1837,#1579,#1580);
#1345=AXIS2_PLACEMENT_3D('',#1839,#1581,#1582);
#1346=AXIS2_PLACEMENT_3D('',#1840,#1583,#1584);
#1347=AXIS2_PLACEMENT_3D('',#1842,#1585,#1586);
#1348=AXIS2_PLACEMENT_3D('',#1843,#1587,#1588);
#1349=AXIS2_PLACEMENT_3D('',#1845,#1590,#1591);
#1350=AXIS2_PLACEMENT_3D('',#1846,#1592,#1593);
#1351=AXIS2_PLACEMENT_3D('',#1848,#1594,#1595);
#1352=AXIS2_PLACEMENT_3D('',#1849,#1596,#1597);
#1353=AXIS2_PLACEMENT_3D('',#1851,#1598,#1599);
#1354=AXIS2_PLACEMENT_3D('',#1852,#1600,#1601);
#1355=AXIS2_PLACEMENT_3D('',#1854,#1603,#1604);
#1356=AXIS2_PLACEMENT_3D('',#1855,#1605,#1606);
#1357=AXIS2_PLACEMENT_3D('',#1857,#1607,#1608);
#1358=AXIS2_PLACEMENT_3D('',#1858,#1609,#1610);
#1359=AXIS2_PLACEMENT_3D('',#1860,#1611,#1612);
#1360=AXIS2_PLACEMENT_3D('',#1861,#1613,#1614);
#1361=AXIS2_PLACEMENT_3D('',#1863,#1616,#1617);
#1362=AXIS2_PLACEMENT_3D('',#1864,#1618,#1619);
#1363=AXIS2_PLACEMENT_3D('',#1866,#1620,#1621);
#1364=AXIS2_PLACEMENT_3D('',#1867,#1622,#1623);
#1365=AXIS2_PLACEMENT_3D('',#1869,#1624,#1625);
#1366=AXIS2_PLACEMENT_3D('',#1870,#1626,#1627);
#1367=AXIS2_PLACEMENT_3D('',#1872,#1629,#1630);
#1368=AXIS2_PLACEMENT_3D('',#1873,#1631,#1632);
#1369=AXIS2_PLACEMENT_3D('',#1875,#1633,#1634);
#1370=AXIS2_PLACEMENT_3D('',#1876,#1635,#1636);
#1371=AXIS2_PLACEMENT_3D('',#1878,#1637,#1638);
#1372=AXIS2_PLACEMENT_3D('',#1879,#1639,#1640);
#1373=AXIS2_PLACEMENT_3D('',#1881,#1642,#1643);
#1374=AXIS2_PLACEMENT_3D('',#1882,#1644,#1645);
#1375=AXIS2_PLACEMENT_3D('',#1883,#1646,#1647);
#1376=AXIS2_PLACEMENT_3D('',#1884,#1648,#1649);
#1377=AXIS2_PLACEMENT_3D('',#1885,#1650,#1651);
#1378=AXIS2_PLACEMENT_3D('',#1886,#1652,#1653);
#1379=AXIS2_PLACEMENT_3D('',#1887,#1654,#1655);
#1380=AXIS2_PLACEMENT_3D('',#1888,#1656,#1657);
#1381=AXIS2_PLACEMENT_3D('',#1889,#1658,#1659);
#1382=AXIS2_PLACEMENT_3D('',#1890,#1660,#1661);
#1383=AXIS2_PLACEMENT_3D('',#1891,#1662,#1663);
#1384=AXIS2_PLACEMENT_3D('',#1892,#1664,#1665);
#1385=AXIS2_PLACEMENT_3D('',#1893,#1666,#1667);
#1386=AXIS2_PLACEMENT_3D('',#1894,#1668,#1669);
#1387=AXIS2_PLACEMENT_3D('',#1895,#1670,#1671);
#1388=AXIS2_PLACEMENT_3D('',#1896,#1672,#1673);
#1389=AXIS2_PLACEMENT_3D('',#1897,#1674,#1675);
#1390=AXIS2_PLACEMENT_3D('',#1898,#1676,#1677);
#1391=AXIS2_PLACEMENT_3D('',#1899,#1678,#1679);
#1392=AXIS2_PLACEMENT_3D('',#1900,#1680,#1681);
#1393=AXIS2_PLACEMENT_3D('',#1901,#1682,#1683);
#1394=AXIS2_PLACEMENT_3D('',#1902,#1684,#1685);
#1395=AXIS2_PLACEMENT_3D('',#1903,#1686,#1687);
#1396=AXIS2_PLACEMENT_3D('',#1904,#1688,#1689);
#1397=AXIS2_PLACEMENT_3D('',#1905,#1690,#1691);
#1398=AXIS2_PLACEMENT_3D('',#1906,#1692,#1693);
#1399=AXIS2_PLACEMENT_3D('',#1907,#1694,#1695);
#1400=AXIS2_PLACEMENT_3D('',#1908,#1696,#1697);
#1401=AXIS2_PLACEMENT_3D('',#1909,#1698,#1699);
#1402=AXIS2_PLACEMENT_3D('',#1910,#1700,#1701);
#1403=AXIS2_PLACEMENT_3D('',#1911,#1702,#1703);
#1404=AXIS2_PLACEMENT_3D('',#1912,#1704,#1705);
#1405=AXIS2_PLACEMENT_3D('',#1913,#1706,#1707);
#1406=AXIS2_PLACEMENT_3D('',#1914,#1708,#1709);
#1407=AXIS2_PLACEMENT_3D('',#1915,#1710,#1711);
#1408=AXIS2_PLACEMENT_3D('',#1916,#1712,#1713);
#1409=AXIS2_PLACEMENT_3D('',#1917,#1714,#1715);
#1410=AXIS2_PLACEMENT_3D('',#1918,#1716,#1717);
#1411=DIRECTION('axis',(0.,0.,1.));
#1412=DIRECTION('refdir',(1.,0.,0.));
#1413=DIRECTION('axis',(0.,0.,1.));
#1414=DIRECTION('refdir',(1.,0.,0.));
#1415=DIRECTION('center_axis',(0.,0.,-1.));
#1416=DIRECTION('ref_axis',(-1.,0.,0.));
#1417=DIRECTION('center_axis',(0.,0.,1.));
#1418=DIRECTION('ref_axis',(-1.,0.,0.));
#1419=DIRECTION('center_axis',(0.,0.,-1.));
#1420=DIRECTION('ref_axis',(-1.,0.,0.));
#1421=DIRECTION('',(0.,0.,1.));
#1422=DIRECTION('center_axis',(0.,0.,1.));
#1423=DIRECTION('ref_axis',(1.,0.,0.));
#1424=DIRECTION('center_axis',(0.,0.,1.));
#1425=DIRECTION('ref_axis',(1.,0.,0.));
#1426=DIRECTION('center_axis',(0.,0.,1.));
#1427=DIRECTION('ref_axis',(1.,0.,0.));
#1428=DIRECTION('center_axis',(0.,0.,-1.));
#1429=DIRECTION('ref_axis',(-1.,0.,0.));
#1430=DIRECTION('',(-0.707106781186538,8.65956056235481E-17,0.707106781186557));
#1431=DIRECTION('axis',(0.,0.,1.));
#1432=DIRECTION('refdir',(1.,0.,0.));
#1433=DIRECTION('center_axis',(0.,0.,1.));
#1434=DIRECTION('ref_axis',(1.,0.,0.));
#1435=DIRECTION('center_axis',(0.,0.,1.));
#1436=DIRECTION('ref_axis',(1.,0.,0.));
#1437=DIRECTION('center_axis',(0.,0.,1.));
#1438=DIRECTION('ref_axis',(1.,0.,0.));
#1439=DIRECTION('',(0.,0.,-1.));
#1440=DIRECTION('center_axis',(0.,0.,1.));
#1441=DIRECTION('ref_axis',(1.,0.,0.));
#1442=DIRECTION('center_axis',(6.12323399573677E-17,0.,1.));
#1443=DIRECTION('ref_axis',(1.,0.,0.));
#1444=DIRECTION('center_axis',(0.,0.,1.));
#1445=DIRECTION('ref_axis',(1.,0.,0.));
#1446=DIRECTION('center_axis',(1.22464679914735E-16,-1.,0.));
#1447=DIRECTION('ref_axis',(-1.,-1.22464679914735E-16,0.));
#1448=DIRECTION('center_axis',(0.,0.,1.));
#1449=DIRECTION('ref_axis',(1.,0.,0.));
#1450=DIRECTION('center_axis',(0.,0.,1.));
#1451=DIRECTION('ref_axis',(1.,0.,0.));
#1452=DIRECTION('center_axis',(0.,0.,1.));
#1453=DIRECTION('ref_axis',(1.,0.,0.));
#1454=DIRECTION('center_axis',(0.,0.,1.));
#1455=DIRECTION('ref_axis',(1.,0.,0.));
#1456=DIRECTION('',(0.707106781186548,8.65956056235493E-17,-0.707106781186548));
#1457=DIRECTION('center_axis',(0.,0.,-1.));
#1458=DIRECTION('ref_axis',(-1.,0.,0.));
#1459=DIRECTION('',(-0.70710678118653,8.65956056235472E-17,0.707106781186565));
#1460=DIRECTION('axis',(0.,0.,1.));
#1461=DIRECTION('refdir',(1.,0.,0.));
#1462=DIRECTION('center_axis',(0.,1.,0.));
#1463=DIRECTION('ref_axis',(-1.,0.,0.));
#1464=DIRECTION('center_axis',(0.,1.,0.));
#1465=DIRECTION('ref_axis',(-1.,0.,0.));
#1466=DIRECTION('',(0.,-1.,0.));
#1467=DIRECTION('center_axis',(0.,1.,0.));
#1468=DIRECTION('ref_axis',(-1.,0.,0.));
#1469=DIRECTION('center_axis',(0.,1.,0.));
#1470=DIRECTION('ref_axis',(0.,0.,1.));
#1471=DIRECTION('center_axis',(0.,1.,0.));
#1472=DIRECTION('ref_axis',(0.,0.,1.));
#1473=DIRECTION('axis',(0.,0.,1.));
#1474=DIRECTION('refdir',(1.,0.,0.));
#1475=DIRECTION('center_axis',(0.,1.,0.));
#1476=DIRECTION('ref_axis',(-1.,0.,0.));
#1477=DIRECTION('center_axis',(0.,1.,0.));
#1478=DIRECTION('ref_axis',(-1.,0.,0.));
#1479=DIRECTION('',(0.,-1.,0.));
#1480=DIRECTION('center_axis',(0.,1.,0.));
#1481=DIRECTION('ref_axis',(-1.,0.,0.));
#1482=DIRECTION('center_axis',(0.,1.,0.));
#1483=DIRECTION('ref_axis',(0.,0.,1.));
#1484=DIRECTION('center_axis',(0.,1.,0.));
#1485=DIRECTION('ref_axis',(0.,0.,1.));
#1486=DIRECTION('axis',(0.,0.,1.));
#1487=DIRECTION('refdir',(1.,0.,0.));
#1488=DIRECTION('center_axis',(0.,1.,0.));
#1489=DIRECTION('ref_axis',(-1.,0.,0.));
#1490=DIRECTION('center_axis',(0.,1.,0.));
#1491=DIRECTION('ref_axis',(-1.,0.,0.));
#1492=DIRECTION('',(0.,-1.,0.));
#1493=DIRECTION('center_axis',(0.,1.,0.));
#1494=DIRECTION('ref_axis',(-1.,0.,0.));
#1495=DIRECTION('center_axis',(0.,1.,0.));
#1496=DIRECTION('ref_axis',(0.,0.,1.));
#1497=DIRECTION('center_axis',(0.,1.,0.));
#1498=DIRECTION('ref_axis',(0.,0.,1.));
#1499=DIRECTION('axis',(0.,0.,1.));
#1500=DIRECTION('refdir',(1.,0.,0.));
#1501=DIRECTION('center_axis',(0.,1.,0.));
#1502=DIRECTION('ref_axis',(-1.,0.,0.));
#1503=DIRECTION('center_axis',(0.,1.,0.));
#1504=DIRECTION('ref_axis',(-1.,0.,0.));
#1505=DIRECTION('',(0.,-1.,0.));
#1506=DIRECTION('center_axis',(0.,1.,0.));
#1507=DIRECTION('ref_axis',(-1.,0.,0.));
#1508=DIRECTION('center_axis',(0.,1.,0.));
#1509=DIRECTION('ref_axis',(0.,0.,1.));
#1510=DIRECTION('center_axis',(0.,1.,0.));
#1511=DIRECTION('ref_axis',(0.,0.,1.));
#1512=DIRECTION('axis',(0.,0.,1.));
#1513=DIRECTION('refdir',(1.,0.,0.));
#1514=DIRECTION('center_axis',(0.,1.,0.));
#1515=DIRECTION('ref_axis',(-1.,0.,0.));
#1516=DIRECTION('center_axis',(0.,1.,0.));
#1517=DIRECTION('ref_axis',(-1.,0.,0.));
#1518=DIRECTION('',(0.,-1.,0.));
#1519=DIRECTION('center_axis',(0.,1.,0.));
#1520=DIRECTION('ref_axis',(-1.,0.,0.));
#1521=DIRECTION('center_axis',(0.,1.,0.));
#1522=DIRECTION('ref_axis',(0.,0.,1.));
#1523=DIRECTION('center_axis',(0.,1.,0.));
#1524=DIRECTION('ref_axis',(0.,0.,1.));
#1525=DIRECTION('axis',(0.,0.,1.));
#1526=DIRECTION('refdir',(1.,0.,0.));
#1527=DIRECTION('center_axis',(0.,1.,0.));
#1528=DIRECTION('ref_axis',(-1.,0.,0.));
#1529=DIRECTION('center_axis',(0.,1.,0.));
#1530=DIRECTION('ref_axis',(-1.,0.,0.));
#1531=DIRECTION('',(0.,-1.,0.));
#1532=DIRECTION('center_axis',(0.,1.,0.));
#1533=DIRECTION('ref_axis',(-1.,0.,0.));
#1534=DIRECTION('center_axis',(0.,1.,0.));
#1535=DIRECTION('ref_axis',(0.,0.,1.));
#1536=DIRECTION('center_axis',(0.,1.,0.));
#1537=DIRECTION('ref_axis',(0.,0.,1.));
#1538=DIRECTION('axis',(0.,0.,1.));
#1539=DIRECTION('refdir',(1.,0.,0.));
#1540=DIRECTION('center_axis',(0.,1.,0.));
#1541=DIRECTION('ref_axis',(-1.,0.,0.));
#1542=DIRECTION('center_axis',(0.,1.,0.));
#1543=DIRECTION('ref_axis',(-1.,0.,0.));
#1544=DIRECTION('',(0.,-1.,0.));
#1545=DIRECTION('center_axis',(0.,1.,0.));
#1546=DIRECTION('ref_axis',(-1.,0.,0.));
#1547=DIRECTION('center_axis',(0.,1.,0.));
#1548=DIRECTION('ref_axis',(0.,0.,1.));
#1549=DIRECTION('center_axis',(0.,1.,0.));
#1550=DIRECTION('ref_axis',(0.,0.,1.));
#1551=DIRECTION('axis',(0.,0.,1.));
#1552=DIRECTION('refdir',(1.,0.,0.));
#1553=DIRECTION('center_axis',(0.,1.,0.));
#1554=DIRECTION('ref_axis',(-1.,0.,0.));
#1555=DIRECTION('center_axis',(0.,1.,0.));
#1556=DIRECTION('ref_axis',(-1.,0.,0.));
#1557=DIRECTION('',(0.,-1.,0.));
#1558=DIRECTION('center_axis',(0.,1.,0.));
#1559=DIRECTION('ref_axis',(-1.,0.,0.));
#1560=DIRECTION('center_axis',(0.,1.,0.));
#1561=DIRECTION('ref_axis',(0.,0.,1.));
#1562=DIRECTION('center_axis',(0.,1.,0.));
#1563=DIRECTION('ref_axis',(0.,0.,1.));
#1564=DIRECTION('axis',(0.,0.,1.));
#1565=DIRECTION('refdir',(1.,0.,0.));
#1566=DIRECTION('center_axis',(0.,1.,0.));
#1567=DIRECTION('ref_axis',(-1.,0.,0.));
#1568=DIRECTION('center_axis',(0.,1.,0.));
#1569=DIRECTION('ref_axis',(-1.,0.,0.));
#1570=DIRECTION('',(0.,-1.,0.));
#1571=DIRECTION('center_axis',(0.,1.,0.));
#1572=DIRECTION('ref_axis',(-1.,0.,0.));
#1573=DIRECTION('center_axis',(0.,1.,0.));
#1574=DIRECTION('ref_axis',(0.,0.,1.));
#1575=DIRECTION('center_axis',(0.,1.,0.));
#1576=DIRECTION('ref_axis',(0.,0.,1.));
#1577=DIRECTION('axis',(0.,0.,1.));
#1578=DIRECTION('refdir',(1.,0.,0.));
#1579=DIRECTION('center_axis',(0.,1.,0.));
#1580=DIRECTION('ref_axis',(0.,0.,1.));
#1581=DIRECTION('center_axis',(0.,-1.,0.));
#1582=DIRECTION('ref_axis',(1.,0.,0.));
#1583=DIRECTION('center_axis',(0.,-1.,0.));
#1584=DIRECTION('ref_axis',(0.,0.,-1.));
#1585=DIRECTION('center_axis',(0.,1.,0.));
#1586=DIRECTION('ref_axis',(1.,0.,0.));
#1587=DIRECTION('center_axis',(0.,-1.,0.));
#1588=DIRECTION('ref_axis',(1.,0.,0.));
#1589=DIRECTION('',(-0.0333148302326385,-0.999444906979154,4.07989002085382E-18));
#1590=DIRECTION('axis',(0.,0.,1.));
#1591=DIRECTION('refdir',(1.,0.,0.));
#1592=DIRECTION('center_axis',(0.,1.,0.));
#1593=DIRECTION('ref_axis',(0.,0.,1.));
#1594=DIRECTION('center_axis',(0.,-1.,0.));
#1595=DIRECTION('ref_axis',(1.,0.,0.));
#1596=DIRECTION('center_axis',(0.,-1.,0.));
#1597=DIRECTION('ref_axis',(0.,0.,-1.));
#1598=DIRECTION('center_axis',(0.,1.,0.));
#1599=DIRECTION('ref_axis',(1.,0.,0.));
#1600=DIRECTION('center_axis',(0.,-1.,0.));
#1601=DIRECTION('ref_axis',(1.,0.,0.));
#1602=DIRECTION('',(-0.0333148302326385,-0.999444906979154,4.07989002085382E-18));
#1603=DIRECTION('axis',(0.,0.,1.));
#1604=DIRECTION('refdir',(1.,0.,0.));
#1605=DIRECTION('center_axis',(0.,1.,0.));
#1606=DIRECTION('ref_axis',(0.,0.,1.));
#1607=DIRECTION('center_axis',(0.,-1.,0.));
#1608=DIRECTION('ref_axis',(1.,0.,0.));
#1609=DIRECTION('center_axis',(0.,-1.,0.));
#1610=DIRECTION('ref_axis',(0.,0.,-1.));
#1611=DIRECTION('center_axis',(0.,1.,0.));
#1612=DIRECTION('ref_axis',(1.,0.,0.));
#1613=DIRECTION('center_axis',(0.,-1.,0.));
#1614=DIRECTION('ref_axis',(1.,0.,0.));
#1615=DIRECTION('',(-0.0333148302326385,-0.999444906979154,4.07989002085382E-18));
#1616=DIRECTION('axis',(0.,0.,1.));
#1617=DIRECTION('refdir',(1.,0.,0.));
#1618=DIRECTION('center_axis',(0.,1.,0.));
#1619=DIRECTION('ref_axis',(0.,0.,1.));
#1620=DIRECTION('center_axis',(0.,-1.,0.));
#1621=DIRECTION('ref_axis',(1.,0.,0.));
#1622=DIRECTION('center_axis',(0.,-1.,0.));
#1623=DIRECTION('ref_axis',(0.,0.,-1.));
#1624=DIRECTION('center_axis',(0.,1.,0.));
#1625=DIRECTION('ref_axis',(1.,0.,0.));
#1626=DIRECTION('center_axis',(0.,-1.,0.));
#1627=DIRECTION('ref_axis',(1.,0.,0.));
#1628=DIRECTION('',(-0.0333148302326385,-0.999444906979154,4.07989002085382E-18));
#1629=DIRECTION('axis',(0.,0.,1.));
#1630=DIRECTION('refdir',(1.,0.,0.));
#1631=DIRECTION('center_axis',(0.,1.,0.));
#1632=DIRECTION('ref_axis',(0.,0.,1.));
#1633=DIRECTION('center_axis',(0.,-1.,0.));
#1634=DIRECTION('ref_axis',(1.,0.,0.));
#1635=DIRECTION('center_axis',(0.,-1.,0.));
#1636=DIRECTION('ref_axis',(0.,0.,-1.));
#1637=DIRECTION('center_axis',(0.,1.,0.));
#1638=DIRECTION('ref_axis',(1.,0.,0.));
#1639=DIRECTION('center_axis',(0.,-1.,0.));
#1640=DIRECTION('ref_axis',(1.,0.,0.));
#1641=DIRECTION('',(-0.0333148302326385,-0.999444906979154,4.07989002085382E-18));
#1642=DIRECTION('',(-1.59882677218634E-15,6.12323399573559E-17,1.));
#1643=DIRECTION('',(1.,-7.81449401057923E-30,1.59882677218634E-15));
#1644=DIRECTION('',(0.078459095727845,5.62393470661844E-17,-0.996917333733128));
#1645=DIRECTION('',(0.996917333733128,-6.58478151108945E-17,0.078459095727845));
#1646=DIRECTION('',(2.22044604925031E-16,-9.50153790038412E-31,-1.));
#1647=DIRECTION('',(-1.,1.60410219698042E-15,-2.22044604925031E-16));
#1648=DIRECTION('',(-2.22044604925031E-16,-7.18409349507026E-32,1.));
#1649=DIRECTION('',(1.,6.12323399573677E-17,2.22044604925031E-16));
#1650=DIRECTION('',(-2.22044604925031E-16,-7.18409349507025E-32,1.));
#1651=DIRECTION('',(1.,6.12323399573676E-17,2.22044604925031E-16));
#1652=DIRECTION('',(2.22044604925031E-16,7.23224174367993E-32,-1.));
#1653=DIRECTION('',(-1.,-6.12323399573675E-17,-2.22044604925031E-16));
#1654=DIRECTION('',(-0.0390213041645239,-0.999157938515196,0.0126787902957776));
#1655=DIRECTION('',(0.950255668232905,-0.0410294272695171,-0.308756783065848));
#1656=DIRECTION('',(0.31229320773025,-0.944743216609293,0.0996654758493453));
#1657=DIRECTION('',(0.900020472139289,0.327811309552806,0.287233171934312));
#1658=DIRECTION('',(0.233427299185229,-0.96941178695312,-0.0758451271437322));
#1659=DIRECTION('',(0.921965396955094,0.245439987199232,-0.2995647167159));
#1660=DIRECTION('',(-0.270834076457481,-0.948124726454562,0.16645842157994));
#1661=DIRECTION('',(0.912000674147857,-0.308064398110262,-0.270834076457923));
#1662=DIRECTION('',(0.744278014764861,-0.640623187289935,0.188817818661698));
#1663=DIRECTION('',(0.592576208900167,0.763836436813571,0.25574857661667));
#1664=DIRECTION('',(-0.142385900250412,-0.984643627059892,0.101010806848673));
#1665=DIRECTION('',(0.977448288879169,-0.155952229826667,-0.142385900212328));
#1666=DIRECTION('',(0.142385900216385,0.984643627065321,0.101010806843712));
#1667=DIRECTION('',(0.977448288884131,-0.155952229792386,0.142385900215813));
#1668=DIRECTION('',(0.130338043085593,0.975528258147606,0.177077983047344));
#1669=DIRECTION('',(0.979356481992893,-0.154508497187282,0.130338043085787));
#1670=DIRECTION('',(-0.13033804308583,-0.97552825814756,0.177077983047426));
#1671=DIRECTION('',(0.979356481992847,-0.15450849718754,-0.130338043085828));
#1672=DIRECTION('',(0.130338043085642,0.975528258147599,0.17707798304735));
#1673=DIRECTION('',(0.979356481992897,-0.15450849718732,0.13033804308571));
#1674=DIRECTION('',(-0.130338043085806,-0.975528258147574,0.177077983047367));
#1675=DIRECTION('',(0.979356481992868,-0.154508497187489,-0.130338043085724));
#1676=DIRECTION('',(-0.118439204842808,-0.960398433122193,0.252204291027414));
#1677=DIRECTION('',(0.981241072828495,-0.15211216831871,-0.118439204842674));
#1678=DIRECTION('',(0.118439204842664,0.96039843312221,0.252204291027417));
#1679=DIRECTION('',(0.981241072828508,-0.152112168318578,0.118439204842733));
#1680=DIRECTION('',(-5.10540130149879E-13,-0.972369920397677,0.233445363855905));
#1681=DIRECTION('',(1.,-4.96393738437917E-13,1.19350368578295E-13));
#1682=DIRECTION('',(8.20517448712993E-14,0.972369920397677,0.233445363855905));
#1683=DIRECTION('',(1.,-7.98461632583746E-14,-1.88983725648836E-14));
#1684=DIRECTION('',(-8.47324037649416E-15,0.951056516295154,0.309016994374947));
#1685=DIRECTION('',(1.,7.97945136511396E-15,2.86175574592917E-15));
#1686=DIRECTION('',(0.97851656254536,0.20616822457501,2.17274323542984E-16));
#1687=DIRECTION('',(-0.20616822457501,0.97851656254536,-4.57785419738533E-17));
#1688=DIRECTION('',(0.995194495865493,0.0979179013205815,2.20977568658019E-16));
#1689=DIRECTION('',(0.0979179013205815,-0.995194495865493,2.17421417138167E-17));
#1690=DIRECTION('',(0.997006381654287,0.0773193050966291,2.21379888122161E-16));
#1691=DIRECTION('',(-0.0773193050966291,0.997006381654287,-1.71683345532591E-17));
#1692=DIRECTION('',(0.999871830816718,-0.0160100574397444,2.22016145649366E-16));
#1693=DIRECTION('',(-0.0160100574397444,-0.999871830816718,-3.5549468790349E-18));
#1694=DIRECTION('',(-0.996216175672215,0.0869099035152298,-2.21204427147062E-16));
#1695=DIRECTION('',(-0.0869099035152298,-0.996216175672215,-1.92978751901116E-17));
#1696=DIRECTION('',(-0.397947987591625,0.917407978585196,-8.83622036854937E-17));
#1697=DIRECTION('',(-0.917407978585196,-0.397947987591625,-2.03705492160022E-16));
#1698=DIRECTION('',(-0.193511739197604,-0.981097959835163,-4.29682376784877E-17));
#1699=DIRECTION('',(-0.981097959835163,0.193511739197604,-2.17847508884353E-16));
#1700=DIRECTION('',(0.366986146384666,-0.930226407043862,8.14872938869438E-17));
#1701=DIRECTION('',(0.930226407043862,0.366986146384666,2.06551755042886E-16));
#1702=DIRECTION('',(0.533813113663838,0.845602483251154,1.18530321927287E-16));
#1703=DIRECTION('',(0.845602483251154,-0.533813113663838,1.87761469317128E-16));
#1704=DIRECTION('',(0.63236120192373,0.774673679881778,1.40412393251072E-16));
#1705=DIRECTION('',(-0.774673679881778,0.63236120192373,-1.7201211119517E-16));
#1706=DIRECTION('',(0.395120868999534,0.918629141101595,8.77344572546364E-17));
#1707=DIRECTION('',(0.918629141101595,-0.395120868999534,2.03976644708524E-16));
#1708=DIRECTION('',(0.987151533137974,0.159786891275057,2.19191672176761E-16));
#1709=DIRECTION('',(0.159786891275057,-0.987151533137974,3.54798171453689E-17));
#1710=DIRECTION('',(-0.968251832235808,-0.249976777665447,-2.14995095556737E-16));
#1711=DIRECTION('',(0.249976777665447,-0.968251832235808,5.55059948371565E-17));
#1712=DIRECTION('',(0.87566388373252,-0.482921072978267,1.94436441110506E-16));
#1713=DIRECTION('',(-0.482921072978267,-0.87566388373252,-1.07230018859431E-16));
#1714=DIRECTION('',(-0.964963025429916,0.262385898159834,-2.14264833748848E-16));
#1715=DIRECTION('',(-0.262385898159834,-0.964963025429916,-5.82613730947997E-17));
#1716=DIRECTION('',(0.816396002203661,-0.577492482709412,1.81276327771687E-16));
#1717=DIRECTION('',(-0.577492482709412,-0.816396002203661,-1.28229090170387E-16));
#1718=CARTESIAN_POINT('',(0.,0.,0.));
#1719=CARTESIAN_POINT('',(0.,0.,0.));
#1720=CARTESIAN_POINT('Origin',(-2.39626795771806,0.818847383912031,0.786905272112334));
#1721=CARTESIAN_POINT('',(-1.89626795771806,0.818847383912031,0.786905272112334));
#1722=CARTESIAN_POINT('Origin',(-2.39626795771806,0.818847383912031,0.786905272112334));
#1723=CARTESIAN_POINT('Origin',(-2.39626795771806,0.818847383912031,0.826275350852491));
#1724=CARTESIAN_POINT('',(-1.89626795771806,0.818847383912031,0.816432831167452));
#1725=CARTESIAN_POINT('',(-1.89626795771806,0.818847383912031,0.826275350852491));
#1726=CARTESIAN_POINT('Origin',(-2.39626795771806,0.818847383912031,0.816432831167452));
#1727=CARTESIAN_POINT('Origin',(-2.39626795771806,0.818847383912031,0.826275350852491));
#1728=CARTESIAN_POINT('',(-1.9061104774031,0.818847383912031,0.826275350852491));
#1729=CARTESIAN_POINT('Origin',(-2.39626795771806,0.818847383912031,0.826275350852491));
#1730=CARTESIAN_POINT('Origin',(-2.39626795771806,0.818847383912031,0.826275350852491));
#1731=CARTESIAN_POINT('',(-1.9061104774031,0.818847383912031,0.826275350852491));
#1732=CARTESIAN_POINT('',(0.,0.,0.));
#1733=CARTESIAN_POINT('Origin',(0.,0.,4.30813204540037));
#1734=CARTESIAN_POINT('',(12.7,0.,-0.19302513554932));
#1735=CARTESIAN_POINT('',(-12.7,-1.55530143491714E-15,-0.19302513554932));
#1736=CARTESIAN_POINT('Origin',(0.,0.,-0.19302513554932));
#1737=CARTESIAN_POINT('Origin',(0.,0.,-0.19302513554932));
#1738=CARTESIAN_POINT('',(-12.7,-1.55530143491714E-15,-1.89322330470336));
#1739=CARTESIAN_POINT('',(-12.7,-1.55530143491714E-15,4.30813204540037));
#1740=CARTESIAN_POINT('Origin',(0.,0.,-1.89322330470336));
#1741=CARTESIAN_POINT('Origin',(0.,0.,-36.56));
#1742=CARTESIAN_POINT('',(12.5232233047034,0.,-0.0162484402526754));
#1743=CARTESIAN_POINT('',(-12.5232233047034,-1.53365253351125E-15,-0.0162484402526752));
#1744=CARTESIAN_POINT('Origin',(0.,0.,-0.0162484402526754));
#1745=CARTESIAN_POINT('',(-2.36540529255311E-15,-2.89678602021138E-31,2.07));
#1746=CARTESIAN_POINT('Origin',(0.,0.,-36.56));
#1747=CARTESIAN_POINT('Origin',(0.,0.,-0.0162484402526754));
#1748=CARTESIAN_POINT('Origin',(0.,0.,-2.07));
#1749=CARTESIAN_POINT('',(-12.5232233047034,-1.53365253351125E-15,-2.07));
#1750=CARTESIAN_POINT('Origin',(0.,0.,-2.07));
#1751=CARTESIAN_POINT('Origin',(0.,0.,-2.07));
#1752=CARTESIAN_POINT('',(-12.5232233047034,-1.53365253351125E-15,-2.07));
#1753=CARTESIAN_POINT('Origin',(0.,0.,-0.0162484402526754));
#1754=CARTESIAN_POINT('',(12.5232233047034,-1.53365253351125E-15,-0.0162484402526754));
#1755=CARTESIAN_POINT('',(0.,0.,0.));
#1756=CARTESIAN_POINT('Origin',(0.,0.,0.));
#1757=CARTESIAN_POINT('',(1.,26.,-1.22464679914735E-16));
#1758=CARTESIAN_POINT('Origin',(0.,26.,0.));
#1759=CARTESIAN_POINT('',(1.,-0.25,-1.22464679914735E-16));
#1760=CARTESIAN_POINT('',(1.,0.,-1.22464679914735E-16));
#1761=CARTESIAN_POINT('Origin',(0.,-0.25,0.));
#1762=CARTESIAN_POINT('Origin',(0.,26.,0.));
#1763=CARTESIAN_POINT('Origin',(0.,-0.25,0.));
#1764=CARTESIAN_POINT('',(0.,0.,0.));
#1765=CARTESIAN_POINT('Origin',(0.,0.,0.));
#1766=CARTESIAN_POINT('',(1.,26.249,-1.22464679914735E-16));
#1767=CARTESIAN_POINT('Origin',(0.,26.249,0.));
#1768=CARTESIAN_POINT('',(1.,0.,-1.22464679914735E-16));
#1769=CARTESIAN_POINT('',(1.,0.,-1.22464679914735E-16));
#1770=CARTESIAN_POINT('Origin',(0.,0.,0.));
#1771=CARTESIAN_POINT('Origin',(0.,26.249,0.));
#1772=CARTESIAN_POINT('Origin',(0.,0.,0.));
#1773=CARTESIAN_POINT('',(0.,0.,0.));
#1774=CARTESIAN_POINT('Origin',(0.,0.,0.));
#1775=CARTESIAN_POINT('',(1.,26.325,-1.22464679914735E-16));
#1776=CARTESIAN_POINT('Origin',(0.,26.325,0.));
#1777=CARTESIAN_POINT('',(1.,0.,-1.22464679914735E-16));
#1778=CARTESIAN_POINT('',(1.,0.,-1.22464679914735E-16));
#1779=CARTESIAN_POINT('Origin',(0.,0.,0.));
#1780=CARTESIAN_POINT('Origin',(0.,26.325,0.));
#1781=CARTESIAN_POINT('Origin',(0.,0.,0.));
#1782=CARTESIAN_POINT('',(0.,0.,0.));
#1783=CARTESIAN_POINT('Origin',(0.,0.,0.));
#1784=CARTESIAN_POINT('',(1.,25.58,-1.22464679914735E-16));
#1785=CARTESIAN_POINT('Origin',(0.,25.58,0.));
#1786=CARTESIAN_POINT('',(1.,0.,-1.22464679914735E-16));
#1787=CARTESIAN_POINT('',(1.,0.,-1.22464679914735E-16));
#1788=CARTESIAN_POINT('Origin',(0.,0.,0.));
#1789=CARTESIAN_POINT('Origin',(0.,25.58,0.));
#1790=CARTESIAN_POINT('Origin',(0.,0.,0.));
#1791=CARTESIAN_POINT('',(0.,0.,0.));
#1792=CARTESIAN_POINT('Origin',(0.,0.,0.));
#1793=CARTESIAN_POINT('',(1.,25.58,-1.22464679914735E-16));
#1794=CARTESIAN_POINT('Origin',(0.,25.58,0.));
#1795=CARTESIAN_POINT('',(1.,0.,-1.22464679914735E-16));
#1796=CARTESIAN_POINT('',(1.,0.,-1.22464679914735E-16));
#1797=CARTESIAN_POINT('Origin',(0.,0.,0.));
#1798=CARTESIAN_POINT('Origin',(0.,25.58,0.));
#1799=CARTESIAN_POINT('Origin',(0.,0.,0.));
#1800=CARTESIAN_POINT('',(0.,0.,0.));
#1801=CARTESIAN_POINT('Origin',(0.,0.,0.));
#1802=CARTESIAN_POINT('',(1.,25.632,-1.22464679914735E-16));
#1803=CARTESIAN_POINT('Origin',(0.,25.632,0.));
#1804=CARTESIAN_POINT('',(1.,0.,-1.22464679914735E-16));
#1805=CARTESIAN_POINT('',(1.,0.,-1.22464679914735E-16));
#1806=CARTESIAN_POINT('Origin',(0.,0.,0.));
#1807=CARTESIAN_POINT('Origin',(0.,25.632,0.));
#1808=CARTESIAN_POINT('Origin',(0.,0.,0.));
#1809=CARTESIAN_POINT('',(0.,0.,0.));
#1810=CARTESIAN_POINT('Origin',(0.,0.,0.));
#1811=CARTESIAN_POINT('',(1.,26.057,-1.22464679914735E-16));
#1812=CARTESIAN_POINT('Origin',(0.,26.057,0.));
#1813=CARTESIAN_POINT('',(1.,0.,-1.22464679914735E-16));
#1814=CARTESIAN_POINT('',(1.,0.,-1.22464679914735E-16));
#1815=CARTESIAN_POINT('Origin',(0.,0.,0.));
#1816=CARTESIAN_POINT('Origin',(0.,26.057,0.));
#1817=CARTESIAN_POINT('Origin',(0.,0.,0.));
#1818=CARTESIAN_POINT('',(0.,0.,0.));
#1819=CARTESIAN_POINT('Origin',(0.,0.,0.));
#1820=CARTESIAN_POINT('',(1.,25.71,-1.22464679914735E-16));
#1821=CARTESIAN_POINT('Origin',(0.,25.71,0.));
#1822=CARTESIAN_POINT('',(1.,0.,-1.22464679914735E-16));
#1823=CARTESIAN_POINT('',(1.,0.,-1.22464679914735E-16));
#1824=CARTESIAN_POINT('Origin',(0.,0.,0.));
#1825=CARTESIAN_POINT('Origin',(0.,25.71,0.));
#1826=CARTESIAN_POINT('Origin',(0.,0.,0.));
#1827=CARTESIAN_POINT('',(0.,0.,0.));
#1828=CARTESIAN_POINT('Origin',(0.,0.,0.));
#1829=CARTESIAN_POINT('',(1.,26.068,-1.22464679914735E-16));
#1830=CARTESIAN_POINT('Origin',(0.,26.068,0.));
#1831=CARTESIAN_POINT('',(1.,0.,-1.22464679914735E-16));
#1832=CARTESIAN_POINT('',(1.,0.,-1.22464679914735E-16));
#1833=CARTESIAN_POINT('Origin',(0.,0.,0.));
#1834=CARTESIAN_POINT('Origin',(0.,26.068,0.));
#1835=CARTESIAN_POINT('Origin',(0.,0.,0.));
#1836=CARTESIAN_POINT('',(0.,0.,0.));
#1837=CARTESIAN_POINT('Origin',(0.,25.,0.));
#1838=CARTESIAN_POINT('',(-0.166666666666666,25.,-2.04107799857892E-17));
#1839=CARTESIAN_POINT('Origin',(0.,25.,0.));
#1840=CARTESIAN_POINT('Origin',(1.,1.83697019872103E-16,0.));
#1841=CARTESIAN_POINT('',(-1.,-4.92116600041237E-34,1.22464679914735E-16));
#1842=CARTESIAN_POINT('Origin',(0.,0.,0.));
#1843=CARTESIAN_POINT('Origin',(0.,0.,0.));
#1844=CARTESIAN_POINT('',(-1.,0.,1.22464679914735E-16));
#1845=CARTESIAN_POINT('',(0.,0.,0.));
#1846=CARTESIAN_POINT('Origin',(0.,25.,0.));
#1847=CARTESIAN_POINT('',(-0.166666666666666,25.,-2.04107799857892E-17));
#1848=CARTESIAN_POINT('Origin',(0.,25.,0.));
#1849=CARTESIAN_POINT('Origin',(1.,1.83697019872103E-16,0.));
#1850=CARTESIAN_POINT('',(-1.,-4.92116600041237E-34,1.22464679914735E-16));
#1851=CARTESIAN_POINT('Origin',(0.,0.,0.));
#1852=CARTESIAN_POINT('Origin',(0.,0.,0.));
#1853=CARTESIAN_POINT('',(-1.,0.,1.22464679914735E-16));
#1854=CARTESIAN_POINT('',(0.,0.,0.));
#1855=CARTESIAN_POINT('Origin',(0.,25.,0.));
#1856=CARTESIAN_POINT('',(-0.166666666666666,25.,-2.04107799857892E-17));
#1857=CARTESIAN_POINT('Origin',(0.,25.,0.));
#1858=CARTESIAN_POINT('Origin',(1.,1.83697019872103E-16,0.));
#1859=CARTESIAN_POINT('',(-1.,-4.92116600041237E-34,1.22464679914735E-16));
#1860=CARTESIAN_POINT('Origin',(0.,0.,0.));
#1861=CARTESIAN_POINT('Origin',(0.,0.,0.));
#1862=CARTESIAN_POINT('',(-1.,0.,1.22464679914735E-16));
#1863=CARTESIAN_POINT('',(0.,0.,0.));
#1864=CARTESIAN_POINT('Origin',(0.,25.,0.));
#1865=CARTESIAN_POINT('',(-0.166666666666666,25.,-2.04107799857892E-17));
#1866=CARTESIAN_POINT('Origin',(0.,25.,0.));
#1867=CARTESIAN_POINT('Origin',(1.,1.83697019872103E-16,0.));
#1868=CARTESIAN_POINT('',(-1.,-4.92116600041237E-34,1.22464679914735E-16));
#1869=CARTESIAN_POINT('Origin',(0.,0.,0.));
#1870=CARTESIAN_POINT('Origin',(0.,0.,0.));
#1871=CARTESIAN_POINT('',(-1.,0.,1.22464679914735E-16));
#1872=CARTESIAN_POINT('',(0.,0.,0.));
#1873=CARTESIAN_POINT('Origin',(0.,25.,0.));
#1874=CARTESIAN_POINT('',(-0.166666666666666,25.,-2.04107799857892E-17));
#1875=CARTESIAN_POINT('Origin',(0.,25.,0.));
#1876=CARTESIAN_POINT('Origin',(1.,1.83697019872103E-16,0.));
#1877=CARTESIAN_POINT('',(-1.,-4.92116600041237E-34,1.22464679914735E-16));
#1878=CARTESIAN_POINT('Origin',(0.,0.,0.));
#1879=CARTESIAN_POINT('Origin',(0.,0.,0.));
#1880=CARTESIAN_POINT('',(-1.,0.,1.22464679914735E-16));
#1881=CARTESIAN_POINT('',(60.8652061260387,-20.7987235513656,-0.537857082068847));
#1882=CARTESIAN_POINT('',(59.0309270602936,20.7987235513656,246.147662643935));
#1883=CARTESIAN_POINT('',(-1.00918244493507E-14,2.78298149005401E-15,45.4495368295844));
#1884=CARTESIAN_POINT('',(-2.11940546956023E-14,5.8445984879224E-15,95.4495368295844));
#1885=CARTESIAN_POINT('',(-4.33985151881054E-14,1.19678324836592E-14,195.449536829584));
#1886=CARTESIAN_POINT('',(-3.22962849418538E-14,8.90621548579078E-15,145.449536829584));
#1887=CARTESIAN_POINT('',(0.0772542485938457,-1.26430781019829E-15,20.6873009586585));
#1888=CARTESIAN_POINT('',(-0.0760082652314127,6.52265403643189E-16,20.6877021998978));
#1889=CARTESIAN_POINT('',(-8.00000000000004,3.18850398223592E-15,95.4495368295844));
#1890=CARTESIAN_POINT('',(-3.65848149060426E-14,8.77360573021692E-15,120.449536829584));
#1891=CARTESIAN_POINT('',(7.99999999999997,2.00000000000001,195.449536829584));
#1892=CARTESIAN_POINT('',(-4.00000000000002,-1.99999999999999,195.449536829585));
#1893=CARTESIAN_POINT('',(-4.00000000000006,-2.,145.449536829585));
#1894=CARTESIAN_POINT('',(0.0476726419441918,-0.00159361572931179,120.403549673001));
#1895=CARTESIAN_POINT('',(0.0396382000907386,-0.0097282079111349,20.4447965167461));
#1896=CARTESIAN_POINT('',(-4.00000000000011,-4.00000000000009,45.449536829585));
#1897=CARTESIAN_POINT('',(-4.00000000000006,-4.00000000000004,95.4495368295841));
#1898=CARTESIAN_POINT('',(0.0364132301216574,-0.0828858459932806,120.424434857719));
#1899=CARTESIAN_POINT('',(0.0364132301215304,-0.0828858459934214,220.47463880145));
#1900=CARTESIAN_POINT('',(-4.30311211483612E-14,-5.99999999999998,195.449536829584));
#1901=CARTESIAN_POINT('',(-3.19288909021104E-14,-5.99999999999999,145.449536829584));
#1902=CARTESIAN_POINT('',(-2.66956202684446E-14,-0.0554550093661295,120.241678096366));
#1903=CARTESIAN_POINT('',(7.99999999999999,-1.10508073143853E-14,45.4495368295844));
#1904=CARTESIAN_POINT('',(-8.00000000000002,5.35473976826346E-15,95.4495368295844));
#1905=CARTESIAN_POINT('',(-8.00000000000001,1.55824781504411E-14,45.4495368295844));
#1906=CARTESIAN_POINT('',(7.99999999999996,2.00000000000001,195.449536829584));
#1907=CARTESIAN_POINT('',(7.99999999999997,2.00000000000001,145.449536829584));
#1908=CARTESIAN_POINT('',(-4.00000000000003,-1.99999999999999,145.449536829584));
#1909=CARTESIAN_POINT('',(-4.00000000000004,-1.99999999999999,195.449536829584));
#1910=CARTESIAN_POINT('',(4.,4.,45.4495368295844));
#1911=CARTESIAN_POINT('',(3.99999999999998,4.00000000000001,95.4495368295844));
#1912=CARTESIAN_POINT('',(-4.00000000000002,-3.99999999999999,45.4495368295844));
#1913=CARTESIAN_POINT('',(-4.00000000000002,-3.99999999999999,95.4495368295844));
#1914=CARTESIAN_POINT('',(3.99999999999996,6.00000000000001,195.449536829584));
#1915=CARTESIAN_POINT('',(3.99999999999997,6.00000000000001,145.449536829584));
#1916=CARTESIAN_POINT('',(-4.46395714312527E-14,-5.99999999999999,195.449536829584));
#1917=CARTESIAN_POINT('',(-3.19288909021097E-14,-5.99999999999999,145.449536829584));
#1918=CARTESIAN_POINT('',(-2.27782496855424E-14,8.00000000000001,95.4495368295844));
#1919=UNCERTAINTY_MEASURE_WITH_UNIT(LENGTH_MEASURE(0.01),#1955,
'DISTANCE_ACCURACY_VALUE',
'Maximum model space distance between geometric entities at asserted c
onnectivities');
#1920=UNCERTAINTY_MEASURE_WITH_UNIT(LENGTH_MEASURE(0.000393700787401575),
#958,'DISTANCE_ACCURACY_VALUE',
'Maximum model space distance between geometric entities at asserted c
onnectivities');
#1921=UNCERTAINTY_MEASURE_WITH_UNIT(LENGTH_MEASURE(0.01),#1955,
'DISTANCE_ACCURACY_VALUE',
'Maximum model space distance between geometric entities at asserted c
onnectivities');
#1922=UNCERTAINTY_MEASURE_WITH_UNIT(LENGTH_MEASURE(0.01),#1955,
'DISTANCE_ACCURACY_VALUE',
'Maximum model space distance between geometric entities at asserted c
onnectivities');
#1923=UNCERTAINTY_MEASURE_WITH_UNIT(LENGTH_MEASURE(0.01),#1955,
'DISTANCE_ACCURACY_VALUE',
'Maximum model space distance between geometric entities at asserted c
onnectivities');
#1924=UNCERTAINTY_MEASURE_WITH_UNIT(LENGTH_MEASURE(0.01),#1955,
'DISTANCE_ACCURACY_VALUE',
'Maximum model space distance between geometric entities at asserted c
onnectivities');
#1925=UNCERTAINTY_MEASURE_WITH_UNIT(LENGTH_MEASURE(0.01),#1955,
'DISTANCE_ACCURACY_VALUE',
'Maximum model space distance between geometric entities at asserted c
onnectivities');
#1926=UNCERTAINTY_MEASURE_WITH_UNIT(LENGTH_MEASURE(0.01),#1955,
'DISTANCE_ACCURACY_VALUE',
'Maximum model space distance between geometric entities at asserted c
onnectivities');
#1927=UNCERTAINTY_MEASURE_WITH_UNIT(LENGTH_MEASURE(0.01),#1955,
'DISTANCE_ACCURACY_VALUE',
'Maximum model space distance between geometric entities at asserted c
onnectivities');
#1928=UNCERTAINTY_MEASURE_WITH_UNIT(LENGTH_MEASURE(0.01),#1955,
'DISTANCE_ACCURACY_VALUE',
'Maximum model space distance between geometric entities at asserted c
onnectivities');
#1929=UNCERTAINTY_MEASURE_WITH_UNIT(LENGTH_MEASURE(0.01),#1955,
'DISTANCE_ACCURACY_VALUE',
'Maximum model space distance between geometric entities at asserted c
onnectivities');
#1930=UNCERTAINTY_MEASURE_WITH_UNIT(LENGTH_MEASURE(0.01),#1955,
'DISTANCE_ACCURACY_VALUE',
'Maximum model space distance between geometric entities at asserted c
onnectivities');
#1931=UNCERTAINTY_MEASURE_WITH_UNIT(LENGTH_MEASURE(0.01),#1955,
'DISTANCE_ACCURACY_VALUE',
'Maximum model space distance between geometric entities at asserted c
onnectivities');
#1932=UNCERTAINTY_MEASURE_WITH_UNIT(LENGTH_MEASURE(0.01),#1955,
'DISTANCE_ACCURACY_VALUE',
'Maximum model space distance between geometric entities at asserted c
onnectivities');
#1933=UNCERTAINTY_MEASURE_WITH_UNIT(LENGTH_MEASURE(0.01),#1955,
'DISTANCE_ACCURACY_VALUE',
'Maximum model space distance between geometric entities at asserted c
onnectivities');
#1934=UNCERTAINTY_MEASURE_WITH_UNIT(LENGTH_MEASURE(0.01),#1955,
'DISTANCE_ACCURACY_VALUE',
'Maximum model space distance between geometric entities at asserted c
onnectivities');
#1935=UNCERTAINTY_MEASURE_WITH_UNIT(LENGTH_MEASURE(0.01),#1955,
'DISTANCE_ACCURACY_VALUE',
'Maximum model space distance between geometric entities at asserted c
onnectivities');
#1936=UNCERTAINTY_MEASURE_WITH_UNIT(LENGTH_MEASURE(0.01),#1955,
'DISTANCE_ACCURACY_VALUE',
'Maximum model space distance between geometric entities at asserted c
onnectivities');
#1937=(
GEOMETRIC_REPRESENTATION_CONTEXT(3)
GLOBAL_UNCERTAINTY_ASSIGNED_CONTEXT((#1919))
GLOBAL_UNIT_ASSIGNED_CONTEXT((#1955,#1957,#1958))
REPRESENTATION_CONTEXT('','3D')
);
#1938=(
GEOMETRIC_REPRESENTATION_CONTEXT(3)
GLOBAL_UNCERTAINTY_ASSIGNED_CONTEXT((#1920))
GLOBAL_UNIT_ASSIGNED_CONTEXT((#958,#1957,#1958))
REPRESENTATION_CONTEXT('','3D')
);
#1939=(
GEOMETRIC_REPRESENTATION_CONTEXT(3)
GLOBAL_UNCERTAINTY_ASSIGNED_CONTEXT((#1921))
GLOBAL_UNIT_ASSIGNED_CONTEXT((#1955,#1957,#1958))
REPRESENTATION_CONTEXT('','3D')
);
#1940=(
GEOMETRIC_REPRESENTATION_CONTEXT(3)
GLOBAL_UNCERTAINTY_ASSIGNED_CONTEXT((#1922))
GLOBAL_UNIT_ASSIGNED_CONTEXT((#1955,#1957,#1958))
REPRESENTATION_CONTEXT('','3D')
);
#1941=(
GEOMETRIC_REPRESENTATION_CONTEXT(3)
GLOBAL_UNCERTAINTY_ASSIGNED_CONTEXT((#1923))
GLOBAL_UNIT_ASSIGNED_CONTEXT((#1955,#1957,#1958))
REPRESENTATION_CONTEXT('','3D')
);
#1942=(
GEOMETRIC_REPRESENTATION_CONTEXT(3)
GLOBAL_UNCERTAINTY_ASSIGNED_CONTEXT((#1924))
GLOBAL_UNIT_ASSIGNED_CONTEXT((#1955,#1957,#1958))
REPRESENTATION_CONTEXT('','3D')
);
#1943=(
GEOMETRIC_REPRESENTATION_CONTEXT(3)
GLOBAL_UNCERTAINTY_ASSIGNED_CONTEXT((#1925))
GLOBAL_UNIT_ASSIGNED_CONTEXT((#1955,#1957,#1958))
REPRESENTATION_CONTEXT('','3D')
);
#1944=(
GEOMETRIC_REPRESENTATION_CONTEXT(3)
GLOBAL_UNCERTAINTY_ASSIGNED_CONTEXT((#1926))
GLOBAL_UNIT_ASSIGNED_CONTEXT((#1955,#1957,#1958))
REPRESENTATION_CONTEXT('','3D')
);
#1945=(
GEOMETRIC_REPRESENTATION_CONTEXT(3)
GLOBAL_UNCERTAINTY_ASSIGNED_CONTEXT((#1927))
GLOBAL_UNIT_ASSIGNED_CONTEXT((#1955,#1957,#1958))
REPRESENTATION_CONTEXT('','3D')
);
#1946=(
GEOMETRIC_REPRESENTATION_CONTEXT(3)
GLOBAL_UNCERTAINTY_ASSIGNED_CONTEXT((#1928))
GLOBAL_UNIT_ASSIGNED_CONTEXT((#1955,#1957,#1958))
REPRESENTATION_CONTEXT('','3D')
);
#1947=(
GEOMETRIC_REPRESENTATION_CONTEXT(3)
GLOBAL_UNCERTAINTY_ASSIGNED_CONTEXT((#1929))
GLOBAL_UNIT_ASSIGNED_CONTEXT((#1955,#1957,#1958))
REPRESENTATION_CONTEXT('','3D')
);
#1948=(
GEOMETRIC_REPRESENTATION_CONTEXT(3)
GLOBAL_UNCERTAINTY_ASSIGNED_CONTEXT((#1930))
GLOBAL_UNIT_ASSIGNED_CONTEXT((#1955,#1957,#1958))
REPRESENTATION_CONTEXT('','3D')
);
#1949=(
GEOMETRIC_REPRESENTATION_CONTEXT(3)
GLOBAL_UNCERTAINTY_ASSIGNED_CONTEXT((#1931))
GLOBAL_UNIT_ASSIGNED_CONTEXT((#1955,#1957,#1958))
REPRESENTATION_CONTEXT('','3D')
);
#1950=(
GEOMETRIC_REPRESENTATION_CONTEXT(3)
GLOBAL_UNCERTAINTY_ASSIGNED_CONTEXT((#1932))
GLOBAL_UNIT_ASSIGNED_CONTEXT((#1955,#1957,#1958))
REPRESENTATION_CONTEXT('','3D')
);
#1951=(
GEOMETRIC_REPRESENTATION_CONTEXT(3)
GLOBAL_UNCERTAINTY_ASSIGNED_CONTEXT((#1933))
GLOBAL_UNIT_ASSIGNED_CONTEXT((#1955,#1957,#1958))
REPRESENTATION_CONTEXT('','3D')
);
#1952=(
GEOMETRIC_REPRESENTATION_CONTEXT(3)
GLOBAL_UNCERTAINTY_ASSIGNED_CONTEXT((#1934))
GLOBAL_UNIT_ASSIGNED_CONTEXT((#1955,#1957,#1958))
REPRESENTATION_CONTEXT('','3D')
);
#1953=(
GEOMETRIC_REPRESENTATION_CONTEXT(3)
GLOBAL_UNCERTAINTY_ASSIGNED_CONTEXT((#1935))
GLOBAL_UNIT_ASSIGNED_CONTEXT((#1955,#1957,#1958))
REPRESENTATION_CONTEXT('','3D')
);
#1954=(
GEOMETRIC_REPRESENTATION_CONTEXT(3)
GLOBAL_UNCERTAINTY_ASSIGNED_CONTEXT((#1936))
GLOBAL_UNIT_ASSIGNED_CONTEXT((#1955,#1957,#1958))
REPRESENTATION_CONTEXT('','3D')
);
#1955=(
LENGTH_UNIT()
NAMED_UNIT(*)
SI_UNIT(.MILLI.,.METRE.)
);
#1956=(
LENGTH_UNIT()
NAMED_UNIT(*)
SI_UNIT(.CENTI.,.METRE.)
);
#1957=(
NAMED_UNIT(*)
PLANE_ANGLE_UNIT()
SI_UNIT($,.RADIAN.)
);
#1958=(
NAMED_UNIT(*)
SI_UNIT($,.STERADIAN.)
SOLID_ANGLE_UNIT()
);
#1959=SHAPE_DEFINITION_REPRESENTATION(#1976,#2031);
#1960=SHAPE_DEFINITION_REPRESENTATION(#1977,#2032);
#1961=SHAPE_DEFINITION_REPRESENTATION(#1978,#2033);
#1962=SHAPE_DEFINITION_REPRESENTATION(#1979,#2034);
#1963=SHAPE_DEFINITION_REPRESENTATION(#1980,#2035);
#1964=SHAPE_DEFINITION_REPRESENTATION(#1981,#2036);
#1965=SHAPE_DEFINITION_REPRESENTATION(#1982,#2037);
#1966=SHAPE_DEFINITION_REPRESENTATION(#1983,#2038);
#1967=SHAPE_DEFINITION_REPRESENTATION(#1984,#2039);
#1968=SHAPE_DEFINITION_REPRESENTATION(#1985,#2040);
#1969=SHAPE_DEFINITION_REPRESENTATION(#1986,#2041);
#1970=SHAPE_DEFINITION_REPRESENTATION(#1987,#2042);
#1971=SHAPE_DEFINITION_REPRESENTATION(#1988,#2043);
#1972=SHAPE_DEFINITION_REPRESENTATION(#1989,#2044);
#1973=SHAPE_DEFINITION_REPRESENTATION(#1990,#2045);
#1974=SHAPE_DEFINITION_REPRESENTATION(#1991,#2046);
#1975=SHAPE_DEFINITION_REPRESENTATION(#1992,#2047);
#1976=PRODUCT_DEFINITION_SHAPE('',$,#2049);
#1977=PRODUCT_DEFINITION_SHAPE('',$,#2050);
#1978=PRODUCT_DEFINITION_SHAPE('',$,#2051);
#1979=PRODUCT_DEFINITION_SHAPE('',$,#2052);
#1980=PRODUCT_DEFINITION_SHAPE('',$,#2053);
#1981=PRODUCT_DEFINITION_SHAPE('',$,#2054);
#1982=PRODUCT_DEFINITION_SHAPE('',$,#2055);
#1983=PRODUCT_DEFINITION_SHAPE('',$,#2056);
#1984=PRODUCT_DEFINITION_SHAPE('',$,#2057);
#1985=PRODUCT_DEFINITION_SHAPE('',$,#2058);
#1986=PRODUCT_DEFINITION_SHAPE('',$,#2059);
#1987=PRODUCT_DEFINITION_SHAPE('',$,#2060);
#1988=PRODUCT_DEFINITION_SHAPE('',$,#2061);
#1989=PRODUCT_DEFINITION_SHAPE('',$,#2062);
#1990=PRODUCT_DEFINITION_SHAPE('',$,#2063);
#1991=PRODUCT_DEFINITION_SHAPE('',$,#2064);
#1992=PRODUCT_DEFINITION_SHAPE('',$,#2065);
#1993=PRODUCT_DEFINITION_SHAPE($,$,#125);
#1994=PRODUCT_DEFINITION_SHAPE($,$,#126);
#1995=PRODUCT_DEFINITION_SHAPE($,$,#127);
#1996=PRODUCT_DEFINITION_SHAPE($,$,#128);
#1997=PRODUCT_DEFINITION_SHAPE($,$,#129);
#1998=PRODUCT_DEFINITION_SHAPE($,$,#130);
#1999=PRODUCT_DEFINITION_SHAPE($,$,#131);
#2000=PRODUCT_DEFINITION_SHAPE($,$,#132);
#2001=PRODUCT_DEFINITION_SHAPE($,$,#133);
#2002=PRODUCT_DEFINITION_SHAPE($,$,#134);
#2003=PRODUCT_DEFINITION_SHAPE($,$,#135);
#2004=PRODUCT_DEFINITION_SHAPE($,$,#136);
#2005=PRODUCT_DEFINITION_SHAPE($,$,#137);
#2006=PRODUCT_DEFINITION_SHAPE($,$,#138);
#2007=PRODUCT_DEFINITION_SHAPE($,$,#139);
#2008=PRODUCT_DEFINITION_SHAPE($,$,#140);
#2009=PRODUCT_DEFINITION_SHAPE($,$,#141);
#2010=PRODUCT_DEFINITION_SHAPE($,$,#142);
#2011=PRODUCT_DEFINITION_SHAPE($,$,#143);
#2012=PRODUCT_DEFINITION_SHAPE($,$,#144);
#2013=PRODUCT_DEFINITION_SHAPE($,$,#145);
#2014=PRODUCT_DEFINITION_SHAPE($,$,#146);
#2015=PRODUCT_DEFINITION_SHAPE($,$,#147);
#2016=PRODUCT_DEFINITION_SHAPE($,$,#148);
#2017=PRODUCT_DEFINITION_SHAPE($,$,#149);
#2018=PRODUCT_DEFINITION_SHAPE($,$,#150);
#2019=PRODUCT_DEFINITION_SHAPE($,$,#151);
#2020=PRODUCT_DEFINITION_SHAPE($,$,#152);
#2021=PRODUCT_DEFINITION_SHAPE($,$,#153);
#2022=PRODUCT_DEFINITION_SHAPE($,$,#154);
#2023=PRODUCT_DEFINITION_SHAPE($,$,#155);
#2024=PRODUCT_DEFINITION_SHAPE($,$,#156);
#2025=PRODUCT_DEFINITION_SHAPE($,$,#157);
#2026=PRODUCT_DEFINITION_SHAPE($,$,#158);
#2027=PRODUCT_DEFINITION_SHAPE($,$,#159);
#2028=PRODUCT_DEFINITION_SHAPE($,$,#160);
#2029=PRODUCT_DEFINITION_SHAPE($,$,#161);
#2030=PRODUCT_DEFINITION_SHAPE($,$,#162);
#2031=SHAPE_REPRESENTATION('',(#1267,#1373,#1374,#1375,#1376,#1377,#1378,
#1379,#1380,#1381,#1382,#1383,#1384,#1385,#1386,#1387,#1388,#1389,#1390,
#1391,#1392,#1393,#1394,#1395,#1396,#1397,#1398,#1399,#1400,#1401,#1402,
#1403,#1404,#1405,#1406,#1407,#1408,#1409,#1410),#1937);
#2032=SHAPE_REPRESENTATION('',(#1268),#1938);
#2033=SHAPE_REPRESENTATION('',(#1276),#1939);
#2034=SHAPE_REPRESENTATION('',(#1289),#1940);
#2035=SHAPE_REPRESENTATION('',(#1295),#1941);
#2036=SHAPE_REPRESENTATION('',(#1301),#1942);
#2037=SHAPE_REPRESENTATION('',(#1307),#1943);
#2038=SHAPE_REPRESENTATION('',(#1313),#1944);
#2039=SHAPE_REPRESENTATION('',(#1319),#1945);
#2040=SHAPE_REPRESENTATION('',(#1325),#1946);
#2041=SHAPE_REPRESENTATION('',(#1331),#1947);
#2042=SHAPE_REPRESENTATION('',(#1337),#1948);
#2043=SHAPE_REPRESENTATION('',(#1343),#1949);
#2044=SHAPE_REPRESENTATION('',(#1349),#1950);
#2045=SHAPE_REPRESENTATION('',(#1355),#1951);
#2046=SHAPE_REPRESENTATION('',(#1361),#1952);
#2047=SHAPE_REPRESENTATION('',(#1367),#1953);
#2048=PRODUCT_DEFINITION_CONTEXT('part definition',#2101,'design');
#2049=PRODUCT_DEFINITION('MultiPassSCAN_outsideIn-DFMOD_SCAN_COLOR',
'MultiPassSCAN_outsideIn-DFMOD_SCAN_COLOR',#2066,#2048);
#2050=PRODUCT_DEFINITION('BB1-E02-Solidworks','BB1-E02-Solidworks',#2067,
#2048);
#2051=PRODUCT_DEFINITION('LA1608-AB-2LOOP_grid','LA1608-AB-2LOOP_grid',
#2068,#2048);
#2052=PRODUCT_DEFINITION('LOOP1_COLL','LOOP1_COLL',#2069,#2048);
#2053=PRODUCT_DEFINITION('LOOP1_COLL_PREDEF1','LOOP1_COLL_PREDEF1',#2070,
#2048);
#2054=PRODUCT_DEFINITION('LOOP1_COLL_POSTDEF1','LOOP1_COLL_POSTDEF1',#2071,
#2048);
#2055=PRODUCT_DEFINITION('LOOP1_COLL_PREDEF2','LOOP1_COLL_PREDEF2',#2072,
#2048);
#2056=PRODUCT_DEFINITION('LOOP1_COLL_POSTDEF2','LOOP1_COLL_POSTDEF2',#2073,
#2048);
#2057=PRODUCT_DEFINITION('LOOP2_COLL_PREDEF1','LOOP2_COLL_PREDEF1',#2074,
#2048);
#2058=PRODUCT_DEFINITION('LOOP2_COLL_POSTDEF1','LOOP2_COLL_POSTDEF1',#2075,
#2048);
#2059=PRODUCT_DEFINITION('LOOP2_COLL_PREDEF2','LOOP2_COLL_PREDEF2',#2076,
#2048);
#2060=PRODUCT_DEFINITION('LOOP2_COLL_POSTDEF2','LOOP2_COLL_POSTDEF2',#2077,
#2048);
#2061=PRODUCT_DEFINITION('LaserBeamEntry2_UNDEF',
'LaserBeamEntry2_UNDEF',#2078,#2048);
#2062=PRODUCT_DEFINITION('LaserBeamEntry2_LOOP1DEF1',
'LaserBeamEntry2_LOOP1DEF1',#2079,#2048);
#2063=PRODUCT_DEFINITION('LaserBeamEntry2_LOOP1DEF2',
'LaserBeamEntry2_LOOP1DEF2',#2080,#2048);
#2064=PRODUCT_DEFINITION('LaserBeamEntry2_LOOP2DEF1',
'LaserBeamEntry2_LOOP2DEF1',#2081,#2048);
#2065=PRODUCT_DEFINITION('LaserBeamEntry2_LOOP2DEF2',
'LaserBeamEntry2_LOOP2DEF2',#2082,#2048);
#2066=PRODUCT_DEFINITION_FORMATION('',$,#2103);
#2067=PRODUCT_DEFINITION_FORMATION('',$,#2104);
#2068=PRODUCT_DEFINITION_FORMATION('',$,#2105);
#2069=PRODUCT_DEFINITION_FORMATION('',$,#2106);
#2070=PRODUCT_DEFINITION_FORMATION('',$,#2107);
#2071=PRODUCT_DEFINITION_FORMATION('',$,#2108);
#2072=PRODUCT_DEFINITION_FORMATION('',$,#2109);
#2073=PRODUCT_DEFINITION_FORMATION('',$,#2110);
#2074=PRODUCT_DEFINITION_FORMATION('',$,#2111);
#2075=PRODUCT_DEFINITION_FORMATION('',$,#2112);
#2076=PRODUCT_DEFINITION_FORMATION('',$,#2113);
#2077=PRODUCT_DEFINITION_FORMATION('',$,#2114);
#2078=PRODUCT_DEFINITION_FORMATION('',$,#2115);
#2079=PRODUCT_DEFINITION_FORMATION('',$,#2116);
#2080=PRODUCT_DEFINITION_FORMATION('',$,#2117);
#2081=PRODUCT_DEFINITION_FORMATION('',$,#2118);
#2082=PRODUCT_DEFINITION_FORMATION('',$,#2119);
#2083=PRODUCT_RELATED_PRODUCT_CATEGORY(
'MultiPassSCAN_outsideIn-DFMOD_SCAN_COLOR',
'MultiPassSCAN_outsideIn-DFMOD_SCAN_COLOR',(#2103));
#2084=PRODUCT_RELATED_PRODUCT_CATEGORY('BB1-E02-Solidworks',
'BB1-E02-Solidworks',(#2104));
#2085=PRODUCT_RELATED_PRODUCT_CATEGORY('LA1608-AB-2LOOP_grid',
'LA1608-AB-2LOOP_grid',(#2105));
#2086=PRODUCT_RELATED_PRODUCT_CATEGORY('LOOP1_COLL','LOOP1_COLL',(#2106));
#2087=PRODUCT_RELATED_PRODUCT_CATEGORY('LOOP1_COLL_PREDEF1',
'LOOP1_COLL_PREDEF1',(#2107));
#2088=PRODUCT_RELATED_PRODUCT_CATEGORY('LOOP1_COLL_POSTDEF1',
'LOOP1_COLL_POSTDEF1',(#2108));
#2089=PRODUCT_RELATED_PRODUCT_CATEGORY('LOOP1_COLL_PREDEF2',
'LOOP1_COLL_PREDEF2',(#2109));
#2090=PRODUCT_RELATED_PRODUCT_CATEGORY('LOOP1_COLL_POSTDEF2',
'LOOP1_COLL_POSTDEF2',(#2110));
#2091=PRODUCT_RELATED_PRODUCT_CATEGORY('LOOP2_COLL_PREDEF1',
'LOOP2_COLL_PREDEF1',(#2111));
#2092=PRODUCT_RELATED_PRODUCT_CATEGORY('LOOP2_COLL_POSTDEF1',
'LOOP2_COLL_POSTDEF1',(#2112));
#2093=PRODUCT_RELATED_PRODUCT_CATEGORY('LOOP2_COLL_PREDEF2',
'LOOP2_COLL_PREDEF2',(#2113));
#2094=PRODUCT_RELATED_PRODUCT_CATEGORY('LOOP2_COLL_POSTDEF2',
'LOOP2_COLL_POSTDEF2',(#2114));
#2095=PRODUCT_RELATED_PRODUCT_CATEGORY('LaserBeamEntry2_UNDEF',
'LaserBeamEntry2_UNDEF',(#2115));
#2096=PRODUCT_RELATED_PRODUCT_CATEGORY('LaserBeamEntry2_LOOP1DEF1',
'LaserBeamEntry2_LOOP1DEF1',(#2116));
#2097=PRODUCT_RELATED_PRODUCT_CATEGORY('LaserBeamEntry2_LOOP1DEF2',
'LaserBeamEntry2_LOOP1DEF2',(#2117));
#2098=PRODUCT_RELATED_PRODUCT_CATEGORY('LaserBeamEntry2_LOOP2DEF1',
'LaserBeamEntry2_LOOP2DEF1',(#2118));
#2099=PRODUCT_RELATED_PRODUCT_CATEGORY('LaserBeamEntry2_LOOP2DEF2',
'LaserBeamEntry2_LOOP2DEF2',(#2119));
#2100=APPLICATION_PROTOCOL_DEFINITION('international standard',
'automotive_design',2009,#2101);
#2101=APPLICATION_CONTEXT(
'Core Data for Automotive Mechanical Design Process');
#2102=PRODUCT_CONTEXT('part definition',#2101,'mechanical');
#2103=PRODUCT('MultiPassSCAN_outsideIn-DFMOD_SCAN_COLOR',
'MultiPassSCAN_outsideIn-DFMOD_SCAN_COLOR',$,(#2102));
#2104=PRODUCT('BB1-E02-Solidworks','BB1-E02-Solidworks',$,(#2102));
#2105=PRODUCT('LA1608-AB-2LOOP_grid','LA1608-AB-2LOOP_grid',$,(#2102));
#2106=PRODUCT('LOOP1_COLL','LOOP1_COLL',$,(#2102));
#2107=PRODUCT('LOOP1_COLL_PREDEF1','LOOP1_COLL_PREDEF1',$,(#2102));
#2108=PRODUCT('LOOP1_COLL_POSTDEF1','LOOP1_COLL_POSTDEF1',$,(#2102));
#2109=PRODUCT('LOOP1_COLL_PREDEF2','LOOP1_COLL_PREDEF2',$,(#2102));
#2110=PRODUCT('LOOP1_COLL_POSTDEF2','LOOP1_COLL_POSTDEF2',$,(#2102));
#2111=PRODUCT('LOOP2_COLL_PREDEF1','LOOP2_COLL_PREDEF1',$,(#2102));
#2112=PRODUCT('LOOP2_COLL_POSTDEF1','LOOP2_COLL_POSTDEF1',$,(#2102));
#2113=PRODUCT('LOOP2_COLL_PREDEF2','LOOP2_COLL_PREDEF2',$,(#2102));
#2114=PRODUCT('LOOP2_COLL_POSTDEF2','LOOP2_COLL_POSTDEF2',$,(#2102));
#2115=PRODUCT('LaserBeamEntry2_UNDEF','LaserBeamEntry2_UNDEF',$,(#2102));
#2116=PRODUCT('LaserBeamEntry2_LOOP1DEF1','LaserBeamEntry2_LOOP1DEF1',$,
(#2102));
#2117=PRODUCT('LaserBeamEntry2_LOOP1DEF2','LaserBeamEntry2_LOOP1DEF2',$,
(#2102));
#2118=PRODUCT('LaserBeamEntry2_LOOP2DEF1','LaserBeamEntry2_LOOP2DEF1',$,
(#2102));
#2119=PRODUCT('LaserBeamEntry2_LOOP2DEF2','LaserBeamEntry2_LOOP2DEF2',$,
(#2102));
ENDSEC;
END-ISO-10303-21;
